ws_name,layer_name,ext,filename,drive_file_id
WS_BENGKULU_ALAS_TALO,RURHLDAS,shp,RURHLDAS_WS_BENGKULU_ALAS_TALO.shp,1oDClIwDmYk2aqPwpxQuM1UPq2rMhvYtJ
WS_BENGKULU_ALAS_TALO,RURHLDAS,cpg,RURHLDAS_WS_BENGKULU_ALAS_TALO.cpg,1aRTkgSO7teonlqnbK9WTSX1RHai2uRpH
WS_BENGKULU_ALAS_TALO,RURHLDAS,prj,RURHLDAS_WS_BENGKULU_ALAS_TALO.prj,1u_KtOjUUIdFukqCWqBKZQ16MFi1vLt2y
WS_BENGKULU_ALAS_TALO,RURHLDAS,dbf,RURHLDAS_WS_BENGKULU_ALAS_TALO.dbf,1k1PFvnVuQcxCtiLFq16Ly_aPrRMhF6Ty
WS_BENGKULU_ALAS_TALO,RURHLDAS,shx,RURHLDAS_WS_BENGKULU_ALAS_TALO.shx,1azIYHVDf2pdiz4Bqhnat_AVIIAm0CdjP
WS_BENGKULU_ALAS_TALO,TutupanLahan,prj,TutupanLahan_WS_BENGKULU_ALAS_TALO.prj,1R32hy8rB9JCKS97S1Wem7dc6UAyzzKYv
WS_BENGKULU_ALAS_TALO,TutupanLahan,cpg,TutupanLahan_WS_BENGKULU_ALAS_TALO.cpg,1gS__Hhe-qvXL8W9aKPRe-Pw-TxiVdIEm
WS_BENGKULU_ALAS_TALO,TutupanLahan,shx,TutupanLahan_WS_BENGKULU_ALAS_TALO.shx,1_aWt-x2mScLLfMWLQeI0JywaEoSnzEXs
WS_BENGKULU_ALAS_TALO,TutupanLahan,shp,TutupanLahan_WS_BENGKULU_ALAS_TALO.shp,1FUCxv3FrBRGTIIs0GIi-sbHnjKBMpkyQ
WS_BENGKULU_ALAS_TALO,TutupanLahan,dbf,TutupanLahan_WS_BENGKULU_ALAS_TALO.dbf,1O6dUHpqhBhFTn_w3PEvsm_vZAWm52kkb
WS_BENGKULU_ALAS_TALO,KawasanHutan,prj,KawasanHutan_WS_BENGKULU_ALAS_TALO.prj,1WfyRWe3opvGHEuNMS6QIs3P03fNVtvhI
WS_BENGKULU_ALAS_TALO,KawasanHutan,cpg,KawasanHutan_WS_BENGKULU_ALAS_TALO.cpg,10oVohKaDM-OYxb8Mh4FMZtY5G2Hn_8wX
WS_BENGKULU_ALAS_TALO,KawasanHutan,dbf,KawasanHutan_WS_BENGKULU_ALAS_TALO.dbf,1FwbSsz8uB4Yv9mywvRNC-D8qKa0jDK8B
WS_BENGKULU_ALAS_TALO,KawasanHutan,shx,KawasanHutan_WS_BENGKULU_ALAS_TALO.shx,16naAN0XTwIOPkxqG02cKwpIMUuHKOtV-
WS_BENGKULU_ALAS_TALO,KawasanHutan,shp,KawasanHutan_WS_BENGKULU_ALAS_TALO.shp,1Q-3NtrevWxDJm33SPRRk9V7NzpR5ICsX
WS_BENGKULU_ALAS_TALO,JenisTanah,shx,JenisTanah_WS_BENGKULU_ALAS_TALO.shx,1pQsfAY5y1_iqR3aiUSvDaKgxnWCU4_cw
WS_BENGKULU_ALAS_TALO,JenisTanah,dbf,JenisTanah_WS_BENGKULU_ALAS_TALO.dbf,1hloRCNVc6CViBV5RwiU_TOOOZ-5yhMyx
WS_BENGKULU_ALAS_TALO,JenisTanah,cpg,JenisTanah_WS_BENGKULU_ALAS_TALO.cpg,1iafFBHM515VvN1ZZt4bNzDKMkLSIXJk6
WS_BENGKULU_ALAS_TALO,JenisTanah,prj,JenisTanah_WS_BENGKULU_ALAS_TALO.prj,1mrmwByrR_j0KUV9-oOb42XejtKAQo0Hj
WS_BENGKULU_ALAS_TALO,JenisTanah,shp,JenisTanah_WS_BENGKULU_ALAS_TALO.shp,1Q-C0OniQkhUeRoWwYo-9sKD-hvShBpPO
WS_BENGKULU_ALAS_TALO,Erosi,cpg,Erosi_WS_BENGKULU_ALAS_TALO.cpg,11JxyTBkt9zkYyuxQzbWhS3FtCwhn-8j5
WS_BENGKULU_ALAS_TALO,Erosi,shp,Erosi_WS_BENGKULU_ALAS_TALO.shp,1a_8OgpHM58u7hu01N5_SEaq-eZ_sMzLW
WS_BENGKULU_ALAS_TALO,Erosi,shx,Erosi_WS_BENGKULU_ALAS_TALO.shx,1shNjti7we-G_bzQMPwfRR46G8ATXToB6
WS_BENGKULU_ALAS_TALO,Erosi,dbf,Erosi_WS_BENGKULU_ALAS_TALO.dbf,1rVi85oHFmb0Ml7wzzp_r-Mn31EapxN5Y
WS_BENGKULU_ALAS_TALO,Erosi,prj,Erosi_WS_BENGKULU_ALAS_TALO.prj,1-SSgPYfyxjx7AYqF7WxqsJhdEIsZDwzG
WS_BENGKALIS_MERANTI,RURHLDAS,prj,RURHLDAS_WS_BENGKALIS_MERANTI.prj,13i6Msexi_OdBmmTbVpjzG8RGVew3jvx_
WS_BENGKALIS_MERANTI,RURHLDAS,cpg,RURHLDAS_WS_BENGKALIS_MERANTI.cpg,1OWm4zY7YfkGXL-XRaV97Px4LwXKF2oDt
WS_BENGKALIS_MERANTI,RURHLDAS,shp,RURHLDAS_WS_BENGKALIS_MERANTI.shp,1idjhxf1QgVI56s4x0BvZ_Jj_MwTDa9vY
WS_BENGKALIS_MERANTI,RURHLDAS,dbf,RURHLDAS_WS_BENGKALIS_MERANTI.dbf,15830MRVIRLFrr2KvnK76nznvUIpdSZPz
WS_BENGKALIS_MERANTI,RURHLDAS,shx,RURHLDAS_WS_BENGKALIS_MERANTI.shx,1LPcV9sC3Bzbc3xgNG6nuIQa75enEpti0
WS_BENGKALIS_MERANTI,TutupanLahan,dbf,TutupanLahan_WS_BENGKALIS_MERANTI.dbf,1XIpBmBDONsS7LT7RkvDUlIQj4xadEGxr
WS_BENGKALIS_MERANTI,TutupanLahan,cpg,TutupanLahan_WS_BENGKALIS_MERANTI.cpg,1QkHYedqV77slTvhleKrgMgiwktthn0Pk
WS_BENGKALIS_MERANTI,TutupanLahan,prj,TutupanLahan_WS_BENGKALIS_MERANTI.prj,12RP3bT8EmY8ohHKDe_BkBui4hf1plyZs
WS_BENGKALIS_MERANTI,TutupanLahan,shx,TutupanLahan_WS_BENGKALIS_MERANTI.shx,1mR0M-wDe_urYWjtEl83JN7bvuElby3Ba
WS_BENGKALIS_MERANTI,TutupanLahan,shp,TutupanLahan_WS_BENGKALIS_MERANTI.shp,170Qm9r_HGkgZoFE0ZmMcDuTXs5kRnrgh
WS_BENGKALIS_MERANTI,KawasanHutan,prj,KawasanHutan_WS_BENGKALIS_MERANTI.prj,1jqMC7O3uEs_BfB0ps51-depQgNZzji4v
WS_BENGKALIS_MERANTI,KawasanHutan,dbf,KawasanHutan_WS_BENGKALIS_MERANTI.dbf,1iboG_CSP3eNzOUBphBfoq0dmHqtYpNdJ
WS_BENGKALIS_MERANTI,KawasanHutan,shp,KawasanHutan_WS_BENGKALIS_MERANTI.shp,1CCevl9aA8hYIl-TAUrlhfZo7Jhr0vhuH
WS_BENGKALIS_MERANTI,KawasanHutan,shx,KawasanHutan_WS_BENGKALIS_MERANTI.shx,1skJA3Wd6vRz37gdfrIqXCgxg6Tf4o38T
WS_BENGKALIS_MERANTI,KawasanHutan,cpg,KawasanHutan_WS_BENGKALIS_MERANTI.cpg,13luhm-pZWyTSLCpAE3VDZBgK1QkI_bM5
WS_BENGKALIS_MERANTI,JenisTanah,prj,JenisTanah_WS_BENGKALIS_MERANTI.prj,1Hen4B6tl-Gf8tAnV_r2yqiDA9YlmXNij
WS_BENGKALIS_MERANTI,JenisTanah,shp,JenisTanah_WS_BENGKALIS_MERANTI.shp,12rPmgOaSWaktwSrPgVGi79aPcyRC9i_i
WS_BENGKALIS_MERANTI,JenisTanah,cpg,JenisTanah_WS_BENGKALIS_MERANTI.cpg,1hwsYIdnzjI_3NR6K1gcI-vjcmtouL-9Y
WS_BENGKALIS_MERANTI,JenisTanah,shx,JenisTanah_WS_BENGKALIS_MERANTI.shx,1N5o05wKmPXpunrFDMufEOmYhnFhEIEo1
WS_BENGKALIS_MERANTI,JenisTanah,dbf,JenisTanah_WS_BENGKALIS_MERANTI.dbf,1LbVUR6YMKHe6fmgCO-dUo8WJeaz3Njri
WS_BENGKALIS_MERANTI,Erosi,prj,Erosi_WS_BENGKALIS_MERANTI.prj,1yyaV4W0LIzTI2e4g1X_6k1qN2GcyQGj6
WS_BENGKALIS_MERANTI,Erosi,shp,Erosi_WS_BENGKALIS_MERANTI.shp,1on3QrJPgb1O_4wBwYkWkr2w67ch6BDZq
WS_BENGKALIS_MERANTI,Erosi,shx,Erosi_WS_BENGKALIS_MERANTI.shx,13f4imei4j8hMTqAtutoi0QSRpxR9WzAn
WS_BENGKALIS_MERANTI,Erosi,dbf,Erosi_WS_BENGKALIS_MERANTI.dbf,12iIxo7RI7X7AehhuYhH8xP3fOGoxNYk9
WS_BENGKALIS_MERANTI,Erosi,cpg,Erosi_WS_BENGKALIS_MERANTI.cpg,1_tIgQlYGeC5T-S7azDuX-waQVc3gmEaa
WS_BENGAWAN_SOLO,RURHLDAS,shx,RURHLDAS_WS_BENGAWAN_SOLO.shx,1im-NC9FhxSA6ifAU7Hsso1lfgQbksZIw
WS_BENGAWAN_SOLO,RURHLDAS,dbf,RURHLDAS_WS_BENGAWAN_SOLO.dbf,1PCY0USgc_Zvja3E3yk0eIih1Y6j50W_h
WS_BENGAWAN_SOLO,RURHLDAS,shp,RURHLDAS_WS_BENGAWAN_SOLO.shp,1utBLBJ4d2n737UvuGj0urY-KRI7sQcvn
WS_BENGAWAN_SOLO,RURHLDAS,cpg,RURHLDAS_WS_BENGAWAN_SOLO.cpg,1cor-pTS9GqqWK3R_-LPM40D24Iv7KLxb
WS_BENGAWAN_SOLO,RURHLDAS,prj,RURHLDAS_WS_BENGAWAN_SOLO.prj,1AM8scwniMy9nmROf6pE1N6qYcRya6v__
WS_BENGAWAN_SOLO,TutupanLahan,shp,TutupanLahan_WS_BENGAWAN_SOLO.shp,1Gqg3EUfMWOPBeiCsfAJGe_3mVuWW4k6e
WS_BENGAWAN_SOLO,TutupanLahan,dbf,TutupanLahan_WS_BENGAWAN_SOLO.dbf,1YCmUVqrOuqu9jgzEf-5NKMngJQf9tJRM
WS_BENGAWAN_SOLO,TutupanLahan,shx,TutupanLahan_WS_BENGAWAN_SOLO.shx,1jwarICrUc_nW_j6cpLiA0BZndZn62hF0
WS_BENGAWAN_SOLO,TutupanLahan,cpg,TutupanLahan_WS_BENGAWAN_SOLO.cpg,1oddx81x-6t4y1whFc7FuNZc2Q3jYC1E2
WS_BENGAWAN_SOLO,TutupanLahan,prj,TutupanLahan_WS_BENGAWAN_SOLO.prj,1XsRxmy3FBenW70OFKPNIxHhlNceHcpNQ
WS_BENGAWAN_SOLO,KawasanHutan,cpg,KawasanHutan_WS_BENGAWAN_SOLO.cpg,10wgOj4v5G7hIrr7I8md0X65lobpxur2M
WS_BENGAWAN_SOLO,KawasanHutan,dbf,KawasanHutan_WS_BENGAWAN_SOLO.dbf,190hHruAQI6H8e4ElE5gwEdIiLvN7AAJ4
WS_BENGAWAN_SOLO,KawasanHutan,prj,KawasanHutan_WS_BENGAWAN_SOLO.prj,1XgRMZ7OjbvFaeiHmxz1zxdowTkXy8d11
WS_BENGAWAN_SOLO,KawasanHutan,shp,KawasanHutan_WS_BENGAWAN_SOLO.shp,1RuPpfdvUvQLFjyHty4COrcKqjrESG4nt
WS_BENGAWAN_SOLO,KawasanHutan,shx,KawasanHutan_WS_BENGAWAN_SOLO.shx,1t6o_VG3eaL9_TU4LeIj-h7O0FN8cU_0X
WS_BENGAWAN_SOLO,JenisTanah,cpg,JenisTanah_WS_BENGAWAN_SOLO.cpg,1B8TqPZuurZD2UFHuZH4ZrrfSX-aVo20-
WS_BENGAWAN_SOLO,JenisTanah,shx,JenisTanah_WS_BENGAWAN_SOLO.shx,1hyCEfl5Z6eJWbFk_b7wDChnV2f_ryZgP
WS_BENGAWAN_SOLO,JenisTanah,prj,JenisTanah_WS_BENGAWAN_SOLO.prj,1bXMyWw0tZN-aE4snzqY60XXy5cGjrb6q
WS_BENGAWAN_SOLO,JenisTanah,shp,JenisTanah_WS_BENGAWAN_SOLO.shp,1bOtgqnDd2CGlh12NdyIanAdyYoDcXOsx
WS_BENGAWAN_SOLO,JenisTanah,dbf,JenisTanah_WS_BENGAWAN_SOLO.dbf,12oTfB_9B-2yiryWcY38bhiA8AyH77PB2
WS_BENGAWAN_SOLO,Erosi,dbf,Erosi_WS_BENGAWAN_SOLO.dbf,1RI7DmQIqhZQQ8HihX4wap2bBQ1hm_JXx
WS_BENGAWAN_SOLO,Erosi,shp,Erosi_WS_BENGAWAN_SOLO.shp,1WweTFHpFK5JXCLiarOIi2xn8kMZmPxii
WS_BENGAWAN_SOLO,Erosi,shx,Erosi_WS_BENGAWAN_SOLO.shx,1yVpd2hsXj7p7Viqd2m0eyLWXtafv69aQ
WS_BENGAWAN_SOLO,Erosi,cpg,Erosi_WS_BENGAWAN_SOLO.cpg,1tgcJBQ-1fGSttSbPrn7wvvia52QxMOgn
WS_BENGAWAN_SOLO,Erosi,prj,Erosi_WS_BENGAWAN_SOLO.prj,1XRc3b_5fZyxIVn2b-5fqWwhdUkUoxFn5
WS_BENAIN,RURHLDAS,shp,RURHLDAS_WS_BENAIN.shp,1BnKIpOWYl-KLA4HzEGtW6ofbpKFsm0Y2
WS_BENAIN,RURHLDAS,prj,RURHLDAS_WS_BENAIN.prj,1toDHuRnMLBvswuvziFNuEVeacQ2O-nRf
WS_BENAIN,RURHLDAS,shx,RURHLDAS_WS_BENAIN.shx,1Wdl2MbMBvmGUHs146Owd-IBqkwNJU4Mz
WS_BENAIN,RURHLDAS,dbf,RURHLDAS_WS_BENAIN.dbf,1xbdgTXjTh_3isQ8qbEZg4PL6IoomCoku
WS_BENAIN,RURHLDAS,cpg,RURHLDAS_WS_BENAIN.cpg,1xh1Bl5oqI-7JYAbQfZL0nKuxb1wOoGMv
WS_BENAIN,TutupanLahan,dbf,TutupanLahan_WS_BENAIN.dbf,1_WxlHMy-97clOsKWxLqg24uKpXIToosR
WS_BENAIN,TutupanLahan,shp,TutupanLahan_WS_BENAIN.shp,1Cg1fgmcQkfCXWkojWyX2GEGtf6NT_pCz
WS_BENAIN,TutupanLahan,shx,TutupanLahan_WS_BENAIN.shx,1IGnTNES_5RIK1YxAziNmwFfio7oirvSZ
WS_BENAIN,TutupanLahan,prj,TutupanLahan_WS_BENAIN.prj,1xIeely4DViGYQOiOYPejpknFbqC6wU6d
WS_BENAIN,TutupanLahan,cpg,TutupanLahan_WS_BENAIN.cpg,1sL0Jju2LT4pxFIjoUtWEXMwfjgjhKlaC
WS_BENAIN,KawasanHutan,shp,KawasanHutan_WS_BENAIN.shp,1eRRVdJYoRT1RMWaXV8c7q9w4DgFbKkqO
WS_BENAIN,KawasanHutan,dbf,KawasanHutan_WS_BENAIN.dbf,197X0tMm6NUR0JcG798jrgkLbCuLyhgpo
WS_BENAIN,KawasanHutan,shx,KawasanHutan_WS_BENAIN.shx,1BIs7CsLtMRR1_zp19_8ffsZkY4IetClb
WS_BENAIN,KawasanHutan,cpg,KawasanHutan_WS_BENAIN.cpg,1ZTaOxhp33HPsMskkLnVisObgTNLFyhSa
WS_BENAIN,KawasanHutan,prj,KawasanHutan_WS_BENAIN.prj,1ng7K7Ve74yWR8kRRgD685rVFsjzb_TTf
WS_BENAIN,JenisTanah,shx,JenisTanah_WS_BENAIN.shx,1YwIJDLaeTeI1Za1sGBxj3EPC5xSlY-c8
WS_BENAIN,JenisTanah,prj,JenisTanah_WS_BENAIN.prj,1cTsbJQ8chU1iIawPGYzgzCYlEswWnvd4
WS_BENAIN,JenisTanah,dbf,JenisTanah_WS_BENAIN.dbf,1XMGkXSQ90yLSwQD66IW7ASw8A9MqSnMj
WS_BENAIN,JenisTanah,cpg,JenisTanah_WS_BENAIN.cpg,1f6VL52bA_Dg8qQG4OSEZsEAIGYBX0lRx
WS_BENAIN,JenisTanah,shp,JenisTanah_WS_BENAIN.shp,1YHIfOfCsz9qsZ19FSmCyYWkgdpix1Q8a
WS_BENAIN,Erosi,shx,Erosi_WS_BENAIN.shx,13HJ8Lt1QEQpm6RFRLYjRh5SS4kYRDQAq
WS_BENAIN,Erosi,prj,Erosi_WS_BENAIN.prj,14NEzORjAsqabbKn4VBpWrO5mmOzVZFbn
WS_BENAIN,Erosi,dbf,Erosi_WS_BENAIN.dbf,1gH4U85vXwxNmrNy0FnJxAoo5yERZg_xH
WS_BENAIN,Erosi,cpg,Erosi_WS_BENAIN.cpg,1pl2frSSwNFOsVP41cpm8IFn2CDji9K1t
WS_BENAIN,Erosi,shp,Erosi_WS_BENAIN.shp,1MdYypVx3WcnFMAOt6lWUlUeivRflKv0O
WS_BATANGHARI,RURHLDAS,shx,RURHLDAS_WS_BATANGHARI.shx,1Z81gdoYd9dpUTIwz270yGl7tCTpMt575
WS_BATANGHARI,RURHLDAS,cpg,RURHLDAS_WS_BATANGHARI.cpg,11rZ-Ss4us9uwWzkSZD5j-xqD2pYPYZI2
WS_BATANGHARI,RURHLDAS,dbf,RURHLDAS_WS_BATANGHARI.dbf,1hkRuN74tox4uIgWWaLRdsVvMi4jgopxB
WS_BATANGHARI,RURHLDAS,prj,RURHLDAS_WS_BATANGHARI.prj,1F_sSmz3SZXyTqeWUGFDAI-iJsoECQCoR
WS_BATANGHARI,RURHLDAS,shp,RURHLDAS_WS_BATANGHARI.shp,1yipohCA2c5I-XUYsGe9Lz9l6y7V1RKnS
WS_BATANGHARI,TutupanLahan,dbf,TutupanLahan_WS_BATANGHARI.dbf,1wTZgvbXQ_twfw9NWxBnRF-oeJRjiM617
WS_BATANGHARI,TutupanLahan,shp,TutupanLahan_WS_BATANGHARI.shp,16V2N2_8eijYN3hoXEtH-vpW9ZG5MGcpD
WS_BATANGHARI,TutupanLahan,shx,TutupanLahan_WS_BATANGHARI.shx,1x142ErK5RR1CmCUj3xLu1sZ32LuG3IYQ
WS_BATANGHARI,TutupanLahan,cpg,TutupanLahan_WS_BATANGHARI.cpg,1Edf2R2N297poRxyl8BR4jlgJmXC21PZ0
WS_BATANGHARI,TutupanLahan,prj,TutupanLahan_WS_BATANGHARI.prj,160qe0zmlbjnwxThJkwWrSU3ePVufK4Bm
WS_BATANGHARI,KawasanHutan,shp,KawasanHutan_WS_BATANGHARI.shp,11bnVuH1zebUKufIewSl1KTDAbB35wtEg
WS_BATANGHARI,KawasanHutan,prj,KawasanHutan_WS_BATANGHARI.prj,1Zr-PN9dxbb4AH_9gXvpq4AiBtBHhi8_7
WS_BATANGHARI,KawasanHutan,cpg,KawasanHutan_WS_BATANGHARI.cpg,16MSsd1C-sJ7EMp-wPaanynTT6G15dUFU
WS_BATANGHARI,KawasanHutan,dbf,KawasanHutan_WS_BATANGHARI.dbf,1pKwdnXweY8Bn5zVcQtrNehx7JoUBM3ZG
WS_BATANGHARI,KawasanHutan,shx,KawasanHutan_WS_BATANGHARI.shx,1MF5AUxzt3EWauYtCLO-ioBkLBzXtI9P8
WS_BATANGHARI,JenisTanah,dbf,JenisTanah_WS_BATANGHARI.dbf,13fCP-b-D4idazxCuKN1oV9TrNT3_9tNl
WS_BATANGHARI,JenisTanah,prj,JenisTanah_WS_BATANGHARI.prj,1sZ6NMwKHHjB2_zVgZELSnd7s2Xrwdb5u
WS_BATANGHARI,JenisTanah,shp,JenisTanah_WS_BATANGHARI.shp,1b0vEXkI4pyTkOrEI0lT9hVUG5bDP2kXE
WS_BATANGHARI,JenisTanah,cpg,JenisTanah_WS_BATANGHARI.cpg,1m4aRA-4kbcrld4TlXEzlpJ3besOtbP6B
WS_BATANGHARI,JenisTanah,shx,JenisTanah_WS_BATANGHARI.shx,1I7efOLNf-Q2LorydpsS0Wb5iCydLCB8u
WS_BATANGHARI,Erosi,dbf,Erosi_WS_BATANGHARI.dbf,17O3O5kPyB10TlQytQqhLpxR2q8bBb5JD
WS_BATANGHARI,Erosi,shx,Erosi_WS_BATANGHARI.shx,1VPbxmgvbvabo76Y5yurN7vKb14wY5C3Q
WS_BATANGHARI,Erosi,shp,Erosi_WS_BATANGHARI.shp,16eO9LdG8GfUXilVb61jwWvHIeR1KWZwa
WS_BATANGHARI,Erosi,prj,Erosi_WS_BATANGHARI.prj,1F53YhMSzBqlLNRpW6s1tZWaAmuT17OUM
WS_BATANGHARI,Erosi,cpg,Erosi_WS_BATANGHARI.cpg,1qUXkYqFJh7qju4Iwmuwb9TCh3aJlfkKt
WS_BARITO,RURHLDAS,dbf,RURHLDAS_WS_BARITO.dbf,1oZmJX0bfXFE82fC9tfzxxEHb-iy7Uqvr
WS_BARITO,RURHLDAS,shp,RURHLDAS_WS_BARITO.shp,1z1rABROnAk7REy84FN_ZeN0jMwJjUckI
WS_BARITO,RURHLDAS,shx,RURHLDAS_WS_BARITO.shx,1mgviqaGK7AphdPkZ3TzFAgZmojJokvjB
WS_BARITO,RURHLDAS,prj,RURHLDAS_WS_BARITO.prj,1SMvisQxF2IwlMErpTiDBiedWlzlN-U0q
WS_BARITO,RURHLDAS,cpg,RURHLDAS_WS_BARITO.cpg,1PPEP8zJjs65jamdTl0DTGum-yxDf-maU
WS_BARITO,TutupanLahan,dbf,TutupanLahan_WS_BARITO.dbf,1s8iqsiJrttjxtxpOkq3Wcf92UKQBA8bT
WS_BARITO,TutupanLahan,shx,TutupanLahan_WS_BARITO.shx,14mciIuqDDfJ-WkSLJAAmW-vtctOHs60e
WS_BARITO,TutupanLahan,shp,TutupanLahan_WS_BARITO.shp,1WNhlPSk0JtwyUG3ImleUorU2hB1nIsFC
WS_BARITO,TutupanLahan,prj,TutupanLahan_WS_BARITO.prj,1WKncuMPg3bgR2XC-eGG_v8bpRCH1bJu_
WS_BARITO,TutupanLahan,cpg,TutupanLahan_WS_BARITO.cpg,1CNFaqdhb5RGdV81JKaGrQJf_EenjGk_f
WS_BARITO,KawasanHutan,cpg,KawasanHutan_WS_BARITO.cpg,1hoR0Kuk4Ws1k6CoOa0uCfkQY7GOsc2TV
WS_BARITO,KawasanHutan,shx,KawasanHutan_WS_BARITO.shx,1r0CgeNGSQz772qHoPC3mDhUzkZIymWWI
WS_BARITO,KawasanHutan,shp,KawasanHutan_WS_BARITO.shp,1gIEB31KNhaLnMugsi7jreZHkHED1QN6Y
WS_BARITO,KawasanHutan,prj,KawasanHutan_WS_BARITO.prj,1l0v_rSzXUBSN_BMkHlXGtaFd2i-wQ5Td
WS_BARITO,KawasanHutan,dbf,KawasanHutan_WS_BARITO.dbf,1URFvUvv9bvCLmzCT32gnCxnvAT_D5bgB
WS_BARITO,JenisTanah,cpg,JenisTanah_WS_BARITO.cpg,1Z4cGwPaoaXOOa96TZteqiYo9UOc20q8h
WS_BARITO,JenisTanah,shp,JenisTanah_WS_BARITO.shp,1mS96z3UdHgPQ1fULvTMDk3MKZ_R-CXf5
WS_BARITO,JenisTanah,dbf,JenisTanah_WS_BARITO.dbf,1ASrOHQv71x_rpQPk3mJh2mSecDFEsWxm
WS_BARITO,JenisTanah,prj,JenisTanah_WS_BARITO.prj,1ddzRjR1YzP92ISKxjniP8pD77EwT7Sn5
WS_BARITO,JenisTanah,shx,JenisTanah_WS_BARITO.shx,1gz6cuWq0pyUENAaHhrcrUH8_ZnKM1Oqo
WS_BARITO,Erosi,dbf,Erosi_WS_BARITO.dbf,1QM6jdi7eWumWY94_l9txJf2Jk7xIJKUG
WS_BARITO,Erosi,shp,Erosi_WS_BARITO.shp,1o-7hB1iQeYCPkRyokDZKERFGVw_qs5WS
WS_BARITO,Erosi,shx,Erosi_WS_BARITO.shx,1j2pLCdqhagBqKbjXQayOzgaXFwnrw-z7
WS_BARITO,Erosi,cpg,Erosi_WS_BARITO.cpg,1iE3YBQA0f4_YBCNpvFa4Dfrn7Kp5r1Wb
WS_BARITO,Erosi,prj,Erosi_WS_BARITO.prj,1iQrR3dWAimKIRlHyJ054x7MUgg4R1aGl
WS_BARUMUN_KUALUH,RURHLDAS,dbf,RURHLDAS_WS_BARUMUN_KUALUH.dbf,1oQLOa1t_IoP-QN3atepsMQP0VGV3j7DD
WS_BARUMUN_KUALUH,RURHLDAS,cpg,RURHLDAS_WS_BARUMUN_KUALUH.cpg,1eck3ZMa0yT3LUyI7osPUyesD6Ni-TdVo
WS_BARUMUN_KUALUH,RURHLDAS,shx,RURHLDAS_WS_BARUMUN_KUALUH.shx,1aLovE3XCGqz7hExzu8jU29QeJ617KBGJ
WS_BARUMUN_KUALUH,RURHLDAS,prj,RURHLDAS_WS_BARUMUN_KUALUH.prj,1diAMp7ZTl53qXGBOnw7cvjMYywZYaj6L
WS_BARUMUN_KUALUH,RURHLDAS,shp,RURHLDAS_WS_BARUMUN_KUALUH.shp,1_lUfz0ALwMdu_yk3j7uhwV2NUDJEMcXt
WS_BARUMUN_KUALUH,TutupanLahan,dbf,TutupanLahan_WS_BARUMUN_KUALUH.dbf,1B3V1xiDiY1EDeZGer4KxWpqCpfaH5FJx
WS_BARUMUN_KUALUH,TutupanLahan,prj,TutupanLahan_WS_BARUMUN_KUALUH.prj,1TfTEYXYcNMA4XKADBdlb45aDY5g5wFuZ
WS_BARUMUN_KUALUH,TutupanLahan,cpg,TutupanLahan_WS_BARUMUN_KUALUH.cpg,1YEa3l7Y4AuvWcwd9unmhwfP9FaKfEVF7
WS_BARUMUN_KUALUH,TutupanLahan,shp,TutupanLahan_WS_BARUMUN_KUALUH.shp,18HlQAo2DJDBDC9BcZAVwy-jazwGOyXIC
WS_BARUMUN_KUALUH,TutupanLahan,shx,TutupanLahan_WS_BARUMUN_KUALUH.shx,1S-t8l04e4gLoBr8Hsdtwoaptn6YW_f5z
WS_BARUMUN_KUALUH,KawasanHutan,shx,KawasanHutan_WS_BARUMUN_KUALUH.shx,1S_2rFLuwXU5_W1zthYlpbGGSXneFRG9d
WS_BARUMUN_KUALUH,KawasanHutan,cpg,KawasanHutan_WS_BARUMUN_KUALUH.cpg,1F6XF5Zcqt87jYTQX8uR1Lmb7DrbTjMh6
WS_BARUMUN_KUALUH,KawasanHutan,shp,KawasanHutan_WS_BARUMUN_KUALUH.shp,1kyjntR7nx7zDjeTKOx9KIXvB7GwvnzVT
WS_BARUMUN_KUALUH,KawasanHutan,dbf,KawasanHutan_WS_BARUMUN_KUALUH.dbf,1leAo9cN2ADIuqK38lAoaRXJMfJ6T83IW
WS_BARUMUN_KUALUH,KawasanHutan,prj,KawasanHutan_WS_BARUMUN_KUALUH.prj,1bL4RVOD46XhHIqWbkvn5FuuWaCuMhAC3
WS_BARUMUN_KUALUH,JenisTanah,shp,JenisTanah_WS_BARUMUN_KUALUH.shp,1MfK8c0ZJ5JB9Ex1HnFHbsCgrlAoCL-jw
WS_BARUMUN_KUALUH,JenisTanah,shx,JenisTanah_WS_BARUMUN_KUALUH.shx,1Cwt7gRJNa8DeebZ_vlPtKSPe3RzXSoT2
WS_BARUMUN_KUALUH,JenisTanah,dbf,JenisTanah_WS_BARUMUN_KUALUH.dbf,1M0INV9BoQUYSfTkH1qCOlgrlABfLO3QA
WS_BARUMUN_KUALUH,JenisTanah,prj,JenisTanah_WS_BARUMUN_KUALUH.prj,1gFkwdJJ-KhtBBm_rFix7XGWWN_01Q7vi
WS_BARUMUN_KUALUH,JenisTanah,cpg,JenisTanah_WS_BARUMUN_KUALUH.cpg,1Xe0cr06rfWrh-kp8ku4PvmcGAAANX4WF
WS_BARUMUN_KUALUH,Erosi,shx,Erosi_WS_BARUMUN_KUALUH.shx,1dxpSIUP7jjUdPJnpDjiAN65_hjPp2oNM
WS_BARUMUN_KUALUH,Erosi,dbf,Erosi_WS_BARUMUN_KUALUH.dbf,1XE6VbivAaCNNNms0RhGtr_BVksdwyz25
WS_BARUMUN_KUALUH,Erosi,shp,Erosi_WS_BARUMUN_KUALUH.shp,1Ljvqh6M3DjxBqAKgqkPA-kVFdbmW0_Ps
WS_BARUMUN_KUALUH,Erosi,cpg,Erosi_WS_BARUMUN_KUALUH.cpg,1mMuQtvFTnecjPObd7dVWOmpzxGPzrcdo
WS_BARUMUN_KUALUH,Erosi,prj,Erosi_WS_BARUMUN_KUALUH.prj,1oz4oo3UAjOBzjs3GmdpD8yF1PltSWiiI
WS_BELITUNG,RURHLDAS,shx,RURHLDAS_WS_BELITUNG.shx,1AMDBtFPDae_UK7ywO1OSo0-_jZ-AzkeN
WS_BELITUNG,RURHLDAS,cpg,RURHLDAS_WS_BELITUNG.cpg,1IPu8TnPS0AS2r-cJ725IGekoqxDmkILf
WS_BELITUNG,RURHLDAS,shp,RURHLDAS_WS_BELITUNG.shp,1UySTOw-BZuyIANYdq0wOa_9__C3tgnKP
WS_BELITUNG,RURHLDAS,prj,RURHLDAS_WS_BELITUNG.prj,1Fpnm6nGE-yqUnxgMpFgRnmxxXtb64AiW
WS_BELITUNG,RURHLDAS,dbf,RURHLDAS_WS_BELITUNG.dbf,13vtlQOmIM_ZYPyQ4kFxlocH4cctWB2pY
WS_BELITUNG,TutupanLahan,cpg,TutupanLahan_WS_BELITUNG.cpg,1cSnZQPnEQtr2UbxJK0b6MpxrQwdjTOqm
WS_BELITUNG,TutupanLahan,shp,TutupanLahan_WS_BELITUNG.shp,1WicT1HIjRL-drNAq8dNEBfqNJdRnMMQa
WS_BELITUNG,TutupanLahan,prj,TutupanLahan_WS_BELITUNG.prj,1Fd1EtIByAgrvSVldOW4XqJikD42g4h8s
WS_BELITUNG,TutupanLahan,dbf,TutupanLahan_WS_BELITUNG.dbf,1PqviIM9uI1GtVa7cuM-X7-O8qa60DIVr
WS_BELITUNG,TutupanLahan,shx,TutupanLahan_WS_BELITUNG.shx,16LFPgvxCbFQNYe53CTcS6M3c1gDqN11m
WS_BELITUNG,KawasanHutan,prj,KawasanHutan_WS_BELITUNG.prj,1iJkKqDvllNtP97N5W7R6LDi2K8UJBBmQ
WS_BELITUNG,KawasanHutan,dbf,KawasanHutan_WS_BELITUNG.dbf,1gdDvLsQp0f3p0MBxBs9NwjTHYj5ev44-
WS_BELITUNG,KawasanHutan,shx,KawasanHutan_WS_BELITUNG.shx,18IEIbYYhxZjwq-r485E6iRnYcMVn4Dqt
WS_BELITUNG,KawasanHutan,cpg,KawasanHutan_WS_BELITUNG.cpg,15mZhS2u6X4z0B_U4Whiie49AoSVwKhU1
WS_BELITUNG,KawasanHutan,shp,KawasanHutan_WS_BELITUNG.shp,1jmLmDe4OI6sYud6G1dt_zAKS1I9C65Bg
WS_BELITUNG,JenisTanah,shx,JenisTanah_WS_BELITUNG.shx,1fR6kj0SXSS6nMiIgTxRK7dqoUeFEPj7N
WS_BELITUNG,JenisTanah,dbf,JenisTanah_WS_BELITUNG.dbf,1WzHT-jrjBaGFoW-luRnxbCgT4lctaNAe
WS_BELITUNG,JenisTanah,cpg,JenisTanah_WS_BELITUNG.cpg,1xXmuTbhSvvF3uYeRnMxYGUvx0Saaj6eP
WS_BELITUNG,JenisTanah,shp,JenisTanah_WS_BELITUNG.shp,1JUkGJDFHNrsUU8h8QWv3qWBKPnNv-YmW
WS_BELITUNG,JenisTanah,prj,JenisTanah_WS_BELITUNG.prj,1zljESPcqbCbPyxb2r-nwozi34NJ3MCRB
WS_BELITUNG,Erosi,shx,Erosi_WS_BELITUNG.shx,1QN6-aSs-TY9-A0T8ixW98qDvSTicYnhY
WS_BELITUNG,Erosi,shp,Erosi_WS_BELITUNG.shp,10sZoNvhxfsBHolRbbE1Be8d1DsA5YeCY
WS_BELITUNG,Erosi,dbf,Erosi_WS_BELITUNG.dbf,1pFJXegf2wrl8VugQVOq0R59bDcPWtZX_
WS_BELITUNG,Erosi,cpg,Erosi_WS_BELITUNG.cpg,1LTP4ZbHusKFaC6Rd1i_1ZcX1mbP3pl7r
WS_BELITUNG,Erosi,prj,Erosi_WS_BELITUNG.prj,1XS1IIClu-ki3YYIkFswTI7tb-BTDClEC
WS_BATANG_GANGSAL,RURHLDAS,shx,RURHLDAS_WS_BATANG_GANGSAL.shx,1_cAYnGKNIZOVxKK3QVZAU8M6jl2e3UaM
WS_BATANG_GANGSAL,RURHLDAS,dbf,RURHLDAS_WS_BATANG_GANGSAL.dbf,16Biibi8w26UllAqQtrKH1rn_P2Vt6htZ
WS_BATANG_GANGSAL,RURHLDAS,prj,RURHLDAS_WS_BATANG_GANGSAL.prj,1E1Rv_dTqHsczKOVLMQ9gIXjBUkf8uxsZ
WS_BATANG_GANGSAL,RURHLDAS,shp,RURHLDAS_WS_BATANG_GANGSAL.shp,1EXIUBScks98l69mIQgNoQsfp3VPVzilr
WS_BATANG_GANGSAL,RURHLDAS,cpg,RURHLDAS_WS_BATANG_GANGSAL.cpg,1g7uwDHudoka7zqDLz8tgE_qbYjNqxQtA
WS_BATANG_GANGSAL,TutupanLahan,shp,TutupanLahan_WS_BATANG_GANGSAL.shp,16GvkCVKu5LA-bKndUvQUdyxlOmkOklUD
WS_BATANG_GANGSAL,TutupanLahan,prj,TutupanLahan_WS_BATANG_GANGSAL.prj,1nosn3whbB4g00ggGcwh_Aw5-YUtx00eT
WS_BATANG_GANGSAL,TutupanLahan,dbf,TutupanLahan_WS_BATANG_GANGSAL.dbf,1BIaYK9RfsLM3praqSFOtfCJSRg5DTH5L
WS_BATANG_GANGSAL,TutupanLahan,shx,TutupanLahan_WS_BATANG_GANGSAL.shx,1lt6l9lA5HpTmBouMciS7LQbLXj_QunKZ
WS_BATANG_GANGSAL,TutupanLahan,cpg,TutupanLahan_WS_BATANG_GANGSAL.cpg,1raTmF7XvM9_jkawEsbxTEWD-pv1jf_4Y
WS_BATANG_GANGSAL,KawasanHutan,shp,KawasanHutan_WS_BATANG_GANGSAL.shp,1qIeQcGS7a8QCBrVrFZMroZLPvRygFK_6
WS_BATANG_GANGSAL,KawasanHutan,cpg,KawasanHutan_WS_BATANG_GANGSAL.cpg,1nX0OBATdEPlbG0WWtMv2xNtWPyOb-0cW
WS_BATANG_GANGSAL,KawasanHutan,prj,KawasanHutan_WS_BATANG_GANGSAL.prj,1MBzhXNxHK1Wd0ZI_AmbOKS6BbWoXX64j
WS_BATANG_GANGSAL,KawasanHutan,dbf,KawasanHutan_WS_BATANG_GANGSAL.dbf,1ic-_NvedQiZfNpi_W4d3BmIZDwzaRYer
WS_BATANG_GANGSAL,KawasanHutan,shx,KawasanHutan_WS_BATANG_GANGSAL.shx,1C5pW97b8oNVj62HgcCbMHIFyc1qqMjhC
WS_BATANG_GANGSAL,JenisTanah,prj,JenisTanah_WS_BATANG_GANGSAL.prj,1UM2rfbzNkP4RV0Qal6QvO12zViflmdZm
WS_BATANG_GANGSAL,JenisTanah,dbf,JenisTanah_WS_BATANG_GANGSAL.dbf,1fwnEJlEcGWZLhBijPo25zMeK_DXFGMEr
WS_BATANG_GANGSAL,JenisTanah,shx,JenisTanah_WS_BATANG_GANGSAL.shx,1kn7HJ-suQr2V8vdSa0M9RugQfduZ4fyY
WS_BATANG_GANGSAL,JenisTanah,shp,JenisTanah_WS_BATANG_GANGSAL.shp,1QB6tpVTg07txXcxiY4uOBsuKw0Jxo6a8
WS_BATANG_GANGSAL,JenisTanah,cpg,JenisTanah_WS_BATANG_GANGSAL.cpg,1u5-LqKVMo10r9UabPdkEyGswBR1uX4QH
WS_BATANG_GANGSAL,Erosi,cpg,Erosi_WS_BATANG_GANGSAL.cpg,1KmAIq8FbNEFRHES7wH5W-s8qXkjREedL
WS_BATANG_GANGSAL,Erosi,prj,Erosi_WS_BATANG_GANGSAL.prj,16HgfOw0l2da9RdybiujCWjDJMDAE0w8J
WS_BATANG_GANGSAL,Erosi,dbf,Erosi_WS_BATANG_GANGSAL.dbf,1W-vYTXYMS0FWoAHeZe31hn9OS-NkkQ_G
WS_BATANG_GANGSAL,Erosi,shp,Erosi_WS_BATANG_GANGSAL.shp,1qf8lg9Pf5tZHz4rBt-dxvzegb8_Z1LFh
WS_BATANG_GANGSAL,Erosi,shx,Erosi_WS_BATANG_GANGSAL.shx,1aJs7EZMC5Z_zZgEpysXCtKvVp6VPYQ2V
WS_BATANG_NATAL_BATANG_BATAHAN,RURHLDAS,shp,RURHLDAS_WS_BATANG_NATAL_BATANG_BATAHAN.shp,1-S4RCJXgscqeGtoVgrUfYLQZMvKpAkk9
WS_BATANG_NATAL_BATANG_BATAHAN,RURHLDAS,shx,RURHLDAS_WS_BATANG_NATAL_BATANG_BATAHAN.shx,1CHGMCzEzYzxPKKFkLuS0k9MCs31re4zj
WS_BATANG_NATAL_BATANG_BATAHAN,RURHLDAS,prj,RURHLDAS_WS_BATANG_NATAL_BATANG_BATAHAN.prj,1jKUkkSgRGufpIMZ-gbYGCfuqa3oMf54K
WS_BATANG_NATAL_BATANG_BATAHAN,RURHLDAS,dbf,RURHLDAS_WS_BATANG_NATAL_BATANG_BATAHAN.dbf,1sRiLdSd-u6K7_l6QkImk7MeLtN1Zg7ar
WS_BATANG_NATAL_BATANG_BATAHAN,RURHLDAS,cpg,RURHLDAS_WS_BATANG_NATAL_BATANG_BATAHAN.cpg,1xpmdBj3HdJ_CJ0wY6Ex16lSfAg3uLhOc
WS_BATANG_NATAL_BATANG_BATAHAN,TutupanLahan,shx,TutupanLahan_WS_BATANG_NATAL_BATANG_BATAHAN.shx,1o6_8vZYZYwd0dcnVkMwEuofeOfviPaNQ
WS_BATANG_NATAL_BATANG_BATAHAN,TutupanLahan,shp,TutupanLahan_WS_BATANG_NATAL_BATANG_BATAHAN.shp,1rWk5vrZ8Ld1bKd1GMRrpiK-y4YdI4-4x
WS_BATANG_NATAL_BATANG_BATAHAN,TutupanLahan,cpg,TutupanLahan_WS_BATANG_NATAL_BATANG_BATAHAN.cpg,17Hja_d4K2Hm04qCXe1mCyM3vzNdr1EwA
WS_BATANG_NATAL_BATANG_BATAHAN,TutupanLahan,prj,TutupanLahan_WS_BATANG_NATAL_BATANG_BATAHAN.prj,1neaFfVrMzYch3si9NhgThUHNfWggeSNC
WS_BATANG_NATAL_BATANG_BATAHAN,TutupanLahan,dbf,TutupanLahan_WS_BATANG_NATAL_BATANG_BATAHAN.dbf,1g1CN0T6ukaGYQyhVK14I3MUgbioEK7-N
WS_BATANG_NATAL_BATANG_BATAHAN,KawasanHutan,cpg,KawasanHutan_WS_BATANG_NATAL_BATANG_BATAHAN.cpg,1Vmzom8Xmu5BTwY696U3ICt4RkDGhpyoT
WS_BATANG_NATAL_BATANG_BATAHAN,KawasanHutan,shx,KawasanHutan_WS_BATANG_NATAL_BATANG_BATAHAN.shx,1N4ZKDFCs_XID7mSpfumnpu_PxmMTc1Sn
WS_BATANG_NATAL_BATANG_BATAHAN,KawasanHutan,shp,KawasanHutan_WS_BATANG_NATAL_BATANG_BATAHAN.shp,1iudclyFqlt6yRJttdLHTxqWCDL8W0hP3
WS_BATANG_NATAL_BATANG_BATAHAN,KawasanHutan,prj,KawasanHutan_WS_BATANG_NATAL_BATANG_BATAHAN.prj,1rjYTwezkVbL2cLI7UvAQIyxB_wfDBoYZ
WS_BATANG_NATAL_BATANG_BATAHAN,KawasanHutan,dbf,KawasanHutan_WS_BATANG_NATAL_BATANG_BATAHAN.dbf,1wIRF80jgXmMkz2G6_TC5LRo1YE1_drE6
WS_BATANG_NATAL_BATANG_BATAHAN,JenisTanah,shp,JenisTanah_WS_BATANG_NATAL_BATANG_BATAHAN.shp,1-w9xUYaGMfWmbEPHyQpj5U-UNtpr_XPM
WS_BATANG_NATAL_BATANG_BATAHAN,JenisTanah,dbf,JenisTanah_WS_BATANG_NATAL_BATANG_BATAHAN.dbf,1KCoO8gOWMiXotseDQ6VqhHUtPhw1y7KG
WS_BATANG_NATAL_BATANG_BATAHAN,JenisTanah,prj,JenisTanah_WS_BATANG_NATAL_BATANG_BATAHAN.prj,1rHywZM-zkkCfnyg0Er4lt3CLJv1UuzAx
WS_BATANG_NATAL_BATANG_BATAHAN,JenisTanah,cpg,JenisTanah_WS_BATANG_NATAL_BATANG_BATAHAN.cpg,1wLiR9zsT0OAkopRNyfsAl08KuEqmIFGz
WS_BATANG_NATAL_BATANG_BATAHAN,JenisTanah,shx,JenisTanah_WS_BATANG_NATAL_BATANG_BATAHAN.shx,1Q7j_zZHbGRtGOsKD5OX6w3rE5HL8zc5q
WS_BATANG_NATAL_BATANG_BATAHAN,Erosi,prj,Erosi_WS_BATANG_NATAL_BATANG_BATAHAN.prj,1hbO9hYzQBquFWp-GP-rsaETM2Rqx7GwR
WS_BATANG_NATAL_BATANG_BATAHAN,Erosi,dbf,Erosi_WS_BATANG_NATAL_BATANG_BATAHAN.dbf,1nd99f1EOzn01gO5Wkjmw_ytPDkDcfZty
WS_BATANG_NATAL_BATANG_BATAHAN,Erosi,cpg,Erosi_WS_BATANG_NATAL_BATANG_BATAHAN.cpg,1hjF1X92fTvPKnQdorHMBO1wzQlqjmj_v
WS_BATANG_NATAL_BATANG_BATAHAN,Erosi,shp,Erosi_WS_BATANG_NATAL_BATANG_BATAHAN.shp,1bNLmILnq7Myy0knswO5_5SGbbgLTj9YT
WS_BATANG_NATAL_BATANG_BATAHAN,Erosi,shx,Erosi_WS_BATANG_NATAL_BATANG_BATAHAN.shx,1GhRA7nW1d49bSUUfEEDZeCQbHaX8J7kc
WS_BELAWAN_ULAR_PADANG,RURHLDAS,cpg,RURHLDAS_WS_BELAWAN_ULAR_PADANG.cpg,115BYWcLCxl4navSajo2akOc6SxRxcxBA
WS_BELAWAN_ULAR_PADANG,RURHLDAS,shp,RURHLDAS_WS_BELAWAN_ULAR_PADANG.shp,1ymq7oO3Q3SvJZecZ2goK7-_2U56pZm84
WS_BELAWAN_ULAR_PADANG,RURHLDAS,shx,RURHLDAS_WS_BELAWAN_ULAR_PADANG.shx,1gtWFeKYKX-rebScLzsLejLKAa3PAQVsA
WS_BELAWAN_ULAR_PADANG,RURHLDAS,dbf,RURHLDAS_WS_BELAWAN_ULAR_PADANG.dbf,1b7yLN3qiHixTTFIof1SzYI07h6NQk7Xr
WS_BELAWAN_ULAR_PADANG,RURHLDAS,prj,RURHLDAS_WS_BELAWAN_ULAR_PADANG.prj,1LMTxoeH5rzgrh2FwlHkCwXCQ8GzwJo_2
WS_BELAWAN_ULAR_PADANG,TutupanLahan,shx,TutupanLahan_WS_BELAWAN_ULAR_PADANG.shx,1iKibLNgm4WJE6zBOHpN6QkcEcE2WEWl3
WS_BELAWAN_ULAR_PADANG,TutupanLahan,cpg,TutupanLahan_WS_BELAWAN_ULAR_PADANG.cpg,1r-n_sCmmWe85EzjYYxJY71wISZeDyMY9
WS_BELAWAN_ULAR_PADANG,TutupanLahan,shp,TutupanLahan_WS_BELAWAN_ULAR_PADANG.shp,17fbsieQ7_6BZeRTqlSdw68o6BdHrJL1F
WS_BELAWAN_ULAR_PADANG,TutupanLahan,prj,TutupanLahan_WS_BELAWAN_ULAR_PADANG.prj,1d-8BMpWUzRs-MKvLyOPAV7xfaHKTr6Kz
WS_BELAWAN_ULAR_PADANG,TutupanLahan,dbf,TutupanLahan_WS_BELAWAN_ULAR_PADANG.dbf,17PXvveXVi5Pnw5L7wu0KBODLP4LCk4Ws
WS_BELAWAN_ULAR_PADANG,KawasanHutan,shx,KawasanHutan_WS_BELAWAN_ULAR_PADANG.shx,1UDxOmgZPs0OLZNl_S_FwUApnaF1tHVkk
WS_BELAWAN_ULAR_PADANG,KawasanHutan,cpg,KawasanHutan_WS_BELAWAN_ULAR_PADANG.cpg,1baDxXtlqf4VTI5bELUgTkmjNJ1ma6CxH
WS_BELAWAN_ULAR_PADANG,KawasanHutan,shp,KawasanHutan_WS_BELAWAN_ULAR_PADANG.shp,1nzPSJLQV3SywmaCaUh0-lVVBDAO6LHoP
WS_BELAWAN_ULAR_PADANG,KawasanHutan,dbf,KawasanHutan_WS_BELAWAN_ULAR_PADANG.dbf,1IaMp68EyE1D17MtVIbYnpx7P-jkFDycv
WS_BELAWAN_ULAR_PADANG,KawasanHutan,prj,KawasanHutan_WS_BELAWAN_ULAR_PADANG.prj,1LzoCv66Qyyvo2V-sZqmFvCXNtjU4xZsq
WS_BELAWAN_ULAR_PADANG,JenisTanah,prj,JenisTanah_WS_BELAWAN_ULAR_PADANG.prj,1mD79Zop67LfsWD4n-hMmfZyn29tc5UOc
WS_BELAWAN_ULAR_PADANG,JenisTanah,dbf,JenisTanah_WS_BELAWAN_ULAR_PADANG.dbf,12M_dJZlbgGplr_mHKQDP4tuC3JW4hRNJ
WS_BELAWAN_ULAR_PADANG,JenisTanah,shp,JenisTanah_WS_BELAWAN_ULAR_PADANG.shp,1a5LK_WMo4uRFKH9FP0HLPzguaRZzSswM
WS_BELAWAN_ULAR_PADANG,JenisTanah,shx,JenisTanah_WS_BELAWAN_ULAR_PADANG.shx,16z-_p_WRbJk_cx_VKMWfDOKODkHpFxkF
WS_BELAWAN_ULAR_PADANG,JenisTanah,cpg,JenisTanah_WS_BELAWAN_ULAR_PADANG.cpg,1kp4LItZHBBdxFy6Q8wcsttacAQclbp_K
WS_BELAWAN_ULAR_PADANG,Erosi,cpg,Erosi_WS_BELAWAN_ULAR_PADANG.cpg,1phgFwViQoBKS4sajtY9hUUrbfsQiyLP6
WS_BELAWAN_ULAR_PADANG,Erosi,dbf,Erosi_WS_BELAWAN_ULAR_PADANG.dbf,1s4F8AHkeOtWQGU1yLPLxrIfgjqkqGLck
WS_BELAWAN_ULAR_PADANG,Erosi,shp,Erosi_WS_BELAWAN_ULAR_PADANG.shp,1gRep16DefRd43LdMWPeT3b392JGixpVW
WS_BELAWAN_ULAR_PADANG,Erosi,prj,Erosi_WS_BELAWAN_ULAR_PADANG.prj,1nzMT6uZAQG6N2iW8opTR8pqXC1CDeLiC
WS_BELAWAN_ULAR_PADANG,Erosi,shx,Erosi_WS_BELAWAN_ULAR_PADANG.shx,1NpBbQKbvz3LwG0zIVChJM0lCIxGq8sxQ
WS_BATANG_ANGKOLA_BATANG_GADIS,RURHLDAS,shx,RURHLDAS_WS_BATANG_ANGKOLA_BATANG_GADIS.shx,1I0ajst-g-qTAPvtxBzo_QfgaKCFFQ16d
WS_BATANG_ANGKOLA_BATANG_GADIS,RURHLDAS,dbf,RURHLDAS_WS_BATANG_ANGKOLA_BATANG_GADIS.dbf,1H_0xI-4YduY7wTnXr9J_QdHYWXp0lLEs
WS_BATANG_ANGKOLA_BATANG_GADIS,RURHLDAS,prj,RURHLDAS_WS_BATANG_ANGKOLA_BATANG_GADIS.prj,1r_x6HDoASspOOw534sxdai_a-honFAr6
WS_BATANG_ANGKOLA_BATANG_GADIS,RURHLDAS,shp,RURHLDAS_WS_BATANG_ANGKOLA_BATANG_GADIS.shp,1qVt7XvfimgV8nUyQOK4uRosWvvLLF-1d
WS_BATANG_ANGKOLA_BATANG_GADIS,RURHLDAS,cpg,RURHLDAS_WS_BATANG_ANGKOLA_BATANG_GADIS.cpg,1kZoM3LJgRDCJSSAM6A5saPqY0J-baNya
WS_BATANG_ANGKOLA_BATANG_GADIS,TutupanLahan,shp,TutupanLahan_WS_BATANG_ANGKOLA_BATANG_GADIS.shp,1QZBJL7lksK0F2x5rQXsoIpTaRebHvP_J
WS_BATANG_ANGKOLA_BATANG_GADIS,TutupanLahan,dbf,TutupanLahan_WS_BATANG_ANGKOLA_BATANG_GADIS.dbf,1rC5NTNK-e556-ub0AAPoc4t-THwC_f6a
WS_BATANG_ANGKOLA_BATANG_GADIS,TutupanLahan,shx,TutupanLahan_WS_BATANG_ANGKOLA_BATANG_GADIS.shx,1hHWz-2EVp5B38SDT3_4qwSj20F7b0HdQ
WS_BATANG_ANGKOLA_BATANG_GADIS,TutupanLahan,cpg,TutupanLahan_WS_BATANG_ANGKOLA_BATANG_GADIS.cpg,1basrkIhb7gE3KpBEeSh6CBJQ4jFOgfCY
WS_BATANG_ANGKOLA_BATANG_GADIS,TutupanLahan,prj,TutupanLahan_WS_BATANG_ANGKOLA_BATANG_GADIS.prj,1GHCj0xKDEC6l2cVhzGxIdhGGgCIVgBBa
WS_BATANG_ANGKOLA_BATANG_GADIS,KawasanHutan,cpg,KawasanHutan_WS_BATANG_ANGKOLA_BATANG_GADIS.cpg,1cx3HJpZ6_pAlRYIN7fEr98tm1TcrUCrf
WS_BATANG_ANGKOLA_BATANG_GADIS,KawasanHutan,shx,KawasanHutan_WS_BATANG_ANGKOLA_BATANG_GADIS.shx,1adtvB_RzVvNBMv_qeq-nocFMhd1yUBGY
WS_BATANG_ANGKOLA_BATANG_GADIS,KawasanHutan,shp,KawasanHutan_WS_BATANG_ANGKOLA_BATANG_GADIS.shp,1wGkcedsVq54laTrRribrMw48mVLdE6L2
WS_BATANG_ANGKOLA_BATANG_GADIS,KawasanHutan,dbf,KawasanHutan_WS_BATANG_ANGKOLA_BATANG_GADIS.dbf,13EV2-TxV3onlMJ57jUJuw6uD0Z_SEfY9
WS_BATANG_ANGKOLA_BATANG_GADIS,KawasanHutan,prj,KawasanHutan_WS_BATANG_ANGKOLA_BATANG_GADIS.prj,1Z0j_uXjs2ArtfQ6wPnM63uqy_qlXgBOC
WS_BATANG_ANGKOLA_BATANG_GADIS,JenisTanah,shp,JenisTanah_WS_BATANG_ANGKOLA_BATANG_GADIS.shp,1QnYTZYYlSRLnNU1sDZeXL3pkdW3GhH-v
WS_BATANG_ANGKOLA_BATANG_GADIS,JenisTanah,shx,JenisTanah_WS_BATANG_ANGKOLA_BATANG_GADIS.shx,1MGaW2yvoCq__SnYCNOi9ymv7iN2X_4uU
WS_BATANG_ANGKOLA_BATANG_GADIS,JenisTanah,cpg,JenisTanah_WS_BATANG_ANGKOLA_BATANG_GADIS.cpg,1IPtiH6K0HTkBUw4S9idjJn419U27Wsqz
WS_BATANG_ANGKOLA_BATANG_GADIS,JenisTanah,prj,JenisTanah_WS_BATANG_ANGKOLA_BATANG_GADIS.prj,1JJuGnD5flFKOUCxCezi2O8qTD9A5smGO
WS_BATANG_ANGKOLA_BATANG_GADIS,JenisTanah,dbf,JenisTanah_WS_BATANG_ANGKOLA_BATANG_GADIS.dbf,1dhGXWuomGYoDkM7gbYvWgkjkBJTMjkrh
WS_BATANG_ANGKOLA_BATANG_GADIS,Erosi,dbf,Erosi_WS_BATANG_ANGKOLA_BATANG_GADIS.dbf,10104i7FvxKw8i_xDf6Rj630F5-IERiuN
WS_BATANG_ANGKOLA_BATANG_GADIS,Erosi,shp,Erosi_WS_BATANG_ANGKOLA_BATANG_GADIS.shp,1rDDdbdsPOl-W36XoHyYKl76QVPAq_rjA
WS_BATANG_ANGKOLA_BATANG_GADIS,Erosi,shx,Erosi_WS_BATANG_ANGKOLA_BATANG_GADIS.shx,1DUBik495WAckbeHOm5UjAcBN4KGSDOQa
WS_BATANG_ANGKOLA_BATANG_GADIS,Erosi,cpg,Erosi_WS_BATANG_ANGKOLA_BATANG_GADIS.cpg,1dI9Z4F5H8we8svu8T-tsKrKMBAXVXf_N
WS_BATANG_ANGKOLA_BATANG_GADIS,Erosi,prj,Erosi_WS_BATANG_ANGKOLA_BATANG_GADIS.prj,1v0t7gSOQYkNM6QsR7l1-gOvXp9JW0ZX-
WS_WOYLA_BATEE_SIMEULUE,RURHLDAS,shp,RURHLDAS_WS_WOYLA_BATEE_SIMEULUE.shp,13usW8aS1XfbUABTeh32pRYY-wkyV4vS8
WS_WOYLA_BATEE_SIMEULUE,RURHLDAS,cpg,RURHLDAS_WS_WOYLA_BATEE_SIMEULUE.cpg,1tqgHMid6ZB67C8PYbAVZGb2elaDvtX2w
WS_WOYLA_BATEE_SIMEULUE,RURHLDAS,shx,RURHLDAS_WS_WOYLA_BATEE_SIMEULUE.shx,1PoC1Gu6lMQV7w7imMZz0ExG60ydRyAus
WS_WOYLA_BATEE_SIMEULUE,RURHLDAS,dbf,RURHLDAS_WS_WOYLA_BATEE_SIMEULUE.dbf,1oOhpT_dTuBE6vCDQxnWVdp-69hsDwgqI
WS_WOYLA_BATEE_SIMEULUE,RURHLDAS,prj,RURHLDAS_WS_WOYLA_BATEE_SIMEULUE.prj,1P-EW23fNPGgYXiQd9jxfU7rB0JMjNfnc
WS_WOYLA_BATEE_SIMEULUE,TutupanLahan,cpg,TutupanLahan_WS_WOYLA_BATEE_SIMEULUE.cpg,1hZDNHG6sH-Hn4jeraNj4irZKnSTGiBwO
WS_WOYLA_BATEE_SIMEULUE,TutupanLahan,shp,TutupanLahan_WS_WOYLA_BATEE_SIMEULUE.shp,1lSnGcrjayQXtkwi_AsB-ERapr-nRQHg1
WS_WOYLA_BATEE_SIMEULUE,TutupanLahan,shx,TutupanLahan_WS_WOYLA_BATEE_SIMEULUE.shx,1OM0exU6gEfNnYmad8WkT7HJwjXzI1Sv2
WS_WOYLA_BATEE_SIMEULUE,TutupanLahan,prj,TutupanLahan_WS_WOYLA_BATEE_SIMEULUE.prj,1RVHYvNUQtn0WXHD35fW3ImTFPQCaBpfg
WS_WOYLA_BATEE_SIMEULUE,TutupanLahan,dbf,TutupanLahan_WS_WOYLA_BATEE_SIMEULUE.dbf,16hD4pnkCQ7fJXgwc4SNG9BPIRy2quo_C
WS_WOYLA_BATEE_SIMEULUE,KawasanHutan,shp,KawasanHutan_WS_WOYLA_BATEE_SIMEULUE.shp,1WeZ2LCqVDJiHzIE7csp59VGUkLK_aaX1
WS_WOYLA_BATEE_SIMEULUE,KawasanHutan,cpg,KawasanHutan_WS_WOYLA_BATEE_SIMEULUE.cpg,1E0gvuSqJtjSKBTVj7vKcTGDAQ-zytcBE
WS_WOYLA_BATEE_SIMEULUE,KawasanHutan,prj,KawasanHutan_WS_WOYLA_BATEE_SIMEULUE.prj,1YtK8GFvHJkGw_4nqhKl59UfJsdIvizKa
WS_WOYLA_BATEE_SIMEULUE,KawasanHutan,dbf,KawasanHutan_WS_WOYLA_BATEE_SIMEULUE.dbf,1VMd0HIQ_taPu-OTynGAWBw5K9LHcU2Zy
WS_WOYLA_BATEE_SIMEULUE,KawasanHutan,shx,KawasanHutan_WS_WOYLA_BATEE_SIMEULUE.shx,1lajdKroB4C0O8Hcz5CNxqwQ7miWAQQuX
WS_WOYLA_BATEE_SIMEULUE,JenisTanah,prj,JenisTanah_WS_WOYLA_BATEE_SIMEULUE.prj,1lPWdi2X-QSM_ppRIBUmZaUhZ3suMmX5_
WS_WOYLA_BATEE_SIMEULUE,JenisTanah,dbf,JenisTanah_WS_WOYLA_BATEE_SIMEULUE.dbf,1whinf0LIXN6HdmOZwHNXKtTxOb1sNPEr
WS_WOYLA_BATEE_SIMEULUE,JenisTanah,cpg,JenisTanah_WS_WOYLA_BATEE_SIMEULUE.cpg,1yLz5eqFluwkChZwcBkj1x_Qfj1Uh9Nwd
WS_WOYLA_BATEE_SIMEULUE,JenisTanah,shp,JenisTanah_WS_WOYLA_BATEE_SIMEULUE.shp,1J_pRu1ipRMKICLmH-dJUbbrB5WuyvyQP
WS_WOYLA_BATEE_SIMEULUE,JenisTanah,shx,JenisTanah_WS_WOYLA_BATEE_SIMEULUE.shx,1S4tVF5xpGKgaHfLP4m_ADxTqFCjAXc_v
WS_WOYLA_BATEE_SIMEULUE,Erosi,shp,Erosi_WS_WOYLA_BATEE_SIMEULUE.shp,1GW9YFwaoAWQ5J5vfZ29S1QOvUhFOPM-l
WS_WOYLA_BATEE_SIMEULUE,Erosi,prj,Erosi_WS_WOYLA_BATEE_SIMEULUE.prj,1jLXBDEYXWYzYgZfT6ukyHQAj-nsvjkAC
WS_WOYLA_BATEE_SIMEULUE,Erosi,dbf,Erosi_WS_WOYLA_BATEE_SIMEULUE.dbf,1NJawMLLSq00a5UGKcR3ijiMpO_jtUlId
WS_WOYLA_BATEE_SIMEULUE,Erosi,cpg,Erosi_WS_WOYLA_BATEE_SIMEULUE.cpg,1D6yGhJSBduiLBr6v3eFxYwkjq_rYNvyv
WS_WOYLA_BATEE_SIMEULUE,Erosi,shx,Erosi_WS_WOYLA_BATEE_SIMEULUE.shx,1khuKttDUS9m7n11HcprvEG5kBzDxR-Br
WS_BARU_KLUET,RURHLDAS,dbf,RURHLDAS_WS_BARU_KLUET.dbf,1usM2MOxO4P9ycdVZNFTcokUGwpWdEiKg
WS_BARU_KLUET,RURHLDAS,shx,RURHLDAS_WS_BARU_KLUET.shx,1oPyAR56NDrzOSx5luh09BK2u_cFiizES
WS_BARU_KLUET,RURHLDAS,shp,RURHLDAS_WS_BARU_KLUET.shp,1r-wCaDqKOY38GlJr264S1yWEyJPZPncc
WS_BARU_KLUET,RURHLDAS,cpg,RURHLDAS_WS_BARU_KLUET.cpg,1XdsTGmhtfID-eifEUU7yKIDa2EKABPDb
WS_BARU_KLUET,RURHLDAS,prj,RURHLDAS_WS_BARU_KLUET.prj,1i8sraDeVitXO7AQYJUeErk4_LCias_Yj
WS_BARU_KLUET,TutupanLahan,prj,TutupanLahan_WS_BARU_KLUET.prj,1L_O2wMTf-JH5UEQGIgEGl1YMLfzQ5pLf
WS_BARU_KLUET,TutupanLahan,shx,TutupanLahan_WS_BARU_KLUET.shx,1ovAlnVCxC98FXn9gBYhvT_qBd7kA53mD
WS_BARU_KLUET,TutupanLahan,cpg,TutupanLahan_WS_BARU_KLUET.cpg,1uk0nfb5ooUgMH_P4OaUToci5AC7mtfBI
WS_BARU_KLUET,TutupanLahan,shp,TutupanLahan_WS_BARU_KLUET.shp,1OsAn1sFpoozXenbLeYAAX16CayqeZZRK
WS_BARU_KLUET,TutupanLahan,dbf,TutupanLahan_WS_BARU_KLUET.dbf,1jvjNswPHfSWFxq6W8UxZ_EYI3tGHjg-x
WS_BARU_KLUET,KawasanHutan,shp,KawasanHutan_WS_BARU_KLUET.shp,1uFuyL6UeY86ZdGvBbXlJas6Xoao0CwxG
WS_BARU_KLUET,KawasanHutan,cpg,KawasanHutan_WS_BARU_KLUET.cpg,1Pa0st4AYw-6rfxvOgmt13UuPFfHRKN1z
WS_BARU_KLUET,KawasanHutan,shx,KawasanHutan_WS_BARU_KLUET.shx,1Igjtaf35w8CvQGxQY_-uEFnwnL5BdmkG
WS_BARU_KLUET,KawasanHutan,dbf,KawasanHutan_WS_BARU_KLUET.dbf,1LXUs7dsKuoeeyV1q7H06LiC0bKDdCgWg
WS_BARU_KLUET,KawasanHutan,prj,KawasanHutan_WS_BARU_KLUET.prj,1I_6Zve5NuzNAQEh-HR4piQgkyNqKbO_z
WS_BARU_KLUET,JenisTanah,shx,JenisTanah_WS_BARU_KLUET.shx,14ONjfY7QYlhjOovgr4b1gZDqtMv4dVXs
WS_BARU_KLUET,JenisTanah,dbf,JenisTanah_WS_BARU_KLUET.dbf,1tjbeFCP8R5WMd6iyQOg4czKnGNNt-yW7
WS_BARU_KLUET,JenisTanah,prj,JenisTanah_WS_BARU_KLUET.prj,1kC0sBfcIGavUt66jqrQhc9xsaUo71us1
WS_BARU_KLUET,JenisTanah,shp,JenisTanah_WS_BARU_KLUET.shp,1mv0Vyx49HoTnq-TrPO8PkH1wmvFmV5gI
WS_BARU_KLUET,JenisTanah,cpg,JenisTanah_WS_BARU_KLUET.cpg,13mtogxT0s5dTH7fAHxHpBZ3XR8BFLv-Q
WS_BARU_KLUET,Erosi,prj,Erosi_WS_BARU_KLUET.prj,1OBnKCMHWwHt-JkRjE7a2B1gE_TPDrJ12
WS_BARU_KLUET,Erosi,shp,Erosi_WS_BARU_KLUET.shp,1Wj1OZGzo3kWTqXH7fXlkDy0ObFsMnpaW
WS_BARU_KLUET,Erosi,dbf,Erosi_WS_BARU_KLUET.dbf,1xwTzHibaekFxlH8gmtcPNL8bVK14fNb1
WS_BARU_KLUET,Erosi,shx,Erosi_WS_BARU_KLUET.shx,1z-y7-l3KDClcV6yGnOw6WCtmEUmnK7F3
WS_BARU_KLUET,Erosi,cpg,Erosi_WS_BARU_KLUET.cpg,1LK-fbccFNwqsivFe72kSU7XyS2UZ0jGX
WS_BANGKA,RURHLDAS,dbf,RURHLDAS_WS_BANGKA.dbf,1pr30AIjUk1i0XjeRNPt-rcrW9q-8icXg
WS_BANGKA,RURHLDAS,prj,RURHLDAS_WS_BANGKA.prj,1vPVwJ4yGWLGkb6Bv657Ax3TQjL1TfNi6
WS_BANGKA,RURHLDAS,shp,RURHLDAS_WS_BANGKA.shp,1zfYHJQFpaL_XW5oSnwpS8YC1rM9JbN-_
WS_BANGKA,RURHLDAS,cpg,RURHLDAS_WS_BANGKA.cpg,1tpd_494T6XkZm9mkMIemOkGPyytnE5gH
WS_BANGKA,RURHLDAS,shx,RURHLDAS_WS_BANGKA.shx,19DCMLyabzQUd1bQMGTpElg9xsKBwJVy2
WS_BANGKA,TutupanLahan,dbf,TutupanLahan_WS_BANGKA.dbf,1QaV61b6Hkrc6RXb-d8eVJjxNCrQADvS4
WS_BANGKA,TutupanLahan,shx,TutupanLahan_WS_BANGKA.shx,1-EyT46JqpKO4ws-EjGqcfQzhVMatc7IH
WS_BANGKA,TutupanLahan,shp,TutupanLahan_WS_BANGKA.shp,1o6elnC8-6Yc_FiicQ_YZPAJKz_yhDsT3
WS_BANGKA,TutupanLahan,cpg,TutupanLahan_WS_BANGKA.cpg,19ZRCiMBxzwt4DFpBDuDFRm7J_9gkO_9E
WS_BANGKA,TutupanLahan,prj,TutupanLahan_WS_BANGKA.prj,19raik7q93Lozz01bKrACwTF-O0GfIzDm
WS_BANGKA,KawasanHutan,cpg,KawasanHutan_WS_BANGKA.cpg,1vL43KFGpvzfZo_6z2rldFzJ3i3DRGotV
WS_BANGKA,KawasanHutan,shp,KawasanHutan_WS_BANGKA.shp,1K2Y3fW9u07l6zURDSlEbpLNUBxndKv-7
WS_BANGKA,KawasanHutan,prj,KawasanHutan_WS_BANGKA.prj,139cr4Qjz23w-oWL8k1o8llD2FTeWXHEO
WS_BANGKA,KawasanHutan,dbf,KawasanHutan_WS_BANGKA.dbf,1BYnd8wJffY46VEXYXd8geH1BX4Y0CmPu
WS_BANGKA,KawasanHutan,shx,KawasanHutan_WS_BANGKA.shx,12jqHUfHiYaGrcamhxMaF-MQtVv-cvgI6
WS_BANGKA,JenisTanah,shp,JenisTanah_WS_BANGKA.shp,1_rAOtDZqGCqBsz-sepYrGp4VZQezMUJz
WS_BANGKA,JenisTanah,shx,JenisTanah_WS_BANGKA.shx,1wPbWVPn8qFyXpTjxr82-MNaisfrdIvhk
WS_BANGKA,JenisTanah,dbf,JenisTanah_WS_BANGKA.dbf,1ev0kP7DLp0BysHXXJZ879shgA57zx5EU
WS_BANGKA,JenisTanah,prj,JenisTanah_WS_BANGKA.prj,1az6Bw5-Acfh7g8uZ83tcqdIpxdVs3KfV
WS_BANGKA,JenisTanah,cpg,JenisTanah_WS_BANGKA.cpg,1jjEjidJWXrO5k8sSAvPV-QeKDLHglCqZ
WS_BANGKA,Erosi,shp,Erosi_WS_BANGKA.shp,1a8Q_nGQKUy11C9qV9FXH-p4yVmxKGiFh
WS_BANGKA,Erosi,dbf,Erosi_WS_BANGKA.dbf,1mhC-9eY1psE82YTqrWwiHOiu-9435GCw
WS_BANGKA,Erosi,shx,Erosi_WS_BANGKA.shx,1K4l4gwhggIOpY0SDKCDc60uF5UM5C_Ox
WS_BANGKA,Erosi,prj,Erosi_WS_BANGKA.prj,1BeimC1Ho4tEhe5ZqYB9ZDxTgsJVlWDJt
WS_BANGKA,Erosi,cpg,Erosi_WS_BANGKA.cpg,18DNVuIZBJ4-Q7V-Bb-inJsPlVuazgmW3
WS_WAMPU_BESITANG,RURHLDAS,shp,RURHLDAS_WS_WAMPU_BESITANG.shp,1jIVS8JgI90KZgo3clj9SIRV37DzhXhg0
WS_WAMPU_BESITANG,RURHLDAS,dbf,RURHLDAS_WS_WAMPU_BESITANG.dbf,1KkZ3bUVHO4HJ7o3zkv_xslk8ydB_CuyM
WS_WAMPU_BESITANG,RURHLDAS,shx,RURHLDAS_WS_WAMPU_BESITANG.shx,1fJEhUo6Z3398SCg4Vl2uFT7iQ5iAuOls
WS_WAMPU_BESITANG,RURHLDAS,cpg,RURHLDAS_WS_WAMPU_BESITANG.cpg,1wPmkHRyaX80BRtxZ37GLBodK6kWuuH1D
WS_WAMPU_BESITANG,RURHLDAS,prj,RURHLDAS_WS_WAMPU_BESITANG.prj,16dO14GCs9ho2Dm78V1U2QAvLdAjLy6jG
WS_WAMPU_BESITANG,TutupanLahan,shx,TutupanLahan_WS_WAMPU_BESITANG.shx,1JZPsmGcQ5-cfQ4P0WXXYRwuiS4VhQSP2
WS_WAMPU_BESITANG,TutupanLahan,shp,TutupanLahan_WS_WAMPU_BESITANG.shp,1LD3c4q8HeDip55RGgMhpjGQSmC2bl7Xp
WS_WAMPU_BESITANG,TutupanLahan,cpg,TutupanLahan_WS_WAMPU_BESITANG.cpg,1mGbg2Yl-iESPPvnd_EprG8HwJ4iGi1mT
WS_WAMPU_BESITANG,TutupanLahan,dbf,TutupanLahan_WS_WAMPU_BESITANG.dbf,1TUhxWl3xmccsA0_WHzFZ8NU8JMH1-B5A
WS_WAMPU_BESITANG,TutupanLahan,prj,TutupanLahan_WS_WAMPU_BESITANG.prj,1bI16HhAHdj4xeHSKvQq94beRGpz0EPav
WS_WAMPU_BESITANG,KawasanHutan,cpg,KawasanHutan_WS_WAMPU_BESITANG.cpg,1Y5WmsrBRa7MFV-hrPtsC7qz-3hHO_n7u
WS_WAMPU_BESITANG,KawasanHutan,prj,KawasanHutan_WS_WAMPU_BESITANG.prj,1E0_F3WtY7BKD4wAaHO17KQcPirfbmz1e
WS_WAMPU_BESITANG,KawasanHutan,dbf,KawasanHutan_WS_WAMPU_BESITANG.dbf,1Yjg2ac7ovUywli37Ibbu1lipDlR6yQWb
WS_WAMPU_BESITANG,KawasanHutan,shx,KawasanHutan_WS_WAMPU_BESITANG.shx,18P7fi2DFyqnbWQQZJV4nq0okFVC1EcfF
WS_WAMPU_BESITANG,KawasanHutan,shp,KawasanHutan_WS_WAMPU_BESITANG.shp,1nh9jUlt37sY0Xwl_QsQvrRgApF5yT5Fn
WS_WAMPU_BESITANG,JenisTanah,cpg,JenisTanah_WS_WAMPU_BESITANG.cpg,1J7jvKKEJlx7IXd5E-8JxpJ87yv0TtvSr
WS_WAMPU_BESITANG,JenisTanah,prj,JenisTanah_WS_WAMPU_BESITANG.prj,1XDmE6v7RlFNKdtnis4n0Rh7-ixU62qi0
WS_WAMPU_BESITANG,JenisTanah,shp,JenisTanah_WS_WAMPU_BESITANG.shp,1zIjoljjU7rDIp0oi_qFq2cYCL72NJbCb
WS_WAMPU_BESITANG,JenisTanah,shx,JenisTanah_WS_WAMPU_BESITANG.shx,1vEsMOd0udn6aSu-63SGXuKRnpKxRSzrG
WS_WAMPU_BESITANG,JenisTanah,dbf,JenisTanah_WS_WAMPU_BESITANG.dbf,1qEM0hy6FssUFr_fyQeyvKjGy2dLKPchK
WS_WAMPU_BESITANG,Erosi,shp,Erosi_WS_WAMPU_BESITANG.shp,1E-_LfdQwAuwU4KbYhZ5JLOpMDavlppzn
WS_WAMPU_BESITANG,Erosi,shx,Erosi_WS_WAMPU_BESITANG.shx,1Th-JnQu0GbKgClSMSP8-1KNCNVMlaBhd
WS_WAMPU_BESITANG,Erosi,dbf,Erosi_WS_WAMPU_BESITANG.dbf,1yCMERPSEAU0gTuwaWBIatUxREIoo75HT
WS_WAMPU_BESITANG,Erosi,cpg,Erosi_WS_WAMPU_BESITANG.cpg,1VHyYyK9onArNT-VuY4eYrADRslW-B-XK
WS_WAMPU_BESITANG,Erosi,prj,Erosi_WS_WAMPU_BESITANG.prj,1qNbTgOmWGym0lyRCv_ubtC7J0DumgYD7
WS_BALI_PENIDA,RURHLDAS,shp,RURHLDAS_WS_BALI_PENIDA.shp,1rxoiudyoCw_q_FnRHvuYeyjCPNRvcds5
WS_BALI_PENIDA,RURHLDAS,dbf,RURHLDAS_WS_BALI_PENIDA.dbf,1mlRcQ_HHGDsz4LNJa5SDK_ykzcmPwByG
WS_BALI_PENIDA,RURHLDAS,shx,RURHLDAS_WS_BALI_PENIDA.shx,12jlCmaKo1LqFNWmmnJow91_5voEWwLOP
WS_BALI_PENIDA,RURHLDAS,prj,RURHLDAS_WS_BALI_PENIDA.prj,1aPrWwfJJta7UwTYf5DHoVn30DvewPxSt
WS_BALI_PENIDA,RURHLDAS,cpg,RURHLDAS_WS_BALI_PENIDA.cpg,1tI8HzdasfRoyTHhsYe8FDbf8iZTEHVLu
WS_BALI_PENIDA,TutupanLahan,shx,TutupanLahan_WS_BALI_PENIDA.shx,13QJqAjAJpL9t8IrBO2p98fLLZwCRQR9X
WS_BALI_PENIDA,TutupanLahan,cpg,TutupanLahan_WS_BALI_PENIDA.cpg,1W8ZbluK_WR_-YZOKusGUzGvrd1f2qF_p
WS_BALI_PENIDA,TutupanLahan,prj,TutupanLahan_WS_BALI_PENIDA.prj,1pv9RCg0PJAC_Ly_Dlo32uduGMfv3jDsJ
WS_BALI_PENIDA,TutupanLahan,shp,TutupanLahan_WS_BALI_PENIDA.shp,1op1lfpmmKjiWYjwOPHtaP2oSmZSnC_vL
WS_BALI_PENIDA,TutupanLahan,dbf,TutupanLahan_WS_BALI_PENIDA.dbf,1J6BLB9xooYmXlWLtyc2kcwuNiOZJLXS3
WS_BALI_PENIDA,KawasanHutan,cpg,KawasanHutan_WS_BALI_PENIDA.cpg,1KGGHSiwyN3TY6zbZLE4WJqTPy2DceKel
WS_BALI_PENIDA,KawasanHutan,prj,KawasanHutan_WS_BALI_PENIDA.prj,1kftSKlrUhLoHFRO18RTwT71GeGXd6qlE
WS_BALI_PENIDA,KawasanHutan,dbf,KawasanHutan_WS_BALI_PENIDA.dbf,1kioXh0y0mc70nkoojIsuLEFkkUZNn6OJ
WS_BALI_PENIDA,KawasanHutan,shp,KawasanHutan_WS_BALI_PENIDA.shp,1terrnWMmSheemsWLmxq3UJRIilHFqIS3
WS_BALI_PENIDA,KawasanHutan,shx,KawasanHutan_WS_BALI_PENIDA.shx,1h4vlnP6j4C2N3Ceu-9Nc90b2cRhq9HBv
WS_BALI_PENIDA,JenisTanah,shx,JenisTanah_WS_BALI_PENIDA.shx,1Kj8k_ZLGci0OMTwTa4gDObNzrkdrD7T4
WS_BALI_PENIDA,JenisTanah,prj,JenisTanah_WS_BALI_PENIDA.prj,10G6gerT3nEGV-OxnV-vRdPladjSJRunv
WS_BALI_PENIDA,JenisTanah,shp,JenisTanah_WS_BALI_PENIDA.shp,1bfGijE8InfbYbGO3rQ7Rgts7QrBsME7P
WS_BALI_PENIDA,JenisTanah,cpg,JenisTanah_WS_BALI_PENIDA.cpg,173SnVaU8A4dx2AckAYbtE7bD7V0bn2F_
WS_BALI_PENIDA,JenisTanah,dbf,JenisTanah_WS_BALI_PENIDA.dbf,1DJnNQC5GjPJ7wJBWjTxmOgA6tbtzy5jF
WS_BALI_PENIDA,Erosi,dbf,Erosi_WS_BALI_PENIDA.dbf,1OXoSIjoccXdeMnCZ5rTFg4mkAkZRp_S-
WS_BALI_PENIDA,Erosi,shp,Erosi_WS_BALI_PENIDA.shp,19YQ6xPsJfbPlfKvDJOpc6enNGlAUAeSk
WS_BALI_PENIDA,Erosi,cpg,Erosi_WS_BALI_PENIDA.cpg,18cy1htyhAMnOql2parYfawb4jY9iEkIc
WS_BALI_PENIDA,Erosi,shx,Erosi_WS_BALI_PENIDA.shx,1Gggs7pLJqQ7ybSG5Z2Z6cTAEBiU56PNv
WS_BALI_PENIDA,Erosi,prj,Erosi_WS_BALI_PENIDA.prj,1UtzK0fG_lbZ48HXCMSDBzuokHfobJX0n
WS_ASAHAN_TOBA,RURHLDAS,shx,RURHLDAS_WS_ASAHAN_TOBA.shx,11HtMdmTeyrCOPF7gDdmxmK-hOZAkhV24
WS_ASAHAN_TOBA,RURHLDAS,dbf,RURHLDAS_WS_ASAHAN_TOBA.dbf,14vY0mfLjqIty95XLsmG2LFRzq_h2D5U3
WS_ASAHAN_TOBA,RURHLDAS,prj,RURHLDAS_WS_ASAHAN_TOBA.prj,172oALtuq-HQgrDruCdoZhjTOJri1geR6
WS_ASAHAN_TOBA,RURHLDAS,shp,RURHLDAS_WS_ASAHAN_TOBA.shp,1gBgXzWxgnV6t5qlsc1dEzN5oGliCa3-Y
WS_ASAHAN_TOBA,RURHLDAS,cpg,RURHLDAS_WS_ASAHAN_TOBA.cpg,1OFPqAoM3xafqk4JK3zQMsnGn3YNOMGpM
WS_ASAHAN_TOBA,TutupanLahan,prj,TutupanLahan_WS_ASAHAN_TOBA.prj,1p0Rh4q7QAn5qhSTfEnxqbeo3muwf18pA
WS_ASAHAN_TOBA,TutupanLahan,shx,TutupanLahan_WS_ASAHAN_TOBA.shx,1mXBn46eYKivCotCZVlHK7HxnvzGT61A4
WS_ASAHAN_TOBA,TutupanLahan,dbf,TutupanLahan_WS_ASAHAN_TOBA.dbf,1UXrEltZCE5IR_F40QE_8VSk2YV8fKWkT
WS_ASAHAN_TOBA,TutupanLahan,shp,TutupanLahan_WS_ASAHAN_TOBA.shp,1mar1GJiYriEao-Z0BfN221_hgtb646L0
WS_ASAHAN_TOBA,TutupanLahan,cpg,TutupanLahan_WS_ASAHAN_TOBA.cpg,1pFcyo1_UDFtbzR4hrpiNy_em06slsfjU
WS_ASAHAN_TOBA,KawasanHutan,prj,KawasanHutan_WS_ASAHAN_TOBA.prj,1K_53Xe77ClrWJXdVA6nc-6MY-RHsrLTV
WS_ASAHAN_TOBA,KawasanHutan,cpg,KawasanHutan_WS_ASAHAN_TOBA.cpg,18NhTHpzfPRRF_uvaOiSc346u1KSpEDr2
WS_ASAHAN_TOBA,KawasanHutan,shx,KawasanHutan_WS_ASAHAN_TOBA.shx,1XVp-e0GA8e_8-xjk7FzaFQ8lYM4Gjw6Q
WS_ASAHAN_TOBA,KawasanHutan,shp,KawasanHutan_WS_ASAHAN_TOBA.shp,1qt3ET2I9Fr-sSYNnkpV71lykpFCiyUK6
WS_ASAHAN_TOBA,KawasanHutan,dbf,KawasanHutan_WS_ASAHAN_TOBA.dbf,1gSdTUYWcBWNa1kSyVVD2QsQgGJvJAmHM
WS_ASAHAN_TOBA,JenisTanah,dbf,JenisTanah_WS_ASAHAN_TOBA.dbf,1Ue6AbpUSOo1fv4Om_BwjOYGtQ3L_wxOy
WS_ASAHAN_TOBA,JenisTanah,shx,JenisTanah_WS_ASAHAN_TOBA.shx,1JsjkLgwISTj4bRXyOhFVlGru5IFyVQyJ
WS_ASAHAN_TOBA,JenisTanah,shp,JenisTanah_WS_ASAHAN_TOBA.shp,1mKBcpDRORPiPL2P3QlkUMIR_IwjnAPJI
WS_ASAHAN_TOBA,JenisTanah,prj,JenisTanah_WS_ASAHAN_TOBA.prj,1-w1eXnBwBTrsHj1IMHbxewiJRwLOOCSI
WS_ASAHAN_TOBA,JenisTanah,cpg,JenisTanah_WS_ASAHAN_TOBA.cpg,1F2OfJA2SY_Nlf2S8L6WOt0VcVFGVaIk6
WS_ASAHAN_TOBA,Erosi,prj,Erosi_WS_ASAHAN_TOBA.prj,1lx4h5nql3HMc71LiWz92b5oBKFheob_o
WS_ASAHAN_TOBA,Erosi,dbf,Erosi_WS_ASAHAN_TOBA.dbf,1CBNCDUL4JSJ80HLzuGb368A18LTVJ-TD
WS_ASAHAN_TOBA,Erosi,shp,Erosi_WS_ASAHAN_TOBA.shp,1KrI1iOCg4tXm5lrazq8_T77AOY6H8VMC
WS_ASAHAN_TOBA,Erosi,cpg,Erosi_WS_ASAHAN_TOBA.cpg,1zVY-s6HNIU9JLEEs3HODBOd4rP6-fhFI
WS_ASAHAN_TOBA,Erosi,shx,Erosi_WS_ASAHAN_TOBA.shx,1LiisevcW7XzOwnSlCJ9uK9l7ZJ0JcMK_
WS_AMBON_SERAM,RURHLDAS,shp,RURHLDAS_WS_AMBON_SERAM.shp,1omN1D6xAeWe6Hki2pGzNWFSkU6gVqhty
WS_AMBON_SERAM,RURHLDAS,dbf,RURHLDAS_WS_AMBON_SERAM.dbf,1dtTsaXCQ0xl-JCh58z7npmZqrAJ3oLro
WS_AMBON_SERAM,RURHLDAS,shx,RURHLDAS_WS_AMBON_SERAM.shx,1DYfziEmLOx9SI3suAPYbs02nPZsyRWVG
WS_AMBON_SERAM,RURHLDAS,cpg,RURHLDAS_WS_AMBON_SERAM.cpg,1XBZQlTqoORCtMwH0x-O8bF237RSxOxQf
WS_AMBON_SERAM,RURHLDAS,prj,RURHLDAS_WS_AMBON_SERAM.prj,1skPZApmCnGwpd9BEgwXryW2B0oonHATu
WS_AMBON_SERAM,TutupanLahan,prj,TutupanLahan_WS_AMBON_SERAM.prj,1N4VG-78adF9TCIRExE51gaA5aSKiThin
WS_AMBON_SERAM,TutupanLahan,dbf,TutupanLahan_WS_AMBON_SERAM.dbf,1a2F9GKiu-Rv86nFiTzoTpXgkqltV_ouA
WS_AMBON_SERAM,TutupanLahan,cpg,TutupanLahan_WS_AMBON_SERAM.cpg,1mRT573VMcXh40QxNlNHp9Ch1RUMVmdn5
WS_AMBON_SERAM,TutupanLahan,shx,TutupanLahan_WS_AMBON_SERAM.shx,1SNdcjj_1kYHxdwVfrDwtQo3CAzWNufAn
WS_AMBON_SERAM,TutupanLahan,shp,TutupanLahan_WS_AMBON_SERAM.shp,1qAwj_cbHZVH1RJoZZX6rUaWBQM-wUcxi
WS_AMBON_SERAM,KawasanHutan,shp,KawasanHutan_WS_AMBON_SERAM.shp,1BykFlwH3lRm-NZROk3t_ZQ8E2eiDE6b1
WS_AMBON_SERAM,KawasanHutan,dbf,KawasanHutan_WS_AMBON_SERAM.dbf,1Bh14MDYiM7zp02diBBHM2rUDFmz5sb4Q
WS_AMBON_SERAM,KawasanHutan,cpg,KawasanHutan_WS_AMBON_SERAM.cpg,1mh_LIbS4rcaSCFlSZB8Y3fbEuEVrUF7L
WS_AMBON_SERAM,KawasanHutan,prj,KawasanHutan_WS_AMBON_SERAM.prj,1ikhfsxiRRE3qNRCjrt3MJiNRYmELZghr
WS_AMBON_SERAM,KawasanHutan,shx,KawasanHutan_WS_AMBON_SERAM.shx,1Eo7QMAKk_G5sKa-NlhomLuqvrnfl41vG
WS_AMBON_SERAM,JenisTanah,shx,JenisTanah_WS_AMBON_SERAM.shx,1yuJ_--g0nnP-aeAf7sMqwO0ruuIu-3Jh
WS_AMBON_SERAM,JenisTanah,shp,JenisTanah_WS_AMBON_SERAM.shp,1v6WwlDjE_Mj7C6b44yh-r5ExmFmkXGFb
WS_AMBON_SERAM,JenisTanah,prj,JenisTanah_WS_AMBON_SERAM.prj,1QN_6JqjK9uKT5mMzwwktRdEF0fUekSAs
WS_AMBON_SERAM,JenisTanah,dbf,JenisTanah_WS_AMBON_SERAM.dbf,1V0j55oHJ30IlBCfjHuf8YXxkO0hZ008J
WS_AMBON_SERAM,JenisTanah,cpg,JenisTanah_WS_AMBON_SERAM.cpg,14rsWT7XpEtVfVbqCE59UH11pSSCsbBRq
WS_AMBON_SERAM,Erosi,dbf,Erosi_WS_AMBON_SERAM.dbf,1Vyg3O6uaDj5Yx7nFBxh1KpN9zitPDNel
WS_AMBON_SERAM,Erosi,shp,Erosi_WS_AMBON_SERAM.shp,1b6h0ZGIq9DRDtsHuPO_KLyAnQX9s65bY
WS_AMBON_SERAM,Erosi,prj,Erosi_WS_AMBON_SERAM.prj,1TDyrKGDeQ9_Eso0q0e774siKzPeorYXA
WS_AMBON_SERAM,Erosi,cpg,Erosi_WS_AMBON_SERAM.cpg,1yqvG4gJtoLaqB9GayAm7k7PgwvClWiBu
WS_AMBON_SERAM,Erosi,shx,Erosi_WS_AMBON_SERAM.shx,1J75__v59tqDkkBVHS_MxPSJjKOufwM_6
WS_ANAI_SIBERUT_PAGAI_SIPORA,RURHLDAS,prj,RURHLDAS_WS_ANAI_SIBERUT_PAGAI_SIPORA.prj,1iHPlGckP16ZNLEUVR7vQZDp3p_fkLAi-
WS_ANAI_SIBERUT_PAGAI_SIPORA,RURHLDAS,dbf,RURHLDAS_WS_ANAI_SIBERUT_PAGAI_SIPORA.dbf,1jTLGdXWqBjBP3wUb588vpAsBoxPVnBk7
WS_ANAI_SIBERUT_PAGAI_SIPORA,RURHLDAS,shp,RURHLDAS_WS_ANAI_SIBERUT_PAGAI_SIPORA.shp,1Eg-qdkDQz7CMxuRtbbeF7KfbKs8UVNC9
WS_ANAI_SIBERUT_PAGAI_SIPORA,RURHLDAS,shx,RURHLDAS_WS_ANAI_SIBERUT_PAGAI_SIPORA.shx,1_NIqKzhyPr8su8HvJtj3gtqkGnJfnc0J
WS_ANAI_SIBERUT_PAGAI_SIPORA,RURHLDAS,cpg,RURHLDAS_WS_ANAI_SIBERUT_PAGAI_SIPORA.cpg,1hAmyxkE1Rea5p92_YUSWx5AgEnIMMVN4
WS_ANAI_SIBERUT_PAGAI_SIPORA,TutupanLahan,dbf,TutupanLahan_WS_ANAI_SIBERUT_PAGAI_SIPORA.dbf,1RXsmzLJ2SbnkSjaZExT0yogcAMJ62GhT
WS_ANAI_SIBERUT_PAGAI_SIPORA,TutupanLahan,shp,TutupanLahan_WS_ANAI_SIBERUT_PAGAI_SIPORA.shp,1zIpXq8U_mjXZv1B7BlAgLbqOia3OV7YA
WS_ANAI_SIBERUT_PAGAI_SIPORA,TutupanLahan,prj,TutupanLahan_WS_ANAI_SIBERUT_PAGAI_SIPORA.prj,140cofeyYJO1mmhLzvQfzU7MIcveJYupX
WS_ANAI_SIBERUT_PAGAI_SIPORA,TutupanLahan,shx,TutupanLahan_WS_ANAI_SIBERUT_PAGAI_SIPORA.shx,1xJpTWMYVrCcYTfizi0uENChGxnVRHHdt
WS_ANAI_SIBERUT_PAGAI_SIPORA,TutupanLahan,cpg,TutupanLahan_WS_ANAI_SIBERUT_PAGAI_SIPORA.cpg,1mhMCa-JXigA49ixisYT_lAC1LLUk3KsU
WS_ANAI_SIBERUT_PAGAI_SIPORA,KawasanHutan,cpg,KawasanHutan_WS_ANAI_SIBERUT_PAGAI_SIPORA.cpg,1fmAIUGDSm-l3hXfTOqfViOsytbS2Ayia
WS_ANAI_SIBERUT_PAGAI_SIPORA,KawasanHutan,shx,KawasanHutan_WS_ANAI_SIBERUT_PAGAI_SIPORA.shx,1zQlWYsNuSqLi9tm0SGFR7cCV_de7qzo1
WS_ANAI_SIBERUT_PAGAI_SIPORA,KawasanHutan,dbf,KawasanHutan_WS_ANAI_SIBERUT_PAGAI_SIPORA.dbf,1kckVKOCn8PkGjaVfaRxNw3xseg0E6WVZ
WS_ANAI_SIBERUT_PAGAI_SIPORA,KawasanHutan,shp,KawasanHutan_WS_ANAI_SIBERUT_PAGAI_SIPORA.shp,17e173RYP6_EXeUKzJnKKGWN_nuNpRr4k
WS_ANAI_SIBERUT_PAGAI_SIPORA,KawasanHutan,prj,KawasanHutan_WS_ANAI_SIBERUT_PAGAI_SIPORA.prj,1jkm_GwYZQYYK3uhuFW1137JqXsk3Bgk6
WS_ANAI_SIBERUT_PAGAI_SIPORA,JenisTanah,cpg,JenisTanah_WS_ANAI_SIBERUT_PAGAI_SIPORA.cpg,1clwYL7P3O-e6sCBT4-polGQgNePWM2Zl
WS_ANAI_SIBERUT_PAGAI_SIPORA,JenisTanah,dbf,JenisTanah_WS_ANAI_SIBERUT_PAGAI_SIPORA.dbf,1wusN9bt4Wp0hGBsQSkKQnP7BJpe9MsSn
WS_ANAI_SIBERUT_PAGAI_SIPORA,JenisTanah,prj,JenisTanah_WS_ANAI_SIBERUT_PAGAI_SIPORA.prj,1BxpyCP3hm8v5FnFCh48TT8PaDkRAio-g
WS_ANAI_SIBERUT_PAGAI_SIPORA,JenisTanah,shp,JenisTanah_WS_ANAI_SIBERUT_PAGAI_SIPORA.shp,1pcuSCy_RcSp-b5_xMFsRb30Av7plA35c
WS_ANAI_SIBERUT_PAGAI_SIPORA,JenisTanah,shx,JenisTanah_WS_ANAI_SIBERUT_PAGAI_SIPORA.shx,1d55Ue83vpDoQg_yR6j5wOISy2_O90JDo
WS_ANAI_SIBERUT_PAGAI_SIPORA,Erosi,shp,Erosi_WS_ANAI_SIBERUT_PAGAI_SIPORA.shp,1k3yEChm-053pEdcwHPYyEOhZWEntUeF9
WS_ANAI_SIBERUT_PAGAI_SIPORA,Erosi,prj,Erosi_WS_ANAI_SIBERUT_PAGAI_SIPORA.prj,1j4bsv1B5snT9f5mZOV1TuGE2jOmCCPMw
WS_ANAI_SIBERUT_PAGAI_SIPORA,Erosi,dbf,Erosi_WS_ANAI_SIBERUT_PAGAI_SIPORA.dbf,1kvfhN_6WRnXByIAFe8t7FjXWvLaKm_c3
WS_ANAI_SIBERUT_PAGAI_SIPORA,Erosi,shx,Erosi_WS_ANAI_SIBERUT_PAGAI_SIPORA.shx,1K2A7EzfvQZ_yunTti0jzYO2ImmJzo_yY
WS_ANAI_SIBERUT_PAGAI_SIPORA,Erosi,cpg,Erosi_WS_ANAI_SIBERUT_PAGAI_SIPORA.cpg,14xO2e3aFmlSY0DYl-V1AnJJIm00BZC1E
WS_ACEH_MEUREUDU,RURHLDAS,dbf,RURHLDAS_WS_ACEH_MEUREUDU.dbf,1YC3i4nH8NRQVDzbY1G12NTxDhpweSjAn
WS_ACEH_MEUREUDU,RURHLDAS,shp,RURHLDAS_WS_ACEH_MEUREUDU.shp,1-bEPvYMf4Rk069OXv0-J-r8aTUvwQlXD
WS_ACEH_MEUREUDU,RURHLDAS,shx,RURHLDAS_WS_ACEH_MEUREUDU.shx,1SNJuJXxOuFWB9Uk6EdqYxPvD4zXRkruz
WS_ACEH_MEUREUDU,RURHLDAS,prj,RURHLDAS_WS_ACEH_MEUREUDU.prj,1gSDExLSuFlFu4v22qAa4hgTb1PAONKMn
WS_ACEH_MEUREUDU,RURHLDAS,cpg,RURHLDAS_WS_ACEH_MEUREUDU.cpg,1kxvILVNC7lBEgctvgJpiJ_Ofr3Cdcgon
WS_ACEH_MEUREUDU,TutupanLahan,cpg,TutupanLahan_WS_ACEH_MEUREUDU.cpg,1kmFl67QfFFUgbhJA872OH4ICy2Sw3YgY
WS_ACEH_MEUREUDU,TutupanLahan,prj,TutupanLahan_WS_ACEH_MEUREUDU.prj,1ng6eoefFuokcMx4uCeeR-Xlref4L7n7f
WS_ACEH_MEUREUDU,TutupanLahan,shp,TutupanLahan_WS_ACEH_MEUREUDU.shp,14evijdJMvTyh_2JKbQN33LkXt1eHMy3F
WS_ACEH_MEUREUDU,TutupanLahan,shx,TutupanLahan_WS_ACEH_MEUREUDU.shx,1TfGp50JnpkC6iGfUED1-DGfSbmPnfHNM
WS_ACEH_MEUREUDU,TutupanLahan,dbf,TutupanLahan_WS_ACEH_MEUREUDU.dbf,1MTgnLeC_MV_gpBENebbmSwqmGbYfbn2J
WS_ACEH_MEUREUDU,KawasanHutan,cpg,KawasanHutan_WS_ACEH_MEUREUDU.cpg,19T378Q90iRbK9-A0azoh0x6BGgzmzAtW
WS_ACEH_MEUREUDU,KawasanHutan,shp,KawasanHutan_WS_ACEH_MEUREUDU.shp,1uqigerjzF9UJFvhuxp6GhttkzTWeZxqY
WS_ACEH_MEUREUDU,KawasanHutan,shx,KawasanHutan_WS_ACEH_MEUREUDU.shx,1qLPSqm9wouKLiwQ5CrH-QbEGfsf37A_D
WS_ACEH_MEUREUDU,KawasanHutan,prj,KawasanHutan_WS_ACEH_MEUREUDU.prj,1vGStU-Ao_-4B55wLuoyzuyMXvVIE6zeA
WS_ACEH_MEUREUDU,KawasanHutan,dbf,KawasanHutan_WS_ACEH_MEUREUDU.dbf,1tSUKLI9Qufsh39lkEEgeuXEwRkW3l6-I
WS_ACEH_MEUREUDU,JenisTanah,prj,JenisTanah_WS_ACEH_MEUREUDU.prj,14puuU5brgd81s8e_2ejaUOQnT5fzfO0f
WS_ACEH_MEUREUDU,JenisTanah,cpg,JenisTanah_WS_ACEH_MEUREUDU.cpg,13cSTO_r35Wc5yZ2ogJbs-Zo0KyORTQt_
WS_ACEH_MEUREUDU,JenisTanah,shx,JenisTanah_WS_ACEH_MEUREUDU.shx,1sxXzcUA_UawRn0cqwo-C8WUhPbAXRGs5
WS_ACEH_MEUREUDU,JenisTanah,dbf,JenisTanah_WS_ACEH_MEUREUDU.dbf,1DFfe198yGMaRy-k-Irj_Hs6S58yfJIMM
WS_ACEH_MEUREUDU,JenisTanah,shp,JenisTanah_WS_ACEH_MEUREUDU.shp,1ASlvAHjSk4JnHvOPKF7mvWjqt3YIZtsQ
WS_ACEH_MEUREUDU,Erosi,shx,Erosi_WS_ACEH_MEUREUDU.shx,1L6NPAA86bIRcsdk1U-nOAZUvhV6x3_8V
WS_ACEH_MEUREUDU,Erosi,dbf,Erosi_WS_ACEH_MEUREUDU.dbf,1Qly9Sjus70YOvYw2bzMJxyugd9s3QErK
WS_ACEH_MEUREUDU,Erosi,shp,Erosi_WS_ACEH_MEUREUDU.shp,1rBxR0wHPfnFfjUUHDeKfOryewkZiAk7M
WS_ACEH_MEUREUDU,Erosi,cpg,Erosi_WS_ACEH_MEUREUDU.cpg,1qErtZxi2PQQ_5Z0Q0_8-08yjfdohMncQ
WS_ACEH_MEUREUDU,Erosi,prj,Erosi_WS_ACEH_MEUREUDU.prj,1k0Sc7-sjtpCC1nEUXkqPC5CYz7iRZv0W
WS_WISO_GELIS,RURHLDAS,shp,RURHLDAS_WS_WISO_GELIS.shp,1KA64lvvzq8ENpcZoM6RHfCEjqGqePWNP
WS_WISO_GELIS,RURHLDAS,dbf,RURHLDAS_WS_WISO_GELIS.dbf,1IdOzxa5-Oai-riPWaymxofysc4iBopAY
WS_WISO_GELIS,RURHLDAS,prj,RURHLDAS_WS_WISO_GELIS.prj,1OzmAEOIT88fmibWM58wwmHblJP9NrVvU
WS_WISO_GELIS,RURHLDAS,shx,RURHLDAS_WS_WISO_GELIS.shx,1ivBNPkuAoqqO2y4H77gb2F6JhrZfZeUQ
WS_WISO_GELIS,RURHLDAS,cpg,RURHLDAS_WS_WISO_GELIS.cpg,1C5ahd1d_VJB90hKJcKVHqC3HgDF42ns6
WS_WISO_GELIS,TutupanLahan,shx,TutupanLahan_WS_WISO_GELIS.shx,1lJRm0Xfk0Q2BII_tYeAxHJJMWQjOmArJ
WS_WISO_GELIS,TutupanLahan,shp,TutupanLahan_WS_WISO_GELIS.shp,1DK6yc1YrjarX-Row5xoS3aZpH52WLyYv
WS_WISO_GELIS,TutupanLahan,cpg,TutupanLahan_WS_WISO_GELIS.cpg,1sARW17Lj_-6nCManj8m6gfITF9gU0Usd
WS_WISO_GELIS,TutupanLahan,dbf,TutupanLahan_WS_WISO_GELIS.dbf,1MHoXtyPj3zdXpi1GSqn1bsYQ2fufE-dq
WS_WISO_GELIS,TutupanLahan,prj,TutupanLahan_WS_WISO_GELIS.prj,1aRSq-xUxGEimTgi6dCdWwpTeF7YWHV7r
WS_WISO_GELIS,KawasanHutan,shp,KawasanHutan_WS_WISO_GELIS.shp,1X9auLRgKnpN81lcKKe7JO2sOnwckfTYw
WS_WISO_GELIS,KawasanHutan,prj,KawasanHutan_WS_WISO_GELIS.prj,1OvJse-y6vrsB5tUEBjIHD8gLdt4KQFB4
WS_WISO_GELIS,KawasanHutan,dbf,KawasanHutan_WS_WISO_GELIS.dbf,1XysdQXM49LFHtj7GFHGgc-v-nrQxh6Iu
WS_WISO_GELIS,KawasanHutan,shx,KawasanHutan_WS_WISO_GELIS.shx,1Xb-L5x6U_oaD2w5g-kydHpEzSkLKPJZW
WS_WISO_GELIS,KawasanHutan,cpg,KawasanHutan_WS_WISO_GELIS.cpg,1Kqy8573jrZ2jgksK7kUjBGUj0AhtQOOf
WS_WISO_GELIS,JenisTanah,dbf,JenisTanah_WS_WISO_GELIS.dbf,1DOL_qkwZXyhVKrEg0yFN4UmWCECHqdbC
WS_WISO_GELIS,JenisTanah,shx,JenisTanah_WS_WISO_GELIS.shx,13f8uJF2NJT-I6586bI7_Wj87BEJQSeFY
WS_WISO_GELIS,JenisTanah,cpg,JenisTanah_WS_WISO_GELIS.cpg,1Y_dP7-Op6moaH7gI6G9o_iYtdCXxi-1j
WS_WISO_GELIS,JenisTanah,prj,JenisTanah_WS_WISO_GELIS.prj,1iATizhfgVlH5y60l8YrWbiqqpYxdRo67
WS_WISO_GELIS,JenisTanah,shp,JenisTanah_WS_WISO_GELIS.shp,1Ykp_UDHMUfQn78U3WvnZoc9HmiplNuZ8
WS_WISO_GELIS,Erosi,shx,Erosi_WS_WISO_GELIS.shx,122ZYP34uHordHvjlVFgOyPNqPZ5Fm-ck
WS_WISO_GELIS,Erosi,shp,Erosi_WS_WISO_GELIS.shp,11SBzcIVxnRQD7mILWcfaoT0PtHBMtvHM
WS_WISO_GELIS,Erosi,prj,Erosi_WS_WISO_GELIS.prj,1lCpPxzT8NZI_riWuqaBBh4wveNrRT5y3
WS_WISO_GELIS,Erosi,dbf,Erosi_WS_WISO_GELIS.dbf,1os8qkRADfdmzSwCokZ5L7HQkVSHUplwO
WS_WISO_GELIS,Erosi,cpg,Erosi_WS_WISO_GELIS.cpg,17N_GsZ_QMA2h9kZAqSCBibeC7NUXoJ8n
WS_WAPOGA_MIMIKA,RURHLDAS,cpg,RURHLDAS_WS_WAPOGA_MIMIKA.cpg,1Y2nCOIzdxRBkpQewQMDtJYo20ccRDm7e
WS_WAPOGA_MIMIKA,RURHLDAS,shx,RURHLDAS_WS_WAPOGA_MIMIKA.shx,1fvj-8DnDB4Vl21C4lt_dfmOm_8kuAT7T
WS_WAPOGA_MIMIKA,RURHLDAS,dbf,RURHLDAS_WS_WAPOGA_MIMIKA.dbf,1bM3NHY_INh-YUoHA9ByRnPtRvdd-9rxc
WS_WAPOGA_MIMIKA,RURHLDAS,shp,RURHLDAS_WS_WAPOGA_MIMIKA.shp,1RpEnxiZd7zCEugyrGdAW4yZAp9yrTTUC
WS_WAPOGA_MIMIKA,RURHLDAS,prj,RURHLDAS_WS_WAPOGA_MIMIKA.prj,1xkhnCrNZoYVZGlIXkjlTptOQmOeu-AKn
WS_WAPOGA_MIMIKA,TutupanLahan,cpg,TutupanLahan_WS_WAPOGA_MIMIKA.cpg,1vr4Q9iYLWXbMBWKy7k__ejRy3JvycIdg
WS_WAPOGA_MIMIKA,TutupanLahan,prj,TutupanLahan_WS_WAPOGA_MIMIKA.prj,1t3esVbA3xYefnLRFbOXTSL33G6V9lFQn
WS_WAPOGA_MIMIKA,TutupanLahan,dbf,TutupanLahan_WS_WAPOGA_MIMIKA.dbf,1HrCv9J7qPDevnYIupnMqKupA8FmK8M8m
WS_WAPOGA_MIMIKA,TutupanLahan,shx,TutupanLahan_WS_WAPOGA_MIMIKA.shx,1gYIeCgw2rlcAONx38W5IG1f2iCj3QQXX
WS_WAPOGA_MIMIKA,TutupanLahan,shp,TutupanLahan_WS_WAPOGA_MIMIKA.shp,1x-63RCTRRUt-77gaI6heMaOtqV_FmfPl
WS_WAPOGA_MIMIKA,KawasanHutan,cpg,KawasanHutan_WS_WAPOGA_MIMIKA.cpg,1-WvzJHBUPDHw4MphI8QqsNOJI7rnlHTG
WS_WAPOGA_MIMIKA,KawasanHutan,prj,KawasanHutan_WS_WAPOGA_MIMIKA.prj,1wtxw9vXj1t6sWFXMyLHdraUjPrl3LeDF
WS_WAPOGA_MIMIKA,KawasanHutan,dbf,KawasanHutan_WS_WAPOGA_MIMIKA.dbf,1y6iCOfVqc6SOwYwGk8DJuhAM66s5a0ec
WS_WAPOGA_MIMIKA,KawasanHutan,shx,KawasanHutan_WS_WAPOGA_MIMIKA.shx,1SPnioRXo9LtTWiqUNkC6hj-HFqWIc5Q7
WS_WAPOGA_MIMIKA,KawasanHutan,shp,KawasanHutan_WS_WAPOGA_MIMIKA.shp,1Lbf0dPcFif5ZDP_gGyx7KOwewd7Gqs3K
WS_WAPOGA_MIMIKA,JenisTanah,shx,JenisTanah_WS_WAPOGA_MIMIKA.shx,14FcnoYI854nEctBDb57YYX5G9A68oMXl
WS_WAPOGA_MIMIKA,JenisTanah,prj,JenisTanah_WS_WAPOGA_MIMIKA.prj,1fNwHLONOy0EwnzcwS6D52kQxaA4clf25
WS_WAPOGA_MIMIKA,JenisTanah,dbf,JenisTanah_WS_WAPOGA_MIMIKA.dbf,1vE8RaAOe-9Uji4IqLhmviwfDpoHOlZEp
WS_WAPOGA_MIMIKA,JenisTanah,cpg,JenisTanah_WS_WAPOGA_MIMIKA.cpg,1ZGXxf389zHNDVJCEDjv2hdSkMz674DTx
WS_WAPOGA_MIMIKA,JenisTanah,shp,JenisTanah_WS_WAPOGA_MIMIKA.shp,14h3GsyYlFF7g0xFl0SBE4Jna8kvizccu
WS_WAPOGA_MIMIKA,Erosi,cpg,Erosi_WS_WAPOGA_MIMIKA.cpg,1cqw4f8PYmAd70TtsgMYGewioL1oE0A27
WS_WAPOGA_MIMIKA,Erosi,prj,Erosi_WS_WAPOGA_MIMIKA.prj,12u1w_4n-V75kK6-zfyaMSFcEmAKk_IOm
WS_WAPOGA_MIMIKA,Erosi,dbf,Erosi_WS_WAPOGA_MIMIKA.dbf,1vx7fM03NADnG6QN0cJoEtiqCpa-0WV3m
WS_WAPOGA_MIMIKA,Erosi,shx,Erosi_WS_WAPOGA_MIMIKA.shx,1NseU0_N0VYhJzOMQQkcDQSqSc1kuYR8t
WS_WAPOGA_MIMIKA,Erosi,shp,Erosi_WS_WAPOGA_MIMIKA.shp,1F-XzugpVTz36Fqc_l2-EacyOQPHi5CgW
WS_WELANG_PEKALEN,RURHLDAS,dbf,RURHLDAS_WS_WELANG_PEKALEN.dbf,18Ni6bRWnlPAe4lJs-0_6Ms4VX7PNZ22k
WS_WELANG_PEKALEN,RURHLDAS,cpg,RURHLDAS_WS_WELANG_PEKALEN.cpg,1SpR9IuWOquy7j9Clwexl9ja7soqenrYV
WS_WELANG_PEKALEN,RURHLDAS,shx,RURHLDAS_WS_WELANG_PEKALEN.shx,1kZDodyWXUee9stWWU3KXYxMOqxJCbZQP
WS_WELANG_PEKALEN,RURHLDAS,shp,RURHLDAS_WS_WELANG_PEKALEN.shp,1T1hFsGWlwVn6XAnuva0lfeYIOj0FQK0s
WS_WELANG_PEKALEN,RURHLDAS,prj,RURHLDAS_WS_WELANG_PEKALEN.prj,1tbrTYEeWLpWqffRR13qUhc8a-iqK5O3q
WS_WELANG_PEKALEN,TutupanLahan,shp,TutupanLahan_WS_WELANG_PEKALEN.shp,1tQ4yEuSxRSRcJ3NpG_vb7VxDUvRDS3NN
WS_WELANG_PEKALEN,TutupanLahan,dbf,TutupanLahan_WS_WELANG_PEKALEN.dbf,1xgtp0JxrzdI6CLYs5GLfQKjZWGsr5Qyf
WS_WELANG_PEKALEN,TutupanLahan,shx,TutupanLahan_WS_WELANG_PEKALEN.shx,1l8FegKzSeQMM3GPxE6-XtqtaEo65FrnY
WS_WELANG_PEKALEN,TutupanLahan,cpg,TutupanLahan_WS_WELANG_PEKALEN.cpg,1BFjwlY24miszh5zoCSW-viu15_APXP4n
WS_WELANG_PEKALEN,TutupanLahan,prj,TutupanLahan_WS_WELANG_PEKALEN.prj,1w9CcovJ3jJ8ZxJxDYsc8sXTEakLFiR_K
WS_WELANG_PEKALEN,KawasanHutan,cpg,KawasanHutan_WS_WELANG_PEKALEN.cpg,1EQF9nejtdw6wXh58Yr2udMz9qqbrojRy
WS_WELANG_PEKALEN,KawasanHutan,shp,KawasanHutan_WS_WELANG_PEKALEN.shp,16qrUrCHHLl2bQexqQnSz6qWOxIQnTCWN
WS_WELANG_PEKALEN,KawasanHutan,dbf,KawasanHutan_WS_WELANG_PEKALEN.dbf,1FouPp1IE1tfmRp1LmvzNjHFUsD646oLw
WS_WELANG_PEKALEN,KawasanHutan,shx,KawasanHutan_WS_WELANG_PEKALEN.shx,1mTSb4YXd8h2N-yQP7vAMZm8ThVIxHKoq
WS_WELANG_PEKALEN,KawasanHutan,prj,KawasanHutan_WS_WELANG_PEKALEN.prj,15lDEhjT2_8GHirdtckj2adHMe94QYdZ_
WS_WELANG_PEKALEN,JenisTanah,dbf,JenisTanah_WS_WELANG_PEKALEN.dbf,1WDCL49LFbnQrjiWpN0HRhUNZVCLuDuuB
WS_WELANG_PEKALEN,JenisTanah,cpg,JenisTanah_WS_WELANG_PEKALEN.cpg,1guk9rtdUV0a1GKNyVwvvqwTz0lnafkNb
WS_WELANG_PEKALEN,JenisTanah,shp,JenisTanah_WS_WELANG_PEKALEN.shp,1oqm9XCvxDawY-QwZdpSc36hbsFnpSiKS
WS_WELANG_PEKALEN,JenisTanah,shx,JenisTanah_WS_WELANG_PEKALEN.shx,1YqnAMcGBzi0uAca01KoM9CCPGJ4LHR0U
WS_WELANG_PEKALEN,JenisTanah,prj,JenisTanah_WS_WELANG_PEKALEN.prj,1Wy5UQ8lcLo3-a6mCaPEWzkeGonsj9m4X
WS_WELANG_PEKALEN,Erosi,dbf,Erosi_WS_WELANG_PEKALEN.dbf,1HtDjGpxgTvoo6xuDwLXiMT-vlzAqFrm_
WS_WELANG_PEKALEN,Erosi,shp,Erosi_WS_WELANG_PEKALEN.shp,1gVO3SvrdWcMDrkuMsxij5v8KkrOyea_q
WS_WELANG_PEKALEN,Erosi,cpg,Erosi_WS_WELANG_PEKALEN.cpg,1n0a3AiWfmGrgMaykZCWADPOAk4xaxSHm
WS_WELANG_PEKALEN,Erosi,prj,Erosi_WS_WELANG_PEKALEN.prj,1JY56ABrS_Kx8QndCuyusrLWi9Ehej5bQ
WS_WELANG_PEKALEN,Erosi,shx,Erosi_WS_WELANG_PEKALEN.shx,1nuTfGqDTTILAi5Ot9vYj0khGzJ0rOeSN
WS_TERAMANG_MUAR,RURHLDAS,shp,RURHLDAS_WS_TERAMANG_MUAR.shp,1m19ymZRqUVRH6D0mNiW4kk97icgJTUA-
WS_TERAMANG_MUAR,RURHLDAS,shx,RURHLDAS_WS_TERAMANG_MUAR.shx,1LW9oSF2AcHslcGKIrmbMwpq2aXgv9nwh
WS_TERAMANG_MUAR,RURHLDAS,prj,RURHLDAS_WS_TERAMANG_MUAR.prj,10KezDZU3n7d105N7I6yscZqsulb_o5Nz
WS_TERAMANG_MUAR,RURHLDAS,dbf,RURHLDAS_WS_TERAMANG_MUAR.dbf,1rxF1ByvqXG35nle5QCViN-WPIF-0xLhR
WS_TERAMANG_MUAR,RURHLDAS,cpg,RURHLDAS_WS_TERAMANG_MUAR.cpg,1eYDnjWc7DrizeK6JXqEq0_evrn8q--7-
WS_TERAMANG_MUAR,TutupanLahan,dbf,TutupanLahan_WS_TERAMANG_MUAR.dbf,1Lpa320BIreWC1wb6IM58UGCgDcO4eamd
WS_TERAMANG_MUAR,TutupanLahan,cpg,TutupanLahan_WS_TERAMANG_MUAR.cpg,1lOr1GcRxj9VQOJIihzj6rjLNqI-mnQB2
WS_TERAMANG_MUAR,TutupanLahan,prj,TutupanLahan_WS_TERAMANG_MUAR.prj,160l5f_KsiN4atY-zB09hpL4zIt4MFKaR
WS_TERAMANG_MUAR,TutupanLahan,shp,TutupanLahan_WS_TERAMANG_MUAR.shp,13t6YpBqtqshkkTk0MpkS6JC241w2j1sQ
WS_TERAMANG_MUAR,TutupanLahan,shx,TutupanLahan_WS_TERAMANG_MUAR.shx,169e_ZJTX-AWf-3pKs5MipOiN3tLlDgiV
WS_TERAMANG_MUAR,KawasanHutan,shx,KawasanHutan_WS_TERAMANG_MUAR.shx,1c5ikp2f-DeRbYNpvL6SO4ncc80P7PO0Y
WS_TERAMANG_MUAR,KawasanHutan,prj,KawasanHutan_WS_TERAMANG_MUAR.prj,12wryMVIVN2W9vsYh_P-aHZRjS4x4Cnws
WS_TERAMANG_MUAR,KawasanHutan,cpg,KawasanHutan_WS_TERAMANG_MUAR.cpg,1mzrWAYEjN0x4p7Kb3y-pD5UC12Lh2tfg
WS_TERAMANG_MUAR,KawasanHutan,shp,KawasanHutan_WS_TERAMANG_MUAR.shp,1Vcj1HwqVOmSmgAe0HsGiE1raSFxoTASE
WS_TERAMANG_MUAR,KawasanHutan,dbf,KawasanHutan_WS_TERAMANG_MUAR.dbf,1_rBUhJzrKGqR2p4a8IG66DsUEPYScSmS
WS_TERAMANG_MUAR,JenisTanah,prj,JenisTanah_WS_TERAMANG_MUAR.prj,17MFm1bVSpc4MjgMsw4T9pM20tRNSQoK3
WS_TERAMANG_MUAR,JenisTanah,dbf,JenisTanah_WS_TERAMANG_MUAR.dbf,1-_cHJuCxYe-e4F5gxi44TI1w48R6_8C3
WS_TERAMANG_MUAR,JenisTanah,shp,JenisTanah_WS_TERAMANG_MUAR.shp,1BTOas59JULDWfmgtJGXg6raUZA-XINd2
WS_TERAMANG_MUAR,JenisTanah,shx,JenisTanah_WS_TERAMANG_MUAR.shx,12IfGN4Qo9sTSECQgBMKAmOBHSKDR2qbC
WS_TERAMANG_MUAR,JenisTanah,cpg,JenisTanah_WS_TERAMANG_MUAR.cpg,1q9SLqzxjckKAZhKZnhuZ7xpyc1QOKtPW
WS_TERAMANG_MUAR,Erosi,cpg,Erosi_WS_TERAMANG_MUAR.cpg,14AcvIUMAGaIFvQ-mtmHtRlnV4pJgVIUK
WS_TERAMANG_MUAR,Erosi,dbf,Erosi_WS_TERAMANG_MUAR.dbf,1jOzTegSaVK1tPezqesJbca4y9R7aT2p7
WS_TERAMANG_MUAR,Erosi,shp,Erosi_WS_TERAMANG_MUAR.shp,1bsS3o8mJEjO8xyAuNFe7NH_TxIRFXV1o
WS_TERAMANG_MUAR,Erosi,shx,Erosi_WS_TERAMANG_MUAR.shx,1ILd3gTp7viQ7j1O6mMA27sMdPjaaW1O9
WS_TERAMANG_MUAR,Erosi,prj,Erosi_WS_TERAMANG_MUAR.prj,19zkWpyXS-xr6pzJFMrjvWVWUlfnIG32n
WS_TONDANO_SANGIHE_TALAUD_MIANGAS,RURHLDAS,cpg,RURHLDAS_WS_TONDANO_SANGIHE_TALAUD_MIANGAS.cpg,17R8p7DbBKJQl37ytkL89aRRD_YhRHmT6
WS_TONDANO_SANGIHE_TALAUD_MIANGAS,RURHLDAS,prj,RURHLDAS_WS_TONDANO_SANGIHE_TALAUD_MIANGAS.prj,1vQGxlMn4rQQ-9OyTLyr1tI-KBOxBbHt-
WS_TONDANO_SANGIHE_TALAUD_MIANGAS,RURHLDAS,shx,RURHLDAS_WS_TONDANO_SANGIHE_TALAUD_MIANGAS.shx,15PV10CD4nIUn91x8KqRWiabZcL2yQoAb
WS_TONDANO_SANGIHE_TALAUD_MIANGAS,RURHLDAS,shp,RURHLDAS_WS_TONDANO_SANGIHE_TALAUD_MIANGAS.shp,1sooV8W9xeFfiG6FeYdjZ1WOIPEYDbvMa
WS_TONDANO_SANGIHE_TALAUD_MIANGAS,RURHLDAS,dbf,RURHLDAS_WS_TONDANO_SANGIHE_TALAUD_MIANGAS.dbf,17ciMNaI8lUxCqc-lLVvIeXeBosWgssWb
WS_TONDANO_SANGIHE_TALAUD_MIANGAS,TutupanLahan,cpg,TutupanLahan_WS_TONDANO_SANGIHE_TALAUD_MIANGAS.cpg,1OjIvd_5Urava23yIl1O635Ac1fx0OaUx
WS_TONDANO_SANGIHE_TALAUD_MIANGAS,TutupanLahan,prj,TutupanLahan_WS_TONDANO_SANGIHE_TALAUD_MIANGAS.prj,15kIUzhhFiZ2-r4MuiHRYhhKSllgIlArv
WS_TONDANO_SANGIHE_TALAUD_MIANGAS,TutupanLahan,shp,TutupanLahan_WS_TONDANO_SANGIHE_TALAUD_MIANGAS.shp,1sIr_KcxzCGUUx3r0P-JpscWdrhszfYjC
WS_TONDANO_SANGIHE_TALAUD_MIANGAS,TutupanLahan,dbf,TutupanLahan_WS_TONDANO_SANGIHE_TALAUD_MIANGAS.dbf,1FDFkkwFXIy65r_fdR8qvN3x5NcWlQmWT
WS_TONDANO_SANGIHE_TALAUD_MIANGAS,TutupanLahan,shx,TutupanLahan_WS_TONDANO_SANGIHE_TALAUD_MIANGAS.shx,1uklxu0E6FW_K98KvgT7zGDKueQVgIheL
WS_TONDANO_SANGIHE_TALAUD_MIANGAS,KawasanHutan,shp,KawasanHutan_WS_TONDANO_SANGIHE_TALAUD_MIANGAS.shp,1L75NasxesxHoBWMg4iIPSPOMWhXAIr2k
WS_TONDANO_SANGIHE_TALAUD_MIANGAS,KawasanHutan,prj,KawasanHutan_WS_TONDANO_SANGIHE_TALAUD_MIANGAS.prj,1Llw4UeS531ESRcMyCQH3HqWiTGxMKDIc
WS_TONDANO_SANGIHE_TALAUD_MIANGAS,KawasanHutan,dbf,KawasanHutan_WS_TONDANO_SANGIHE_TALAUD_MIANGAS.dbf,19upaLBDL5kf5Wm59BuzF7zq892_XacsZ
WS_TONDANO_SANGIHE_TALAUD_MIANGAS,KawasanHutan,cpg,KawasanHutan_WS_TONDANO_SANGIHE_TALAUD_MIANGAS.cpg,10v66oECJJoRnubrQWazF_hKmW0PWMejc
WS_TONDANO_SANGIHE_TALAUD_MIANGAS,KawasanHutan,shx,KawasanHutan_WS_TONDANO_SANGIHE_TALAUD_MIANGAS.shx,1Wr3aRprsoUhIN0sy75tb_Tc14jhV2Syc
WS_TONDANO_SANGIHE_TALAUD_MIANGAS,JenisTanah,dbf,JenisTanah_WS_TONDANO_SANGIHE_TALAUD_MIANGAS.dbf,1BLkFrhMNeap3eAHxD2Ihx5QCYaoJeLQz
WS_TONDANO_SANGIHE_TALAUD_MIANGAS,JenisTanah,shp,JenisTanah_WS_TONDANO_SANGIHE_TALAUD_MIANGAS.shp,1yBgmb1x3kS1vddSdJ2Yi2Xz6Sp8YwH4L
WS_TONDANO_SANGIHE_TALAUD_MIANGAS,JenisTanah,cpg,JenisTanah_WS_TONDANO_SANGIHE_TALAUD_MIANGAS.cpg,1kd4sBj2AS8UjXOPu3Is3O6-6I3_9L6ZC
WS_TONDANO_SANGIHE_TALAUD_MIANGAS,JenisTanah,prj,JenisTanah_WS_TONDANO_SANGIHE_TALAUD_MIANGAS.prj,1TLDckrwNYJQIXsnttoNfacjmaHV2qoyW
WS_TONDANO_SANGIHE_TALAUD_MIANGAS,JenisTanah,shx,JenisTanah_WS_TONDANO_SANGIHE_TALAUD_MIANGAS.shx,1NdsYa53TvcDEQR8qEoxnBRHnHJ-hTHU6
WS_TONDANO_SANGIHE_TALAUD_MIANGAS,Erosi,cpg,Erosi_WS_TONDANO_SANGIHE_TALAUD_MIANGAS.cpg,18Fv6nh1lgQ-oRioaHAqmrLTXKTzcAe4O
WS_TONDANO_SANGIHE_TALAUD_MIANGAS,Erosi,shp,Erosi_WS_TONDANO_SANGIHE_TALAUD_MIANGAS.shp,16WeUCrtGlwaeW3nPtytfAKD9edU-VcHw
WS_TONDANO_SANGIHE_TALAUD_MIANGAS,Erosi,dbf,Erosi_WS_TONDANO_SANGIHE_TALAUD_MIANGAS.dbf,1e3106L6Q0ykM3d4OuQI9-ScYm9jTE9uj
WS_TONDANO_SANGIHE_TALAUD_MIANGAS,Erosi,prj,Erosi_WS_TONDANO_SANGIHE_TALAUD_MIANGAS.prj,1GLAf_uyvbQGNJEkKCeJ2ivOjAw_QOtpm
WS_TONDANO_SANGIHE_TALAUD_MIANGAS,Erosi,shx,Erosi_WS_TONDANO_SANGIHE_TALAUD_MIANGAS.shx,1HYPaAW7N6GCfb4p4uQ_E5fOqWw2imj8N
WS_TAMIANG_LANGSA,RURHLDAS,dbf,RURHLDAS_WS_TAMIANG_LANGSA.dbf,1FWDvA_aF40C1vgguHdKpi5FVa7r8Achw
WS_TAMIANG_LANGSA,RURHLDAS,shp,RURHLDAS_WS_TAMIANG_LANGSA.shp,1ZvyKzEEsZAr0IyP7XsoVfftcOrLXcRoU
WS_TAMIANG_LANGSA,RURHLDAS,shx,RURHLDAS_WS_TAMIANG_LANGSA.shx,1AZttPjgYUImsum7709DNyHhcRSnqG35k
WS_TAMIANG_LANGSA,RURHLDAS,cpg,RURHLDAS_WS_TAMIANG_LANGSA.cpg,12C0KDvhSICMx6J3f8Z2qWCGfeeetewBR
WS_TAMIANG_LANGSA,RURHLDAS,prj,RURHLDAS_WS_TAMIANG_LANGSA.prj,19XesGtw6P8NMC5L975y9B7vwxtFHebf2
WS_TAMIANG_LANGSA,TutupanLahan,shx,TutupanLahan_WS_TAMIANG_LANGSA.shx,1J2Ueh-tdvc_gK-YZ9MXqQwrEYrSCQMNX
WS_TAMIANG_LANGSA,TutupanLahan,prj,TutupanLahan_WS_TAMIANG_LANGSA.prj,19AxohP1etzHkctCmY5c9tl1YmkqNxWqH
WS_TAMIANG_LANGSA,TutupanLahan,dbf,TutupanLahan_WS_TAMIANG_LANGSA.dbf,1xGp9EVquu4GmUAyzQ1-qkU5haqjeJZPq
WS_TAMIANG_LANGSA,TutupanLahan,shp,TutupanLahan_WS_TAMIANG_LANGSA.shp,1DCq9oLlr2RfX0ml0w7HMf6KIpjKIi2_Y
WS_TAMIANG_LANGSA,TutupanLahan,cpg,TutupanLahan_WS_TAMIANG_LANGSA.cpg,1E6qLnSz9Q8dkMqK2iCejDmPc61BGS_Mp
WS_TAMIANG_LANGSA,KawasanHutan,cpg,KawasanHutan_WS_TAMIANG_LANGSA.cpg,1TZkKwFkmJB68NC9IqlvZatmWHSlkPN9D
WS_TAMIANG_LANGSA,KawasanHutan,dbf,KawasanHutan_WS_TAMIANG_LANGSA.dbf,1VIJeVcAJhmg4zXI3t_BmnTVUypymucAf
WS_TAMIANG_LANGSA,KawasanHutan,prj,KawasanHutan_WS_TAMIANG_LANGSA.prj,10TIcMWIkb3RIYKzxMUYKwAGA1JPIAkXy
WS_TAMIANG_LANGSA,KawasanHutan,shp,KawasanHutan_WS_TAMIANG_LANGSA.shp,1o7hxfG3Khj0bif4xlVmYuFy5owQMf1f7
WS_TAMIANG_LANGSA,KawasanHutan,shx,KawasanHutan_WS_TAMIANG_LANGSA.shx,1y2MeOvBBb220tZLztYr3CqkyCiJFhc1T
WS_TAMIANG_LANGSA,JenisTanah,cpg,JenisTanah_WS_TAMIANG_LANGSA.cpg,1dPtJgyB8a_YDclZ1zzGvylloKjaVl4iD
WS_TAMIANG_LANGSA,JenisTanah,shp,JenisTanah_WS_TAMIANG_LANGSA.shp,10HhPwNitB2ZMSLObJTr7l1I4Zsj--djy
WS_TAMIANG_LANGSA,JenisTanah,shx,JenisTanah_WS_TAMIANG_LANGSA.shx,18X6TT_vEgnsq_pR-KHZqti5NFvF_cTOI
WS_TAMIANG_LANGSA,JenisTanah,dbf,JenisTanah_WS_TAMIANG_LANGSA.dbf,1_VlPUI1IuZzE1i3y_bRC2rEJlyqdDDZ6
WS_TAMIANG_LANGSA,JenisTanah,prj,JenisTanah_WS_TAMIANG_LANGSA.prj,1HAiILWPXRoKKeNK0m5HwwdwN_p441y_Q
WS_TAMIANG_LANGSA,Erosi,shx,Erosi_WS_TAMIANG_LANGSA.shx,1m_WRhu0oMEBu5rabgrIZDVQZ_nA6Pp5S
WS_TAMIANG_LANGSA,Erosi,prj,Erosi_WS_TAMIANG_LANGSA.prj,1vMgBBYyiEYnP6j8YtlwAhJDmyMVfJS0p
WS_TAMIANG_LANGSA,Erosi,cpg,Erosi_WS_TAMIANG_LANGSA.cpg,17IGcfoXa17SjkTqWTlJK3JJhN1aEzink
WS_TAMIANG_LANGSA,Erosi,dbf,Erosi_WS_TAMIANG_LANGSA.dbf,1ejsZjYfe6EyE9XCWdV_ebkRXkBqMOjHt
WS_TAMIANG_LANGSA,Erosi,shp,Erosi_WS_TAMIANG_LANGSA.shp,1qEjEbNUwGrhgvrBTnupgSKunRw_OYxez
WS_TOARI_LASUSUA,RURHLDAS,shx,RURHLDAS_WS_TOARI_LASUSUA.shx,1LjyggYxys2D91csb1Ee6qFwf5mweZiAP
WS_TOARI_LASUSUA,RURHLDAS,dbf,RURHLDAS_WS_TOARI_LASUSUA.dbf,1ShTAH2UieJDjNbIihnAko4DIF_U1jdTt
WS_TOARI_LASUSUA,RURHLDAS,cpg,RURHLDAS_WS_TOARI_LASUSUA.cpg,1XN8nGTsXYqw_dCHQtOxhLIJiEnAUDOtC
WS_TOARI_LASUSUA,RURHLDAS,shp,RURHLDAS_WS_TOARI_LASUSUA.shp,1I983ErINsAoiqJDGMHloDUyQt7jNkjdw
WS_TOARI_LASUSUA,RURHLDAS,prj,RURHLDAS_WS_TOARI_LASUSUA.prj,1DmGdo79WGvCSkMUoCyTxX0dOqdZhLXVh
WS_TOARI_LASUSUA,TutupanLahan,shx,TutupanLahan_WS_TOARI_LASUSUA.shx,1OgGd08xRqvoUwcNnpS0SnGKCjB5-ZPRN
WS_TOARI_LASUSUA,TutupanLahan,dbf,TutupanLahan_WS_TOARI_LASUSUA.dbf,1Ph5TNhMQt8aVgWc9pzyyZGL0t7c_1MY7
WS_TOARI_LASUSUA,TutupanLahan,shp,TutupanLahan_WS_TOARI_LASUSUA.shp,1QWZnxJUwpCS8M3s6X5WCDiK_mYXsy0EJ
WS_TOARI_LASUSUA,TutupanLahan,prj,TutupanLahan_WS_TOARI_LASUSUA.prj,1MyecbbAbAVXIhC6x34aaOQV_xpEX2iCk
WS_TOARI_LASUSUA,TutupanLahan,cpg,TutupanLahan_WS_TOARI_LASUSUA.cpg,1WxIY-9iZcdi2rfvlvixP1RbCPJIoxcyr
WS_TOARI_LASUSUA,KawasanHutan,cpg,KawasanHutan_WS_TOARI_LASUSUA.cpg,174uMpcs3p9mKp1qwEFNvaTPyUMnZzbOz
WS_TOARI_LASUSUA,KawasanHutan,prj,KawasanHutan_WS_TOARI_LASUSUA.prj,1vbqP7u3W7LGDCo6TUiZr2wzat6CoR_Uh
WS_TOARI_LASUSUA,KawasanHutan,shx,KawasanHutan_WS_TOARI_LASUSUA.shx,1D9gZB3xHO6XqOrFc_Rr5bXlChroWLwxQ
WS_TOARI_LASUSUA,KawasanHutan,shp,KawasanHutan_WS_TOARI_LASUSUA.shp,1fUyKW_oReI9LU9ZvWFk9A96wwm5-iUDy
WS_TOARI_LASUSUA,KawasanHutan,dbf,KawasanHutan_WS_TOARI_LASUSUA.dbf,1_New9RqdX0C9xZrPcP0ksOenmQVwgmm8
WS_TOARI_LASUSUA,JenisTanah,shx,JenisTanah_WS_TOARI_LASUSUA.shx,1o4oPnv48EIASfG1qBQgPlgrAPFW9Zxnc
WS_TOARI_LASUSUA,JenisTanah,cpg,JenisTanah_WS_TOARI_LASUSUA.cpg,18nOvJtWOG5oFfG02-5IDHGLV3qENEaIe
WS_TOARI_LASUSUA,JenisTanah,dbf,JenisTanah_WS_TOARI_LASUSUA.dbf,1uQKkOC4KA9f1Aiq1lJnb2Ww1osMTojfC
WS_TOARI_LASUSUA,JenisTanah,prj,JenisTanah_WS_TOARI_LASUSUA.prj,1ViU-kUdDdzISEAojczJTzephcpCBkwPv
WS_TOARI_LASUSUA,JenisTanah,shp,JenisTanah_WS_TOARI_LASUSUA.shp,1tw8n_D4uwk5Jme0n2CVa6XzVbfEI80b0
WS_TOARI_LASUSUA,Erosi,shp,Erosi_WS_TOARI_LASUSUA.shp,1i347qZx_XpWZrJ3Afwev6Q9Vy8-08-hp
WS_TOARI_LASUSUA,Erosi,cpg,Erosi_WS_TOARI_LASUSUA.cpg,1aIYMF6EgP3DKIqoZOJve0XFMtB32S8W3
WS_TOARI_LASUSUA,Erosi,shx,Erosi_WS_TOARI_LASUSUA.shx,1E8Fx5pSmffiHqyGnrG2hrKD0nhmSPeDG
WS_TOARI_LASUSUA,Erosi,dbf,Erosi_WS_TOARI_LASUSUA.dbf,1ZjOrkctA1LJXiTRZ7FJ7X52dq8ZlTR6W
WS_TOARI_LASUSUA,Erosi,prj,Erosi_WS_TOARI_LASUSUA.prj,1-eXpwvF7uby60w7PtEPLaXe97d_T0k-e
WS_TEUNOM_LAMBEUSO,RURHLDAS,shp,RURHLDAS_WS_TEUNOM_LAMBEUSO.shp,1yp-jzvEP50XrASVf909gNuCIdlnPYcOk
WS_TEUNOM_LAMBEUSO,RURHLDAS,prj,RURHLDAS_WS_TEUNOM_LAMBEUSO.prj,1bjaEMv3E8NteLvbLcIvmz937ysBXZcuI
WS_TEUNOM_LAMBEUSO,RURHLDAS,cpg,RURHLDAS_WS_TEUNOM_LAMBEUSO.cpg,15bE60jCkrcWKGAIhbH29pyyTF_Pf3OfX
WS_TEUNOM_LAMBEUSO,RURHLDAS,shx,RURHLDAS_WS_TEUNOM_LAMBEUSO.shx,1rFUkJHvAs1bT7aFzULg2XK6xUo3fGnrB
WS_TEUNOM_LAMBEUSO,RURHLDAS,dbf,RURHLDAS_WS_TEUNOM_LAMBEUSO.dbf,1Trw5RyoZhKHtyQSZGkLqFYHotDfVk0LC
WS_TEUNOM_LAMBEUSO,TutupanLahan,prj,TutupanLahan_WS_TEUNOM_LAMBEUSO.prj,1z4VBeQUkPZqZ8b-pxxKr6Z7QE3IuTYfa
WS_TEUNOM_LAMBEUSO,TutupanLahan,shp,TutupanLahan_WS_TEUNOM_LAMBEUSO.shp,1Uz-iY_Rz9katFgNBnI314NEKEC31x9yM
WS_TEUNOM_LAMBEUSO,TutupanLahan,cpg,TutupanLahan_WS_TEUNOM_LAMBEUSO.cpg,1hJM0I5DsnloG8a0hb9jTrWXldLIKVeJ-
WS_TEUNOM_LAMBEUSO,TutupanLahan,shx,TutupanLahan_WS_TEUNOM_LAMBEUSO.shx,1vVZLJg5k1g109jXsHGcmhf4RgsxLAGBa
WS_TEUNOM_LAMBEUSO,TutupanLahan,dbf,TutupanLahan_WS_TEUNOM_LAMBEUSO.dbf,1lbAGCGqs-tI7DoqUnrjyFwHOAdbE13UU
WS_TEUNOM_LAMBEUSO,KawasanHutan,shx,KawasanHutan_WS_TEUNOM_LAMBEUSO.shx,11wGZ_aOfBwJjQv6SLMEH-2Ohj2T8Isl_
WS_TEUNOM_LAMBEUSO,KawasanHutan,dbf,KawasanHutan_WS_TEUNOM_LAMBEUSO.dbf,14XM7nwudsYiHW1yq4jUewZJgworUOoAf
WS_TEUNOM_LAMBEUSO,KawasanHutan,shp,KawasanHutan_WS_TEUNOM_LAMBEUSO.shp,1vtwrbWW7_MU0Op8WQSvW8snn1lTIXnX4
WS_TEUNOM_LAMBEUSO,KawasanHutan,prj,KawasanHutan_WS_TEUNOM_LAMBEUSO.prj,1wanWW1trBGGBHt4lX-MUsn_Xd1w4b2dD
WS_TEUNOM_LAMBEUSO,KawasanHutan,cpg,KawasanHutan_WS_TEUNOM_LAMBEUSO.cpg,1_G4eH4On45ZMlE8kBurDb63GpIyVNgyD
WS_TEUNOM_LAMBEUSO,JenisTanah,shx,JenisTanah_WS_TEUNOM_LAMBEUSO.shx,1gZO89Q_jux-hhqoL3aMlcPs5UKH6diFP
WS_TEUNOM_LAMBEUSO,JenisTanah,prj,JenisTanah_WS_TEUNOM_LAMBEUSO.prj,1ao3azpJ4gI6yFzdACmbvMlK9mwJewwET
WS_TEUNOM_LAMBEUSO,JenisTanah,cpg,JenisTanah_WS_TEUNOM_LAMBEUSO.cpg,1o11kkkxp2mDpAIWxFnjqWsLC_Q0q_oIX
WS_TEUNOM_LAMBEUSO,JenisTanah,shp,JenisTanah_WS_TEUNOM_LAMBEUSO.shp,1hXbjjbS9Cp1cnH_2z0Bbxg47pVMmt2Rs
WS_TEUNOM_LAMBEUSO,JenisTanah,dbf,JenisTanah_WS_TEUNOM_LAMBEUSO.dbf,1M23yFfiwLY6b5NJCyFxkKzPXa_3XQYyt
WS_TEUNOM_LAMBEUSO,Erosi,dbf,Erosi_WS_TEUNOM_LAMBEUSO.dbf,1sgQmiWi2TO_dmvVtPbSID4WiG5Ro8Av1
WS_TEUNOM_LAMBEUSO,Erosi,shx,Erosi_WS_TEUNOM_LAMBEUSO.shx,1GzTNbP0NkihKL-6_7MfP7-sZJztXYGkn
WS_TEUNOM_LAMBEUSO,Erosi,shp,Erosi_WS_TEUNOM_LAMBEUSO.shp,1yIXuK_za21Ytv8QKyweYnIxNZeZg0c8c
WS_TEUNOM_LAMBEUSO,Erosi,prj,Erosi_WS_TEUNOM_LAMBEUSO.prj,1qagaDHfypkK9gpv44vv1UiPDrdYHuA2C
WS_TEUNOM_LAMBEUSO,Erosi,cpg,Erosi_WS_TEUNOM_LAMBEUSO.cpg,1EksgZryU_h5YMl9O0ydMxfy71Iubqian
WS_SINGKIL_TAPUS_SIRAGIAN,RURHLDAS,dbf,RURHLDAS_WS_SINGKIL_TAPUS_SIRAGIAN.dbf,1Kr1qCEH1cfccoJ3rxcrWUZB0EwzpztsH
WS_SINGKIL_TAPUS_SIRAGIAN,RURHLDAS,cpg,RURHLDAS_WS_SINGKIL_TAPUS_SIRAGIAN.cpg,1KMA5ia03a1Lvs8OYUwPlX2YN2NrUy0Uj
WS_SINGKIL_TAPUS_SIRAGIAN,RURHLDAS,prj,RURHLDAS_WS_SINGKIL_TAPUS_SIRAGIAN.prj,1pmzbqWLWoGEX5oze4SxBNqG4hN_s7TYQ
WS_SINGKIL_TAPUS_SIRAGIAN,RURHLDAS,shx,RURHLDAS_WS_SINGKIL_TAPUS_SIRAGIAN.shx,1YkNHAKCoHCmVgA9oU9OsrZe6iPSM_aGr
WS_SINGKIL_TAPUS_SIRAGIAN,RURHLDAS,shp,RURHLDAS_WS_SINGKIL_TAPUS_SIRAGIAN.shp,1QvasY3Xzr8_SG4Qq2IkiEvrDz8TObBcz
WS_SINGKIL_TAPUS_SIRAGIAN,TutupanLahan,shp,TutupanLahan_WS_SINGKIL_TAPUS_SIRAGIAN.shp,1tjlY2AkhxjpvrYt0OrYm9TOiEncJBYkj
WS_SINGKIL_TAPUS_SIRAGIAN,TutupanLahan,shx,TutupanLahan_WS_SINGKIL_TAPUS_SIRAGIAN.shx,18TgUFtKmIwHh8mchl-ECOclyFKC-phIU
WS_SINGKIL_TAPUS_SIRAGIAN,TutupanLahan,dbf,TutupanLahan_WS_SINGKIL_TAPUS_SIRAGIAN.dbf,1B-9JmFbl-k41CT791wWwUBxQUxUZk4Io
WS_SINGKIL_TAPUS_SIRAGIAN,TutupanLahan,prj,TutupanLahan_WS_SINGKIL_TAPUS_SIRAGIAN.prj,1LB9S7ySRQ47BGomOMXOA94AGRbUQ55-0
WS_SINGKIL_TAPUS_SIRAGIAN,TutupanLahan,cpg,TutupanLahan_WS_SINGKIL_TAPUS_SIRAGIAN.cpg,1kaD_FQGjjEh9WuG_XTNfpw1UQ2UtmFkj
WS_SINGKIL_TAPUS_SIRAGIAN,KawasanHutan,shx,KawasanHutan_WS_SINGKIL_TAPUS_SIRAGIAN.shx,1p3xOj6LOHZN1eUi08kTXp7x2D-FAID5b
WS_SINGKIL_TAPUS_SIRAGIAN,KawasanHutan,shp,KawasanHutan_WS_SINGKIL_TAPUS_SIRAGIAN.shp,1Uj9QOnFZ8fpiunn8oVoZSVeAZddc86fK
WS_SINGKIL_TAPUS_SIRAGIAN,KawasanHutan,cpg,KawasanHutan_WS_SINGKIL_TAPUS_SIRAGIAN.cpg,1XyohWESIvnzsdwFyVWt9BKifqBXOQMJh
WS_SINGKIL_TAPUS_SIRAGIAN,KawasanHutan,dbf,KawasanHutan_WS_SINGKIL_TAPUS_SIRAGIAN.dbf,1YZHLpZscVapqeDIX01rq_uR-ELRaHnXY
WS_SINGKIL_TAPUS_SIRAGIAN,KawasanHutan,prj,KawasanHutan_WS_SINGKIL_TAPUS_SIRAGIAN.prj,1Bd56jf2JiM8SlnYR5_65eXgvIBi1KmUV
WS_SINGKIL_TAPUS_SIRAGIAN,JenisTanah,shp,JenisTanah_WS_SINGKIL_TAPUS_SIRAGIAN.shp,1VFkwoPL5AD2UPs5Z-CMhDMKX-QDPD3H8
WS_SINGKIL_TAPUS_SIRAGIAN,JenisTanah,dbf,JenisTanah_WS_SINGKIL_TAPUS_SIRAGIAN.dbf,1e8h0ooJUiqliWXfKeHjO1QyHgDdgGDmr
WS_SINGKIL_TAPUS_SIRAGIAN,JenisTanah,shx,JenisTanah_WS_SINGKIL_TAPUS_SIRAGIAN.shx,1SNurcRUrM8QjeBJWYn0Eiu-VUq4Y-KZ_
WS_SINGKIL_TAPUS_SIRAGIAN,JenisTanah,cpg,JenisTanah_WS_SINGKIL_TAPUS_SIRAGIAN.cpg,1yFyVHv2DjzPFB1_6HCQexMUihpuTDxr2
WS_SINGKIL_TAPUS_SIRAGIAN,JenisTanah,prj,JenisTanah_WS_SINGKIL_TAPUS_SIRAGIAN.prj,1ZCadpMj7-IIeymo-BCPxg8JMAsU7YEVF
WS_SINGKIL_TAPUS_SIRAGIAN,Erosi,cpg,Erosi_WS_SINGKIL_TAPUS_SIRAGIAN.cpg,1na9XEzCsYmEwSLOB4qtpV85djOGhlk1U
WS_SINGKIL_TAPUS_SIRAGIAN,Erosi,dbf,Erosi_WS_SINGKIL_TAPUS_SIRAGIAN.dbf,1qfAJ3E4DCBRqUCGdHkbnm6F2IaHC0OR1
WS_SINGKIL_TAPUS_SIRAGIAN,Erosi,prj,Erosi_WS_SINGKIL_TAPUS_SIRAGIAN.prj,14IuXj0DxvoQodbx3x4VZBHZscUAIwhDk
WS_SINGKIL_TAPUS_SIRAGIAN,Erosi,shx,Erosi_WS_SINGKIL_TAPUS_SIRAGIAN.shx,1Hshyezwi60FUqF_btLxvPKuD7GGOS2bN
WS_SINGKIL_TAPUS_SIRAGIAN,Erosi,shp,Erosi_WS_SINGKIL_TAPUS_SIRAGIAN.shp,1AaQs6j0wQF-Bgxp5R9yLMBkQmQ2xWIWu
WS_SUMBA,RURHLDAS,shx,RURHLDAS_WS_SUMBA.shx,1rA6S8tztdzjrpaqRA3tMkl8A6OXNvq_J
WS_SUMBA,RURHLDAS,prj,RURHLDAS_WS_SUMBA.prj,1fGhlsQythHVx-FZkLvtUf97YMMQR6Hrl
WS_SUMBA,RURHLDAS,cpg,RURHLDAS_WS_SUMBA.cpg,1-bak8Kfdpsc1C1E4UEl20Vfu8ozXFY4E
WS_SUMBA,RURHLDAS,dbf,RURHLDAS_WS_SUMBA.dbf,143GTwxgVgS63AcHZWabHCLqqI6sfCuZW
WS_SUMBA,RURHLDAS,shp,RURHLDAS_WS_SUMBA.shp,1QSgcwWkKZ6imx1nXoQQEIpseMGg3Qisp
WS_SUMBA,TutupanLahan,prj,TutupanLahan_WS_SUMBA.prj,1KgNevtMZKQA00TqjzrD3HXmZWGXzgNSN
WS_SUMBA,TutupanLahan,shp,TutupanLahan_WS_SUMBA.shp,17QKyYUZsljfSvs68kiLD8gCLQJ1uEeVo
WS_SUMBA,TutupanLahan,dbf,TutupanLahan_WS_SUMBA.dbf,1ATOCCF03K2pPrJOrPW8FcR7VC1yJAAV9
WS_SUMBA,TutupanLahan,cpg,TutupanLahan_WS_SUMBA.cpg,1MPQbZQ1B6feHEZh6B4MuJ8O-0Ib1rii8
WS_SUMBA,TutupanLahan,shx,TutupanLahan_WS_SUMBA.shx,16bS5klm88DPX7NKuSHdSlauhqXe79rne
WS_SUMBA,KawasanHutan,shx,KawasanHutan_WS_SUMBA.shx,1BI8ki559UqD0qMNp64w6cWR_25ZnBlRk
WS_SUMBA,KawasanHutan,shp,KawasanHutan_WS_SUMBA.shp,17nldS2pwvlKIQKwt9RK6FwDUQLASy_Tq
WS_SUMBA,KawasanHutan,prj,KawasanHutan_WS_SUMBA.prj,15l-qpk-wxZbly0VQsCN2CZpONVZclY01
WS_SUMBA,KawasanHutan,dbf,KawasanHutan_WS_SUMBA.dbf,1RZYkD0xnS1pPw79tPsGgPR4TR-fOlydQ
WS_SUMBA,KawasanHutan,cpg,KawasanHutan_WS_SUMBA.cpg,1QG_ZMsjMDqAjkBM9ZyWGuSdXxdD7jm4X
WS_SUMBA,JenisTanah,prj,JenisTanah_WS_SUMBA.prj,1WlfqlhjHtlEKl-yeW7TC6vfvVfY4LMrN
WS_SUMBA,JenisTanah,cpg,JenisTanah_WS_SUMBA.cpg,1zoWPX54FZ428bMUXioZqHyQL0p4nlKS8
WS_SUMBA,JenisTanah,dbf,JenisTanah_WS_SUMBA.dbf,1xsu_ADM6UnAMJHozMPfcWxE7EQ_ubs1h
WS_SUMBA,JenisTanah,shx,JenisTanah_WS_SUMBA.shx,1vJYdTWPU2VoVePTR8I0OOA9nukv_f3Gq
WS_SUMBA,JenisTanah,shp,JenisTanah_WS_SUMBA.shp,1fCQ37mkbzqhPTVzHj4Af-rBiXW16QHhW
WS_SUMBA,Erosi,shx,Erosi_WS_SUMBA.shx,1CYQFyOKQOag1GVQ-YxCyi-p1KCgxeTLz
WS_SUMBA,Erosi,dbf,Erosi_WS_SUMBA.dbf,1Hlv39-QoUnzaU_wfowKZfub8fR3UcIG6
WS_SUMBA,Erosi,shp,Erosi_WS_SUMBA.shp,1pri-13qqhTk_dVC-I4wWTpXp59r5t6_5
WS_SUMBA,Erosi,prj,Erosi_WS_SUMBA.prj,1yxHFSZXBrZAoDz40lM1N4iWJJzfssIoo
WS_SUMBA,Erosi,cpg,Erosi_WS_SUMBA.cpg,1THtRPT-Ss3DiZpGz5QaOzZQTwatIVqv8
WS_SUMBAWA,RURHLDAS,dbf,RURHLDAS_WS_SUMBAWA.dbf,1ZIEy-R5dAvyQblUa2XZTxdS-JXsuIHeR
WS_SUMBAWA,RURHLDAS,shp,RURHLDAS_WS_SUMBAWA.shp,1nGUoMabr1Z0aOIQUACtuVaWvY7pMi0mP
WS_SUMBAWA,RURHLDAS,shx,RURHLDAS_WS_SUMBAWA.shx,15A8orJeIwBKoIydVfdNiNeYb621TsWQv
WS_SUMBAWA,RURHLDAS,prj,RURHLDAS_WS_SUMBAWA.prj,1FJ2BE2jr0gc2EdXPYluPNxDr5N7wjgB6
WS_SUMBAWA,RURHLDAS,cpg,RURHLDAS_WS_SUMBAWA.cpg,1twiAiYw9Rae82Eemdc--4pvcj2vygCDF
WS_SUMBAWA,TutupanLahan,dbf,TutupanLahan_WS_SUMBAWA.dbf,1qsSQOECPfJveQru3qBgXhwg3niorFHs8
WS_SUMBAWA,TutupanLahan,shp,TutupanLahan_WS_SUMBAWA.shp,1wtsm9ISV9eQ3c5OI84y6hidLDL0G5UXQ
WS_SUMBAWA,TutupanLahan,shx,TutupanLahan_WS_SUMBAWA.shx,1pE3KRb9s4Eya0BstAofNgH1VxRQVuwNu
WS_SUMBAWA,TutupanLahan,cpg,TutupanLahan_WS_SUMBAWA.cpg,15UMiAE-b6WP-RvOSjKlIUkaQmPQSvVuf
WS_SUMBAWA,TutupanLahan,prj,TutupanLahan_WS_SUMBAWA.prj,1I5lX89FuAlgG1Tmw_T255Dam5ZRSo9do
WS_SUMBAWA,KawasanHutan,cpg,KawasanHutan_WS_SUMBAWA.cpg,1W4DYCeVTzkxDzqsGlT6ZtKsHJC06-ljW
WS_SUMBAWA,KawasanHutan,shp,KawasanHutan_WS_SUMBAWA.shp,1-xKwS8_B3s1AAeKTjH8Tatg3Usq29vrZ
WS_SUMBAWA,KawasanHutan,dbf,KawasanHutan_WS_SUMBAWA.dbf,1RMn5N4gAB2a-JaJoORza12-cGz1wKQLn
WS_SUMBAWA,KawasanHutan,prj,KawasanHutan_WS_SUMBAWA.prj,1wMyhhrxz0W_V2RIwscg3tFxNTPnrNJNq
WS_SUMBAWA,KawasanHutan,shx,KawasanHutan_WS_SUMBAWA.shx,1qz7DuJWgf1oo2DEEMj0v0xIloBpinmCu
WS_SUMBAWA,JenisTanah,prj,JenisTanah_WS_SUMBAWA.prj,1tcE_61ICF-bzIq2VTTWz3RFiDSeHGeCG
WS_SUMBAWA,JenisTanah,cpg,JenisTanah_WS_SUMBAWA.cpg,1BM5co536E9EJjg2r99QObNuo74F7F6c_
WS_SUMBAWA,JenisTanah,shx,JenisTanah_WS_SUMBAWA.shx,1k81CZDSIpIt3IPQXCFOh1TEPFT1RV69x
WS_SUMBAWA,JenisTanah,shp,JenisTanah_WS_SUMBAWA.shp,1MOW9FEdiTLNW1km7EsvLpnyfpqV4Vv-Y
WS_SUMBAWA,JenisTanah,dbf,JenisTanah_WS_SUMBAWA.dbf,1zii8spnSKA20m_xByDKDP82v6HRylWf1
WS_SUMBAWA,Erosi,shp,Erosi_WS_SUMBAWA.shp,1m5z0ptBNGbWr8BSPx3eLItjxovt3Lrn8
WS_SUMBAWA,Erosi,prj,Erosi_WS_SUMBAWA.prj,1ojKy5F2dwWWrOJoa8XqkOrHaAMxbSzIz
WS_SUMBAWA,Erosi,shx,Erosi_WS_SUMBAWA.shx,1vScq2XYak0JCWjkeOD6ke9Xtz8taTTMI
WS_SUMBAWA,Erosi,dbf,Erosi_WS_SUMBAWA.dbf,1Bf1NKVpcj95yWFVJ8bqi0ME_dcsyj81i
WS_SUMBAWA,Erosi,cpg,Erosi_WS_SUMBAWA.cpg,1lxsAUIJvEAsXOJZrresjcAMwAFF_QaHu
WS_SIBUNDONG_BATANG_TORU,RURHLDAS,shp,RURHLDAS_WS_SIBUNDONG_BATANG_TORU.shp,1WmOV73K6BmtP9nvp6IIKJf9Ke7o47cxl
WS_SIBUNDONG_BATANG_TORU,RURHLDAS,prj,RURHLDAS_WS_SIBUNDONG_BATANG_TORU.prj,1NsRHoeCDroPXkXcwE0BtGSglTtPFZ7PN
WS_SIBUNDONG_BATANG_TORU,RURHLDAS,shx,RURHLDAS_WS_SIBUNDONG_BATANG_TORU.shx,17P5YbaCdCrN2hBHk9Z5M6iGqfRG0QX4C
WS_SIBUNDONG_BATANG_TORU,RURHLDAS,dbf,RURHLDAS_WS_SIBUNDONG_BATANG_TORU.dbf,16mkipOU6Y7aXQMeaeLcUHknPYEjJwuXj
WS_SIBUNDONG_BATANG_TORU,RURHLDAS,cpg,RURHLDAS_WS_SIBUNDONG_BATANG_TORU.cpg,1Pp8NBwpuv7qibIhszqMKyMpIBC6SpYSY
WS_SIBUNDONG_BATANG_TORU,TutupanLahan,shx,TutupanLahan_WS_SIBUNDONG_BATANG_TORU.shx,1rmJ-BebeNl_BUYh4_70qsk3wa70IjYgy
WS_SIBUNDONG_BATANG_TORU,TutupanLahan,cpg,TutupanLahan_WS_SIBUNDONG_BATANG_TORU.cpg,1t3AKm5Me6ZV2Y6pqSQyUnB1VoPY4KbwX
WS_SIBUNDONG_BATANG_TORU,TutupanLahan,dbf,TutupanLahan_WS_SIBUNDONG_BATANG_TORU.dbf,1h4xyhwHAhy003eA8kAZs2mSI770-fJkQ
WS_SIBUNDONG_BATANG_TORU,TutupanLahan,shp,TutupanLahan_WS_SIBUNDONG_BATANG_TORU.shp,1dv_MBySYBZplNSLKmCqhorpXchdYJhrA
WS_SIBUNDONG_BATANG_TORU,TutupanLahan,prj,TutupanLahan_WS_SIBUNDONG_BATANG_TORU.prj,1KjbPsTS3ZNx73kEuk35A9OX2mpm4UEU4
WS_SIBUNDONG_BATANG_TORU,KawasanHutan,prj,KawasanHutan_WS_SIBUNDONG_BATANG_TORU.prj,1EBfFTmxnW3ktWrqoN3QgfyY0GfdRr3sl
WS_SIBUNDONG_BATANG_TORU,KawasanHutan,cpg,KawasanHutan_WS_SIBUNDONG_BATANG_TORU.cpg,1u_poENfr6sj29v3Q8BmYwIuKEBV-sFot
WS_SIBUNDONG_BATANG_TORU,KawasanHutan,shp,KawasanHutan_WS_SIBUNDONG_BATANG_TORU.shp,1aPZt6enfzMwc1Gyp_ADqOKGvVdgsYyC0
WS_SIBUNDONG_BATANG_TORU,KawasanHutan,dbf,KawasanHutan_WS_SIBUNDONG_BATANG_TORU.dbf,1064vVLR9S44b0cvmPzLco_AjZWej98Yh
WS_SIBUNDONG_BATANG_TORU,KawasanHutan,shx,KawasanHutan_WS_SIBUNDONG_BATANG_TORU.shx,1_Ck39c1vvLHWoK6OH8gpe1Z2Rjkgnl1r
WS_SIBUNDONG_BATANG_TORU,JenisTanah,dbf,JenisTanah_WS_SIBUNDONG_BATANG_TORU.dbf,1fizu-cZce-QyICYkSIiFRiMC1jZjmXXi
WS_SIBUNDONG_BATANG_TORU,JenisTanah,shx,JenisTanah_WS_SIBUNDONG_BATANG_TORU.shx,1ZZfeiHBoKeGs0yH6r4XPeuAN1IIAgCWa
WS_SIBUNDONG_BATANG_TORU,JenisTanah,shp,JenisTanah_WS_SIBUNDONG_BATANG_TORU.shp,1icqm0Hdy2e8nx1mA2MzPrKYb8Bucy1sv
WS_SIBUNDONG_BATANG_TORU,JenisTanah,prj,JenisTanah_WS_SIBUNDONG_BATANG_TORU.prj,1nJT-nc-wHi0pWN42gefqYWmovICQbsWO
WS_SIBUNDONG_BATANG_TORU,JenisTanah,cpg,JenisTanah_WS_SIBUNDONG_BATANG_TORU.cpg,1-1aiyZMLalQfiYWkfmnIDzMvHNJixsVc
WS_SIBUNDONG_BATANG_TORU,Erosi,prj,Erosi_WS_SIBUNDONG_BATANG_TORU.prj,1j7OTgCkY9A_le0z3D1ZJbVO555lqgx7P
WS_SIBUNDONG_BATANG_TORU,Erosi,shx,Erosi_WS_SIBUNDONG_BATANG_TORU.shx,1jaWtQNljHjOLHS2tF43rZTsiPotlzn_3
WS_SIBUNDONG_BATANG_TORU,Erosi,cpg,Erosi_WS_SIBUNDONG_BATANG_TORU.cpg,1BZhuRzwnEg6KiW0cKU2OyNN7Yfv9Wgvt
WS_SIBUNDONG_BATANG_TORU,Erosi,dbf,Erosi_WS_SIBUNDONG_BATANG_TORU.dbf,1e5r4xtXFuyXzSr21-hCCEpM76rMAGSU3
WS_SIBUNDONG_BATANG_TORU,Erosi,shp,Erosi_WS_SIBUNDONG_BATANG_TORU.shp,19uWrvbU0lEje_jaqUBtvRe1AuP-MBrl2
WS_SILAUT_TARUSAN,RURHLDAS,dbf,RURHLDAS_WS_SILAUT_TARUSAN.dbf,1-PUkQngBdIZCMVGoJv_EfnGMSBXana_c
WS_SILAUT_TARUSAN,RURHLDAS,shx,RURHLDAS_WS_SILAUT_TARUSAN.shx,1HAdIkB627NNMOf7QcCJxRjwkSOMEUMi_
WS_SILAUT_TARUSAN,RURHLDAS,shp,RURHLDAS_WS_SILAUT_TARUSAN.shp,1VzkxvdestDMO02PCskill1UxHlCKmMRN
WS_SILAUT_TARUSAN,RURHLDAS,cpg,RURHLDAS_WS_SILAUT_TARUSAN.cpg,1F7cviKZJCBZgqQVKJX7zs5kQwpTe0BI9
WS_SILAUT_TARUSAN,RURHLDAS,prj,RURHLDAS_WS_SILAUT_TARUSAN.prj,1ZO6Ha9WuRjMLpCMGni0a114L072FsRC6
WS_SILAUT_TARUSAN,TutupanLahan,shx,TutupanLahan_WS_SILAUT_TARUSAN.shx,1BC2b7Vs4unvAfwp3eczL9fVKzdZmAkVE
WS_SILAUT_TARUSAN,TutupanLahan,dbf,TutupanLahan_WS_SILAUT_TARUSAN.dbf,1kH17PO5zo3__Da1aLpJd3dnUdtMUNrbc
WS_SILAUT_TARUSAN,TutupanLahan,shp,TutupanLahan_WS_SILAUT_TARUSAN.shp,1_KIAWN1f6L6XAG_MlxmCXOXuV8D38Yru
WS_SILAUT_TARUSAN,TutupanLahan,cpg,TutupanLahan_WS_SILAUT_TARUSAN.cpg,1aXqf3SlwOiO4yx_mP13iLAc1Si8vUY8y
WS_SILAUT_TARUSAN,TutupanLahan,prj,TutupanLahan_WS_SILAUT_TARUSAN.prj,1VjOM_pEP6OhprQJbmcCXQ7LM9Zv3MVSl
WS_SILAUT_TARUSAN,KawasanHutan,shx,KawasanHutan_WS_SILAUT_TARUSAN.shx,1JdI099NcTOOKt99R_RI1wG_d_gkrny5r
WS_SILAUT_TARUSAN,KawasanHutan,dbf,KawasanHutan_WS_SILAUT_TARUSAN.dbf,13xwMe0ssVSvUXLyabtzhYW-ksjSM0ihN
WS_SILAUT_TARUSAN,KawasanHutan,cpg,KawasanHutan_WS_SILAUT_TARUSAN.cpg,1r_a-vRx873kEEy4iuULwqTKpnIMoLMyu
WS_SILAUT_TARUSAN,KawasanHutan,shp,KawasanHutan_WS_SILAUT_TARUSAN.shp,1sk9eY7_NcLBvdTkWDO5Q86PmjwDL1mQp
WS_SILAUT_TARUSAN,KawasanHutan,prj,KawasanHutan_WS_SILAUT_TARUSAN.prj,1GsF0UzLyahJ80TRs5it-ClTMK1kTj_5p
WS_SILAUT_TARUSAN,JenisTanah,prj,JenisTanah_WS_SILAUT_TARUSAN.prj,1-YFFWOLBGU6HPzw9ab1lDdwbLM48utW8
WS_SILAUT_TARUSAN,JenisTanah,dbf,JenisTanah_WS_SILAUT_TARUSAN.dbf,1fK1QOIvinoq7htztzEDLYeTrxJ-7RwKE
WS_SILAUT_TARUSAN,JenisTanah,shx,JenisTanah_WS_SILAUT_TARUSAN.shx,1rn12jx8Vwp0gej_Q97Xlc1v3Y6dbAPoL
WS_SILAUT_TARUSAN,JenisTanah,cpg,JenisTanah_WS_SILAUT_TARUSAN.cpg,1zqwP_3-jSX4W3TjTpBJ4YREvL06AhWna
WS_SILAUT_TARUSAN,JenisTanah,shp,JenisTanah_WS_SILAUT_TARUSAN.shp,1rzGWJbiazHGwg9Z6bQjRpDRYkEgrzgn9
WS_SILAUT_TARUSAN,Erosi,dbf,Erosi_WS_SILAUT_TARUSAN.dbf,1zdKZ0gHJ9B-l_JzsZNHi43-FSDBJtZVB
WS_SILAUT_TARUSAN,Erosi,cpg,Erosi_WS_SILAUT_TARUSAN.cpg,1-7ECQH1pW1ZbWlu-byAiNzs-TjZmLB6I
WS_SILAUT_TARUSAN,Erosi,prj,Erosi_WS_SILAUT_TARUSAN.prj,1PIgunvlzrlyOmTbU5GQ3GS7fb7nLx1Q_
WS_SILAUT_TARUSAN,Erosi,shp,Erosi_WS_SILAUT_TARUSAN.shp,1FaIps90Ry5h5m49DAq8Nvi3JU-yzX9DH
WS_SILAUT_TARUSAN,Erosi,shx,Erosi_WS_SILAUT_TARUSAN.shx,1ELcJ7Izm-EnQ2B8X2XKmUTVjoGRohQGE
WS_SEPUTIH_SEKAMPUNG,RURHLDAS,cpg,RURHLDAS_WS_SEPUTIH_SEKAMPUNG.cpg,1VOHJobEwGEjFbt2IXS2wIF02_L2i1waQ
WS_SEPUTIH_SEKAMPUNG,RURHLDAS,shp,RURHLDAS_WS_SEPUTIH_SEKAMPUNG.shp,1DGndf65N5WOAvsAxxT3QC-yQoUiVIKIZ
WS_SEPUTIH_SEKAMPUNG,RURHLDAS,shx,RURHLDAS_WS_SEPUTIH_SEKAMPUNG.shx,1jnZrSiB3YosFQv79vc3BZS9DgpiXlcBq
WS_SEPUTIH_SEKAMPUNG,RURHLDAS,dbf,RURHLDAS_WS_SEPUTIH_SEKAMPUNG.dbf,1BcsZzei3vyL1vcNwkridZmuvt_0Y5HOP
WS_SEPUTIH_SEKAMPUNG,RURHLDAS,prj,RURHLDAS_WS_SEPUTIH_SEKAMPUNG.prj,1XVojmD1iQI8AHUoaNSxF0oRm3i-fPzHU
WS_SEPUTIH_SEKAMPUNG,TutupanLahan,shx,TutupanLahan_WS_SEPUTIH_SEKAMPUNG.shx,1_1uh4Aavef4xFNZE8XesJGVE-0I1DPuh
WS_SEPUTIH_SEKAMPUNG,TutupanLahan,cpg,TutupanLahan_WS_SEPUTIH_SEKAMPUNG.cpg,1hB4BwGxh8y-Gqg4JBjhylLC-LRzxmWQ-
WS_SEPUTIH_SEKAMPUNG,TutupanLahan,shp,TutupanLahan_WS_SEPUTIH_SEKAMPUNG.shp,1xeoJbrtgSeQXg6AnPm98DV1NQdJseiI4
WS_SEPUTIH_SEKAMPUNG,TutupanLahan,prj,TutupanLahan_WS_SEPUTIH_SEKAMPUNG.prj,1P-D6ctWxTzXf1eTjbH3h9TP9ZDsjdgNp
WS_SEPUTIH_SEKAMPUNG,TutupanLahan,dbf,TutupanLahan_WS_SEPUTIH_SEKAMPUNG.dbf,1xNK1vWq6S2uLLFFqCKcE1g69f60hYaMZ
WS_SEPUTIH_SEKAMPUNG,KawasanHutan,dbf,KawasanHutan_WS_SEPUTIH_SEKAMPUNG.dbf,1O7LGe33vuorXlrVSvNRdcdRi8_D6OqF4
WS_SEPUTIH_SEKAMPUNG,KawasanHutan,shx,KawasanHutan_WS_SEPUTIH_SEKAMPUNG.shx,1NAFsHW1PFgKuFoDJyW6rup4_MQ4r0UCp
WS_SEPUTIH_SEKAMPUNG,KawasanHutan,shp,KawasanHutan_WS_SEPUTIH_SEKAMPUNG.shp,10-x42NWl5hX3hTI3EpvL3XSAs7BfFZdT
WS_SEPUTIH_SEKAMPUNG,KawasanHutan,cpg,KawasanHutan_WS_SEPUTIH_SEKAMPUNG.cpg,1uGWA0wg9cW_PaF0d7Uh0lndkr0xp718e
WS_SEPUTIH_SEKAMPUNG,KawasanHutan,prj,KawasanHutan_WS_SEPUTIH_SEKAMPUNG.prj,1B8WrHwen-JlO-1zKLFhRv-Vj66Gfqqv0
WS_SEPUTIH_SEKAMPUNG,JenisTanah,cpg,JenisTanah_WS_SEPUTIH_SEKAMPUNG.cpg,1WYrJN-9GrW_7NIO-0VgJblXKCWWmw9fs
WS_SEPUTIH_SEKAMPUNG,JenisTanah,shx,JenisTanah_WS_SEPUTIH_SEKAMPUNG.shx,1a7gaUEalAk3CtM-DpgDEDGvdPiXi3tTF
WS_SEPUTIH_SEKAMPUNG,JenisTanah,prj,JenisTanah_WS_SEPUTIH_SEKAMPUNG.prj,1efMYaeN13vfH5AQbBBG94QRrxyksKaE8
WS_SEPUTIH_SEKAMPUNG,JenisTanah,dbf,JenisTanah_WS_SEPUTIH_SEKAMPUNG.dbf,1OamdW3v_ky5KcFin89T8QhCd7tWnx-co
WS_SEPUTIH_SEKAMPUNG,JenisTanah,shp,JenisTanah_WS_SEPUTIH_SEKAMPUNG.shp,1CkQgahcIRuOG3jusUImKJtIoH4csBf8l
WS_SEPUTIH_SEKAMPUNG,Erosi,shp,Erosi_WS_SEPUTIH_SEKAMPUNG.shp,1ZpULyBTdnsdYiOyy8xJzqQi_uwl5Wn5n
WS_SEPUTIH_SEKAMPUNG,Erosi,prj,Erosi_WS_SEPUTIH_SEKAMPUNG.prj,1hcBsDF5K8GcyuDVK6B_wWwaJ_3kZnBAg
WS_SEPUTIH_SEKAMPUNG,Erosi,dbf,Erosi_WS_SEPUTIH_SEKAMPUNG.dbf,1cF2ZagrSZa1zJ7sCRdEFFKnV6MBrzpek
WS_SEPUTIH_SEKAMPUNG,Erosi,shx,Erosi_WS_SEPUTIH_SEKAMPUNG.shx,1P0IS9FGN96LhTNpjzIXAhJeM2ljQUt43
WS_SEPUTIH_SEKAMPUNG,Erosi,cpg,Erosi_WS_SEPUTIH_SEKAMPUNG.cpg,15b2euULCt2pGEYWkBXdIDaHh-0PTn9fX
WS_SERUYAN,RURHLDAS,shp,RURHLDAS_WS_SERUYAN.shp,1MssKyKA15zfE2auN25n29Fd8dqOkGrOR
WS_SERUYAN,RURHLDAS,cpg,RURHLDAS_WS_SERUYAN.cpg,1NLKW4-lnFyrzS5k8IMmZHcZ70FC90aUP
WS_SERUYAN,RURHLDAS,shx,RURHLDAS_WS_SERUYAN.shx,1tdcazgZv0UC9zNVUaYhjYUCTSEvIukTU
WS_SERUYAN,RURHLDAS,prj,RURHLDAS_WS_SERUYAN.prj,1AhevY-LA275dAYrpKLZQQyqvgPLyQkya
WS_SERUYAN,RURHLDAS,dbf,RURHLDAS_WS_SERUYAN.dbf,1AmzB2HB8U_OHABlUM8YEAfd5LQwApg50
WS_SERUYAN,TutupanLahan,dbf,TutupanLahan_WS_SERUYAN.dbf,1AvZk_LTu5H2VLPXrZnQ6YPZA47oLS7dN
WS_SERUYAN,TutupanLahan,cpg,TutupanLahan_WS_SERUYAN.cpg,1mJ4yAOQjxGb9Ejm-ZOsPYts7StSz8ruN
WS_SERUYAN,TutupanLahan,prj,TutupanLahan_WS_SERUYAN.prj,1-7LgznNOXV-j7HE10o7PAa5vUJhVcqOb
WS_SERUYAN,TutupanLahan,shp,TutupanLahan_WS_SERUYAN.shp,1fsO8xEBTTvVu4DuAiNKO-Gal-uD7uFDb
WS_SERUYAN,TutupanLahan,shx,TutupanLahan_WS_SERUYAN.shx,1ldwd7641MFKgDhE6mzInerBb6dqaK2vR
WS_SERUYAN,KawasanHutan,prj,KawasanHutan_WS_SERUYAN.prj,1OsF_-d79wFEnWSqBnxmtjungvBsjWXGx
WS_SERUYAN,KawasanHutan,shp,KawasanHutan_WS_SERUYAN.shp,1OUBQaAgX1Hvh8uhUnMY6iPJ1IXCbr5Xj
WS_SERUYAN,KawasanHutan,shx,KawasanHutan_WS_SERUYAN.shx,1aK8hsOq-wkC_U46g45oPo-WGaONU0d7m
WS_SERUYAN,KawasanHutan,cpg,KawasanHutan_WS_SERUYAN.cpg,1e4JGSOal6Doiz3vsyjI7ymf8doSJCTN1
WS_SERUYAN,KawasanHutan,dbf,KawasanHutan_WS_SERUYAN.dbf,1OwcMlPbRBwwCjkBpbLEPhI5TP-5Cu-9j
WS_SERUYAN,JenisTanah,shx,JenisTanah_WS_SERUYAN.shx,1rv8OmOhbnWxYMPEV7e1snzZ0Ub5E0liv
WS_SERUYAN,JenisTanah,dbf,JenisTanah_WS_SERUYAN.dbf,1EUb2JKNGjJvNu8N4aNdAbyqe68V7fTX5
WS_SERUYAN,JenisTanah,shp,JenisTanah_WS_SERUYAN.shp,1_WFR72xFxpn0kBVCdY6Wl3TF66c64wuG
WS_SERUYAN,JenisTanah,cpg,JenisTanah_WS_SERUYAN.cpg,1745DUlv0Wfv-EnicXw-M3V6kB4CusZRg
WS_SERUYAN,JenisTanah,prj,JenisTanah_WS_SERUYAN.prj,1iyvQNDwnR8XYpdgJubI2mHSST0r6iQk0
WS_SERUYAN,Erosi,shp,Erosi_WS_SERUYAN.shp,1jFnwb86GZ2jmL1r3vzU15dDStXbPjvs5
WS_SERUYAN,Erosi,dbf,Erosi_WS_SERUYAN.dbf,1zTRS9ps3i0N_Rm5PpbNPnYhCDTzR3ukz
WS_SERUYAN,Erosi,prj,Erosi_WS_SERUYAN.prj,1stp8fGFljBAkqusi0_orHFW_yIerXAsj
WS_SERUYAN,Erosi,cpg,Erosi_WS_SERUYAN.cpg,1jf81q54xSUjtDVgaeLD1W9T-2mFhzW66
WS_SERUYAN,Erosi,shx,Erosi_WS_SERUYAN.shx,1YpPyIorVb18Fc9ASO35PWd_BQyuE2CEQ
WS_SESAYAP,RURHLDAS,shp,RURHLDAS_WS_SESAYAP.shp,1_EIUeaZxWkduDJ4PjME2jPNR21-TpRtp
WS_SESAYAP,RURHLDAS,cpg,RURHLDAS_WS_SESAYAP.cpg,1gvdnQTZgBAieIO5dUADH-wr1CsT0kpqg
WS_SESAYAP,RURHLDAS,prj,RURHLDAS_WS_SESAYAP.prj,1nW3UoLYq_IMTuwtQbJLigVfTxMmYzO1Q
WS_SESAYAP,RURHLDAS,dbf,RURHLDAS_WS_SESAYAP.dbf,1fonITjoCIbYJO9Di-cA6JkzAWGJ0igee
WS_SESAYAP,RURHLDAS,shx,RURHLDAS_WS_SESAYAP.shx,1ue2atYJrzjhDmecjiH9bBI3ixBdYhZ7Q
WS_SESAYAP,TutupanLahan,prj,TutupanLahan_WS_SESAYAP.prj,1xRfVLjMOTv4S6CqS4_zfstNTrZ7vDhjO
WS_SESAYAP,TutupanLahan,shx,TutupanLahan_WS_SESAYAP.shx,1zwr4jdd0TqPBEL1isceI7_f4kHcbFgDd
WS_SESAYAP,TutupanLahan,dbf,TutupanLahan_WS_SESAYAP.dbf,1zFnFG7LTFwFevHkDxCfAVwwCy5fPOOZo
WS_SESAYAP,TutupanLahan,cpg,TutupanLahan_WS_SESAYAP.cpg,1s7nzBfT19ywWPU-XFSZukoLsJXwDBqYh
WS_SESAYAP,TutupanLahan,shp,TutupanLahan_WS_SESAYAP.shp,1Hm2IMsueza3cORqPhI9Ao6fmjEO1GSI5
WS_SESAYAP,KawasanHutan,dbf,KawasanHutan_WS_SESAYAP.dbf,1UF1N2ylh1yFWS9EgOwabgu2FiKP0UyDX
WS_SESAYAP,KawasanHutan,shx,KawasanHutan_WS_SESAYAP.shx,1-xaqLOTBBs4OOyqtr92-3pVXGqIl64e0
WS_SESAYAP,KawasanHutan,shp,KawasanHutan_WS_SESAYAP.shp,1SEjE-_ySDciI_EI7BvRtZ22GfM9q4vsO
WS_SESAYAP,KawasanHutan,prj,KawasanHutan_WS_SESAYAP.prj,1zRkHX2Zw4xozbh2ceXmZkm4LDrrZ_pgt
WS_SESAYAP,KawasanHutan,cpg,KawasanHutan_WS_SESAYAP.cpg,1vnVRNIKIWnEVC8OhhpGFfIcXJPOKwgqT
WS_SESAYAP,JenisTanah,shp,JenisTanah_WS_SESAYAP.shp,1z7JZ4FkdoQGUmjM2DNN0ZSqsLmU_f96s
WS_SESAYAP,JenisTanah,cpg,JenisTanah_WS_SESAYAP.cpg,1iN1JmqZGiKfGUeKZVlaMGLmqjvn_zGpR
WS_SESAYAP,JenisTanah,dbf,JenisTanah_WS_SESAYAP.dbf,1mWU4e2kb_K7QnmmN1zn3_WaU41JNKOXn
WS_SESAYAP,JenisTanah,prj,JenisTanah_WS_SESAYAP.prj,181w3WHBuPe2x4sKdUkdWcfRZ7eM-e5dc
WS_SESAYAP,JenisTanah,shx,JenisTanah_WS_SESAYAP.shx,1IxL_Rt1bfo6GTjtYbB7CeRTswRnVxoM-
WS_SESAYAP,Erosi,shx,Erosi_WS_SESAYAP.shx,1InVqZjiG5kz2pjHCz0TG2w58vbG3mK_V
WS_SESAYAP,Erosi,shp,Erosi_WS_SESAYAP.shp,1PeNvJkJQwV6QjGBOCC7q-W3yRwLZIxkG
WS_SESAYAP,Erosi,dbf,Erosi_WS_SESAYAP.dbf,1rYjjJpSnLwA_XjZH8kZDvhG4YD6ru0Ho
WS_SESAYAP,Erosi,prj,Erosi_WS_SESAYAP.prj,1ix4L56ZXI62ZYhq6XarUC9JPzpCufESb
WS_SESAYAP,Erosi,cpg,Erosi_WS_SESAYAP.cpg,1bYtG9Ejcf0ZG_PDiAEgMvQKcwunOlvRX
WS_SIAK,RURHLDAS,dbf,RURHLDAS_WS_SIAK.dbf,1ZKteeL22-4fLjDoHwa_M3wMMb2M-XNs6
WS_SIAK,RURHLDAS,cpg,RURHLDAS_WS_SIAK.cpg,1r-8mZ5FxVVAvFDXqaJpMVJMdFrJIj-Zl
WS_SIAK,RURHLDAS,shp,RURHLDAS_WS_SIAK.shp,1-9ckcfNu4M1WVON40IIPH9sr67yy60BF
WS_SIAK,RURHLDAS,prj,RURHLDAS_WS_SIAK.prj,1JMqGfPI9tw-OhOxvB4R17fO0A94p7jPF
WS_SIAK,RURHLDAS,shx,RURHLDAS_WS_SIAK.shx,1fal6KhMJ-FarAs01XKSfL3-qJoNTsLLe
WS_SIAK,TutupanLahan,shp,TutupanLahan_WS_SIAK.shp,1Ni3oUYQsouH2H8HBY0VRfNNaksovyIRh
WS_SIAK,TutupanLahan,shx,TutupanLahan_WS_SIAK.shx,1MnFGh61ricvn3ZDDR5FC3cU7ycrEkGRw
WS_SIAK,TutupanLahan,cpg,TutupanLahan_WS_SIAK.cpg,1F5D1ysRG8Ywl2dCQLPqXd3s-thT4gku2
WS_SIAK,TutupanLahan,prj,TutupanLahan_WS_SIAK.prj,1R8uHSPWMHy8GVUvZH8F3Fo8fT_utLCdR
WS_SIAK,TutupanLahan,dbf,TutupanLahan_WS_SIAK.dbf,1Tagatrd7KP0I_Dn-B5f2mYFp6BaXv2iC
WS_SIAK,KawasanHutan,shx,KawasanHutan_WS_SIAK.shx,1PwsO7WT8daVLsk_Horsu1l3wkc2Xy0h2
WS_SIAK,KawasanHutan,prj,KawasanHutan_WS_SIAK.prj,1iDMxDVGMWEOwgGR4f-dMjwshG63rNoiX
WS_SIAK,KawasanHutan,shp,KawasanHutan_WS_SIAK.shp,1jh2RZFJOjAi_74wCNiMCY2IV1RdK4Rpf
WS_SIAK,KawasanHutan,dbf,KawasanHutan_WS_SIAK.dbf,13N6gQNkmr4eGPxnneglvzSn6SAEy63qr
WS_SIAK,KawasanHutan,cpg,KawasanHutan_WS_SIAK.cpg,1AHtSE0qeQqz-S1NiJObPqJuQ5_BjRaGM
WS_SIAK,JenisTanah,dbf,JenisTanah_WS_SIAK.dbf,1S8zybzaU81ushPOmWlwZQpymvuuQssY9
WS_SIAK,JenisTanah,cpg,JenisTanah_WS_SIAK.cpg,1CB8TNenD85hWeTmeEwp-DDC2tyIS8sYj
WS_SIAK,JenisTanah,shp,JenisTanah_WS_SIAK.shp,1HfJ4fcEhPmGuNxXXTuPxcVTUqgt1TSlZ
WS_SIAK,JenisTanah,shx,JenisTanah_WS_SIAK.shx,1-rCcuk4TWajfq3P5FinXa9sfsUeLEv3b
WS_SIAK,JenisTanah,prj,JenisTanah_WS_SIAK.prj,1DLqX_5By6GSPpETSQJLeCdIEzp8zrnof
WS_SIAK,Erosi,shp,Erosi_WS_SIAK.shp,1AnVQw58ZR6T2VMsVRKFqKWtD4KFdUH26
WS_SIAK,Erosi,prj,Erosi_WS_SIAK.prj,16-Mrgf4GRP_0qRrVurArbiVXdpgf3p7Y
WS_SIAK,Erosi,shx,Erosi_WS_SIAK.shx,1siHpIY1qFYPOZrDntM2a7BIxfdyh8r8F
WS_SIAK,Erosi,cpg,Erosi_WS_SIAK.cpg,12Da-T04Rnifv7Gar64Gqf4U1l0mAvrrI
WS_SIAK,Erosi,dbf,Erosi_WS_SIAK.dbf,11-L5VmyNQ6gLsMjnGTGVPtYF2Hf83yLv
WS_SERAYU_BOGOWONTO,RURHLDAS,shp,RURHLDAS_WS_SERAYU_BOGOWONTO.shp,19Q_nsH_o7GIY5_nXhH1SHkc0D7GWAfDg
WS_SERAYU_BOGOWONTO,RURHLDAS,shx,RURHLDAS_WS_SERAYU_BOGOWONTO.shx,1v0jwfl5lkLuPwno70W5TiqbfEovYP6Xe
WS_SERAYU_BOGOWONTO,RURHLDAS,dbf,RURHLDAS_WS_SERAYU_BOGOWONTO.dbf,1rXZQR5eAPUWw1WTIDP1LVcuGzU7Ot5zG
WS_SERAYU_BOGOWONTO,RURHLDAS,cpg,RURHLDAS_WS_SERAYU_BOGOWONTO.cpg,1reek3KNndRe3PFbl9bkndnfS7QpAxuwY
WS_SERAYU_BOGOWONTO,RURHLDAS,prj,RURHLDAS_WS_SERAYU_BOGOWONTO.prj,1iIa6d0Oui0eoVMMYex7oOZ8uJIJdNDQz
WS_SERAYU_BOGOWONTO,TutupanLahan,shp,TutupanLahan_WS_SERAYU_BOGOWONTO.shp,1-ZJolIK0j9-Ks2WWUvPeNU_pXJ-Vtytl
WS_SERAYU_BOGOWONTO,TutupanLahan,dbf,TutupanLahan_WS_SERAYU_BOGOWONTO.dbf,1mC_zp0hL55k8Xjzaci6nI4Qg9RJfc1yl
WS_SERAYU_BOGOWONTO,TutupanLahan,shx,TutupanLahan_WS_SERAYU_BOGOWONTO.shx,1WndHjr_VHRrxRmZo_4eGjex23ch6xj54
WS_SERAYU_BOGOWONTO,TutupanLahan,prj,TutupanLahan_WS_SERAYU_BOGOWONTO.prj,1okTRPPap2dpcxn5-alkJKV7-kWXMo6j2
WS_SERAYU_BOGOWONTO,TutupanLahan,cpg,TutupanLahan_WS_SERAYU_BOGOWONTO.cpg,1WThfbSNnSH9LjQsaGdCsnzPplXThjtuE
WS_SERAYU_BOGOWONTO,KawasanHutan,shx,KawasanHutan_WS_SERAYU_BOGOWONTO.shx,1k9KvfjyzCzSukQx2md3xklPa7gM5bCsG
WS_SERAYU_BOGOWONTO,KawasanHutan,shp,KawasanHutan_WS_SERAYU_BOGOWONTO.shp,1geKz6UJD1Lh_x1ga4wHGMJrRpwFdlJaj
WS_SERAYU_BOGOWONTO,KawasanHutan,cpg,KawasanHutan_WS_SERAYU_BOGOWONTO.cpg,1PdIKUbD-5NFaJAlzmFBjvpM92uzCs7rw
WS_SERAYU_BOGOWONTO,KawasanHutan,prj,KawasanHutan_WS_SERAYU_BOGOWONTO.prj,1S2GvNZmRO6qYzUU01EaaQgaGFmmBrMUr
WS_SERAYU_BOGOWONTO,KawasanHutan,dbf,KawasanHutan_WS_SERAYU_BOGOWONTO.dbf,1Xw1b1GR2-yyRcMHmZ9Lw1mu_LX2wGwzo
WS_SERAYU_BOGOWONTO,JenisTanah,dbf,JenisTanah_WS_SERAYU_BOGOWONTO.dbf,1IQNMwilNCP0OBd430Bt5VVKeIWHAfjZ6
WS_SERAYU_BOGOWONTO,JenisTanah,prj,JenisTanah_WS_SERAYU_BOGOWONTO.prj,1cnOKxZ8zg0NbUI0Wb_RxcYv2jSmUwKbN
WS_SERAYU_BOGOWONTO,JenisTanah,cpg,JenisTanah_WS_SERAYU_BOGOWONTO.cpg,1KlXbvCR1yUvRVqLZByokP7PeF5tJn98b
WS_SERAYU_BOGOWONTO,JenisTanah,shp,JenisTanah_WS_SERAYU_BOGOWONTO.shp,1jhptZLNK7YmyMFSccBAGY4W0LymoXoUW
WS_SERAYU_BOGOWONTO,JenisTanah,shx,JenisTanah_WS_SERAYU_BOGOWONTO.shx,1g3hdaZR31lsMz_MELt6NAAAmWfxhE2Y1
WS_SERAYU_BOGOWONTO,Erosi,prj,Erosi_WS_SERAYU_BOGOWONTO.prj,1GLDGdL6-v4NyTXB1DXi-qyNFkfU0R1bF
WS_SERAYU_BOGOWONTO,Erosi,cpg,Erosi_WS_SERAYU_BOGOWONTO.cpg,1ukwZiktOsYEEVCsfaPcdaAVqyxnIw2Yu
WS_SERAYU_BOGOWONTO,Erosi,shx,Erosi_WS_SERAYU_BOGOWONTO.shx,1rJEJer6mnA3MqoL7I9Z4_axEGwsEzcy5
WS_SERAYU_BOGOWONTO,Erosi,shp,Erosi_WS_SERAYU_BOGOWONTO.shp,1eE2RpBK7xmP-dyYFqt8r5uYoPAuDo7ck
WS_SERAYU_BOGOWONTO,Erosi,dbf,Erosi_WS_SERAYU_BOGOWONTO.dbf,147wzu8I1QCYgJum4IU-dBFIZvTN1pXSj
WS_SEMAKA,RURHLDAS,shx,RURHLDAS_WS_SEMAKA.shx,1Z-pbFzXK62mjmST9esfIp9WOtjQOPlp3
WS_SEMAKA,RURHLDAS,dbf,RURHLDAS_WS_SEMAKA.dbf,1GdbNrlqniiOQL3cCihGhkH5UDDNGDLKf
WS_SEMAKA,RURHLDAS,prj,RURHLDAS_WS_SEMAKA.prj,1eivKAbb-oMEFuPv78o2wr0oN6FvWPZNo
WS_SEMAKA,RURHLDAS,shp,RURHLDAS_WS_SEMAKA.shp,1ZIbPqRI6qfsCQgXND8ID3ytO_AwXNCu0
WS_SEMAKA,RURHLDAS,cpg,RURHLDAS_WS_SEMAKA.cpg,1itaSxeMT3x4nFBjvW0rFoRsuwU-OBzH7
WS_SEMAKA,TutupanLahan,dbf,TutupanLahan_WS_SEMAKA.dbf,1SBUVXDXMXNaU0wYWlQdUoOZldTK_x7mL
WS_SEMAKA,TutupanLahan,cpg,TutupanLahan_WS_SEMAKA.cpg,11uv0FEnI_kkRFF1W1UAwLuJA10t4iYnc
WS_SEMAKA,TutupanLahan,prj,TutupanLahan_WS_SEMAKA.prj,1ARqMGGNim0ydayr8LDHWt23NGl8TR_nD
WS_SEMAKA,TutupanLahan,shp,TutupanLahan_WS_SEMAKA.shp,18QM5s7bfUrE-ICJpJmgMUo2DEwesWdJn
WS_SEMAKA,TutupanLahan,shx,TutupanLahan_WS_SEMAKA.shx,1SeFJNXk5fQ-uCXT05FWZfr8F40OqCXPK
WS_SEMAKA,KawasanHutan,prj,KawasanHutan_WS_SEMAKA.prj,1W9ybo2192qpnTo7gQ13dOPeP_q6lamjC
WS_SEMAKA,KawasanHutan,cpg,KawasanHutan_WS_SEMAKA.cpg,1ifz0qBQxibtJqZGpFQn_SR5TlK093xxV
WS_SEMAKA,KawasanHutan,dbf,KawasanHutan_WS_SEMAKA.dbf,1AJQ2P8UaM3EonlQ6qUYabDMeDzG6Tbmc
WS_SEMAKA,KawasanHutan,shx,KawasanHutan_WS_SEMAKA.shx,1xI1WVtToFPOdnnEplKiOKqDXDyrfk5EI
WS_SEMAKA,KawasanHutan,shp,KawasanHutan_WS_SEMAKA.shp,1sAaIV-7zlCi7lylDDU4zI-6WoCRZp-Nd
WS_SEMAKA,JenisTanah,dbf,JenisTanah_WS_SEMAKA.dbf,1PL0iTjN9GMzxte4w7ZFV2w_CFzFNdgDJ
WS_SEMAKA,JenisTanah,cpg,JenisTanah_WS_SEMAKA.cpg,1OQIvGqJgULwmeVRg7BdFDK_WkrWuddI7
WS_SEMAKA,JenisTanah,prj,JenisTanah_WS_SEMAKA.prj,1-vafE-ez2dLa6G3xXq7O-W_6wk5_PY_x
WS_SEMAKA,JenisTanah,shx,JenisTanah_WS_SEMAKA.shx,1GSt0kZgl28dfAM6MvP81-9yS9ncq2DE0
WS_SEMAKA,JenisTanah,shp,JenisTanah_WS_SEMAKA.shp,1acVwaFr8gC7eGHfpdc1UAmvQihuML0Ho
WS_SEMAKA,Erosi,shx,Erosi_WS_SEMAKA.shx,1WwVrz_YxhREbU0b19f7LeKaDGJywXOth
WS_SEMAKA,Erosi,cpg,Erosi_WS_SEMAKA.cpg,1l-Yk0n9JqPCopXUYhOdUt-zNSo7kDuCB
WS_SEMAKA,Erosi,dbf,Erosi_WS_SEMAKA.dbf,1neqiLaFyeT12FDPxBtJ2UypEWYkTsLLq
WS_SEMAKA,Erosi,shp,Erosi_WS_SEMAKA.shp,1AnmUYiFfyeUab13isWyJd0jT1D1tvssx
WS_SEMAKA,Erosi,prj,Erosi_WS_SEMAKA.prj,1CXGoNZ3jVIJbC1pgjYi7J8qm5_9cfQLS
WS_SAMBAS,RURHLDAS,prj,RURHLDAS_WS_SAMBAS.prj,1GneMTr2CX4pTauhOA8iITu0z68SAXPq5
WS_SAMBAS,RURHLDAS,shx,RURHLDAS_WS_SAMBAS.shx,1FNPrggG9ERw4J1eJMlhia-OZbU3GYgu5
WS_SAMBAS,RURHLDAS,dbf,RURHLDAS_WS_SAMBAS.dbf,17yTt0PiOK8b7O1rk6V271EsOrnN3CH5T
WS_SAMBAS,RURHLDAS,shp,RURHLDAS_WS_SAMBAS.shp,1JSpQFSEtYW5w8khee3ht1cX207b7JL06
WS_SAMBAS,RURHLDAS,cpg,RURHLDAS_WS_SAMBAS.cpg,1EqQ7M_ig7psNFE7_bKKdEj3kNQ3Yf28p
WS_SAMBAS,TutupanLahan,prj,TutupanLahan_WS_SAMBAS.prj,10-utD8GMLVBjASeG2C8iS9YMazibhwAT
WS_SAMBAS,TutupanLahan,shx,TutupanLahan_WS_SAMBAS.shx,1HiGmfqHbFB60fi-vxVKeSuE4DneVSc45
WS_SAMBAS,TutupanLahan,shp,TutupanLahan_WS_SAMBAS.shp,13G7jpskmZAm9Jd1KA310hZiLDNlcxdW5
WS_SAMBAS,TutupanLahan,dbf,TutupanLahan_WS_SAMBAS.dbf,1tSf0aIqqi7GfCmqfLnYgqJ4SqpDSredo
WS_SAMBAS,TutupanLahan,cpg,TutupanLahan_WS_SAMBAS.cpg,1beqqC9jg-zrU5bKB-h6WXw9FKW3PdhRu
WS_SAMBAS,KawasanHutan,shx,KawasanHutan_WS_SAMBAS.shx,1dEnJWM9aL8yrY8RETenx4Ejy5M_vl0qE
WS_SAMBAS,KawasanHutan,cpg,KawasanHutan_WS_SAMBAS.cpg,1YvBu_HS4VlXgtwSkpDVXpg-I6QaujL30
WS_SAMBAS,KawasanHutan,prj,KawasanHutan_WS_SAMBAS.prj,1EaHbpMJdpG85vccHw8wrkhunwXDhEkW8
WS_SAMBAS,KawasanHutan,dbf,KawasanHutan_WS_SAMBAS.dbf,1sguFk-kr1nqYE50ZvVXv7KrBhYdfLmFB
WS_SAMBAS,KawasanHutan,shp,KawasanHutan_WS_SAMBAS.shp,16KAXPbaNGWXN5zHWQfA9_NPZt5wNzC2J
WS_SAMBAS,JenisTanah,prj,JenisTanah_WS_SAMBAS.prj,1vBoVuQ_hKCS9O1EwnUQKLtAPZfoHngVX
WS_SAMBAS,JenisTanah,shp,JenisTanah_WS_SAMBAS.shp,1EIGdbwXXkGBT5qdJ7WKl-Y8BkeVRCaO2
WS_SAMBAS,JenisTanah,dbf,JenisTanah_WS_SAMBAS.dbf,1pWnVHAHPOr0TgIK5NR8UfE6C0m8hoRLV
WS_SAMBAS,JenisTanah,cpg,JenisTanah_WS_SAMBAS.cpg,1hjsxtxwJX7u7a2_Hts78porKxLGPlgZ0
WS_SAMBAS,JenisTanah,shx,JenisTanah_WS_SAMBAS.shx,180CoazdDX2yzZxlaxHhF8qSoEWiWwcZe
WS_SAMBAS,Erosi,cpg,Erosi_WS_SAMBAS.cpg,1MlNLVIxMLjA15V9HCnduOIaBTKwCPCMY
WS_SAMBAS,Erosi,shp,Erosi_WS_SAMBAS.shp,1nINJPHNEVSsUZKJVTxFbTwOGWEv8R0t-
WS_SAMBAS,Erosi,shx,Erosi_WS_SAMBAS.shx,118NDt4J0PQsyznPhwd_l5aubPPESSRca
WS_SAMBAS,Erosi,dbf,Erosi_WS_SAMBAS.dbf,1BBMqgN_Q69yRDUbCWePgW8vGV6eCmoIj
WS_SAMBAS,Erosi,prj,Erosi_WS_SAMBAS.prj,1Ki0jBq83X10r_-p9FjnON5Zod2G31WJv
WS_SAMPEAN_SETAIL,RURHLDAS,dbf,RURHLDAS_WS_SAMPEAN_SETAIL.dbf,16sjspEdrOvVQ2GNtANRb__jYaCWyQJNH
WS_SAMPEAN_SETAIL,RURHLDAS,shp,RURHLDAS_WS_SAMPEAN_SETAIL.shp,10yjTLnFC9NvF0qKtKyHW7e2xv6iiiwDd
WS_SAMPEAN_SETAIL,RURHLDAS,prj,RURHLDAS_WS_SAMPEAN_SETAIL.prj,1bvynELKMHUQZ4_M6EzldIJZK98KhiCS9
WS_SAMPEAN_SETAIL,RURHLDAS,shx,RURHLDAS_WS_SAMPEAN_SETAIL.shx,178NJJuzUPvIo1ej4uHfXhMKswYmpQPc4
WS_SAMPEAN_SETAIL,RURHLDAS,cpg,RURHLDAS_WS_SAMPEAN_SETAIL.cpg,1f4RLj4SN3b7F3d_GyZtb4HA1sHe_K19e
WS_SAMPEAN_SETAIL,TutupanLahan,shp,TutupanLahan_WS_SAMPEAN_SETAIL.shp,1eKyzbZhhX72MhhniAszUGfzhNl0X4WT6
WS_SAMPEAN_SETAIL,TutupanLahan,prj,TutupanLahan_WS_SAMPEAN_SETAIL.prj,1CCfKUxd6-AIo3pTMPBdm9mKtQfOa7pAw
WS_SAMPEAN_SETAIL,TutupanLahan,dbf,TutupanLahan_WS_SAMPEAN_SETAIL.dbf,12XMuFpoNqYqyIWeX1kbqxkO1aK6E55Gg
WS_SAMPEAN_SETAIL,TutupanLahan,shx,TutupanLahan_WS_SAMPEAN_SETAIL.shx,10j6s8uim3lu1LgbbbXwoTwworqnAKz40
WS_SAMPEAN_SETAIL,TutupanLahan,cpg,TutupanLahan_WS_SAMPEAN_SETAIL.cpg,1qONnrHtDHTGXW7NKmP7Qy89Kbw12a7Pn
WS_SAMPEAN_SETAIL,KawasanHutan,shp,KawasanHutan_WS_SAMPEAN_SETAIL.shp,1TIjk3NUbdIhWWO1a7euVN62_lOE4LRoc
WS_SAMPEAN_SETAIL,KawasanHutan,dbf,KawasanHutan_WS_SAMPEAN_SETAIL.dbf,1I2WKahDm5ybLC32sRHp3Hg8AfvvkAfoo
WS_SAMPEAN_SETAIL,KawasanHutan,shx,KawasanHutan_WS_SAMPEAN_SETAIL.shx,1ljFM1rY12XSZLtRxLEA2PVaFhrZdAttc
WS_SAMPEAN_SETAIL,KawasanHutan,cpg,KawasanHutan_WS_SAMPEAN_SETAIL.cpg,174ZOcvtb2UGBgQq4tTc4RD1mXH_9jyMZ
WS_SAMPEAN_SETAIL,KawasanHutan,prj,KawasanHutan_WS_SAMPEAN_SETAIL.prj,1wpHxe32Kv5lDGE7J7X3m-ivJfQyev_9p
WS_SAMPEAN_SETAIL,JenisTanah,shp,JenisTanah_WS_SAMPEAN_SETAIL.shp,1IAZuPnhX0xttAEQ0BROhhcvvI-oFoxdX
WS_SAMPEAN_SETAIL,JenisTanah,dbf,JenisTanah_WS_SAMPEAN_SETAIL.dbf,1vY7Yl5UDDsWZrakyLSzlc700RMP7dpky
WS_SAMPEAN_SETAIL,JenisTanah,prj,JenisTanah_WS_SAMPEAN_SETAIL.prj,1idZrE3J88iW1_g2hGLo1djYIazCmV5kx
WS_SAMPEAN_SETAIL,JenisTanah,shx,JenisTanah_WS_SAMPEAN_SETAIL.shx,12TIbJKkN_OKFnzUkaZiLXXAHOnWL2RUR
WS_SAMPEAN_SETAIL,JenisTanah,cpg,JenisTanah_WS_SAMPEAN_SETAIL.cpg,1LpEs1ADMRGYdI2CVmRwmLpFb7V_Tqsfi
WS_SAMPEAN_SETAIL,Erosi,shp,Erosi_WS_SAMPEAN_SETAIL.shp,16MY3MLD4IvdpfZzVXavKHuFM9yHO3kB1
WS_SAMPEAN_SETAIL,Erosi,dbf,Erosi_WS_SAMPEAN_SETAIL.dbf,1dUP5sLYGlHGfIfGZOEl8MJoUaDW_Sd7i
WS_SAMPEAN_SETAIL,Erosi,prj,Erosi_WS_SAMPEAN_SETAIL.prj,1L76fZmGsf-INw61II64PSkStupvASmgW
WS_SAMPEAN_SETAIL,Erosi,shx,Erosi_WS_SAMPEAN_SETAIL.shx,1_QsmnThoyOavt2lgBX7p5BeXoX4Ods7f
WS_SAMPEAN_SETAIL,Erosi,cpg,Erosi_WS_SAMPEAN_SETAIL.cpg,1YxEjMPT85Qh9HhQP3qbS6tT3i_g9y_BQ
WS_SEBLAT_KETAHUN_LAIS,RURHLDAS,shx,RURHLDAS_WS_SEBLAT_KETAHUN_LAIS.shx,1ebaZjt1CsFz6BA96MbYfPteCleWJp7mV
WS_SEBLAT_KETAHUN_LAIS,RURHLDAS,shp,RURHLDAS_WS_SEBLAT_KETAHUN_LAIS.shp,1H-QedewdE_JSmCBpS1kkTkJrN36AU-Rs
WS_SEBLAT_KETAHUN_LAIS,RURHLDAS,cpg,RURHLDAS_WS_SEBLAT_KETAHUN_LAIS.cpg,1xOz8jjtwAgEPttIhxsqVOuJhm9epmMEi
WS_SEBLAT_KETAHUN_LAIS,RURHLDAS,prj,RURHLDAS_WS_SEBLAT_KETAHUN_LAIS.prj,1azUutPDe0b9vcmeJeUMntduEROHEHUMR
WS_SEBLAT_KETAHUN_LAIS,RURHLDAS,dbf,RURHLDAS_WS_SEBLAT_KETAHUN_LAIS.dbf,1RGSvS2fkssshBMHmADVGSOWwxofAJoxY
WS_SEBLAT_KETAHUN_LAIS,TutupanLahan,shp,TutupanLahan_WS_SEBLAT_KETAHUN_LAIS.shp,1SACGeRHK-XUzMEw-Z3qUHC9dRUI9kEBd
WS_SEBLAT_KETAHUN_LAIS,TutupanLahan,shx,TutupanLahan_WS_SEBLAT_KETAHUN_LAIS.shx,1-pkvbRiLjuSv3B34fcDGzLzB_Dk6f51-
WS_SEBLAT_KETAHUN_LAIS,TutupanLahan,dbf,TutupanLahan_WS_SEBLAT_KETAHUN_LAIS.dbf,1R7UMgV9Q2AUlcPMsx2-xNEyTpzUM05oK
WS_SEBLAT_KETAHUN_LAIS,TutupanLahan,prj,TutupanLahan_WS_SEBLAT_KETAHUN_LAIS.prj,1EnAWgL_arGIlcjKkbG52287aDnL95-yI
WS_SEBLAT_KETAHUN_LAIS,TutupanLahan,cpg,TutupanLahan_WS_SEBLAT_KETAHUN_LAIS.cpg,1DScrAUMrXS4lZu3FDlkpqzDA0xje0fiP
WS_SEBLAT_KETAHUN_LAIS,KawasanHutan,shx,KawasanHutan_WS_SEBLAT_KETAHUN_LAIS.shx,1JGg-AEQEPSA8PDVZWGpPDrJSJRChvC-z
WS_SEBLAT_KETAHUN_LAIS,KawasanHutan,prj,KawasanHutan_WS_SEBLAT_KETAHUN_LAIS.prj,1xl19GNJpAUjENw9gTQCl7OcFUHpsZJ-J
WS_SEBLAT_KETAHUN_LAIS,KawasanHutan,dbf,KawasanHutan_WS_SEBLAT_KETAHUN_LAIS.dbf,1S1tsI7y9WI1STD1liMnVShRnBIBcy_FW
WS_SEBLAT_KETAHUN_LAIS,KawasanHutan,shp,KawasanHutan_WS_SEBLAT_KETAHUN_LAIS.shp,1OTKy7L_uqDthGcfXcnx2EvNEbCDDIFa4
WS_SEBLAT_KETAHUN_LAIS,KawasanHutan,cpg,KawasanHutan_WS_SEBLAT_KETAHUN_LAIS.cpg,1_pilq6IRVfpdZ_KY14xxnkJOvV-b2jkK
WS_SEBLAT_KETAHUN_LAIS,JenisTanah,dbf,JenisTanah_WS_SEBLAT_KETAHUN_LAIS.dbf,1KdItu1U78_yIX3csP5Y3vdCk3ZIrj7CY
WS_SEBLAT_KETAHUN_LAIS,JenisTanah,shx,JenisTanah_WS_SEBLAT_KETAHUN_LAIS.shx,1iwVgsZvbASo0eutm5kz35kMQTDIEahLl
WS_SEBLAT_KETAHUN_LAIS,JenisTanah,shp,JenisTanah_WS_SEBLAT_KETAHUN_LAIS.shp,1LTf4DQZqqBbN2_-qdoCZpvErS4aFaJp9
WS_SEBLAT_KETAHUN_LAIS,JenisTanah,prj,JenisTanah_WS_SEBLAT_KETAHUN_LAIS.prj,1DRwn2_lyd8qO3pt7vzhI6ZhqdjwZ6w7k
WS_SEBLAT_KETAHUN_LAIS,JenisTanah,cpg,JenisTanah_WS_SEBLAT_KETAHUN_LAIS.cpg,1XVlN4jDI-IWeRl9gWGVResghnU_ZzQxz
WS_SEBLAT_KETAHUN_LAIS,Erosi,prj,Erosi_WS_SEBLAT_KETAHUN_LAIS.prj,1u97GtnDZFVYG5Q-QXUXAxPe0EHnwkFUA
WS_SEBLAT_KETAHUN_LAIS,Erosi,shx,Erosi_WS_SEBLAT_KETAHUN_LAIS.shx,1Kd0EfpYh9tWaUuNzwhnWS1IzqWGY9g_O
WS_SEBLAT_KETAHUN_LAIS,Erosi,cpg,Erosi_WS_SEBLAT_KETAHUN_LAIS.cpg,1RTw-pnA74WxKn6k5Q75APDVYM42dgTdj
WS_SEBLAT_KETAHUN_LAIS,Erosi,shp,Erosi_WS_SEBLAT_KETAHUN_LAIS.shp,1AokpzVXaGT9yNcTI7PRqogvFBg0Eujmc
WS_SEBLAT_KETAHUN_LAIS,Erosi,dbf,Erosi_WS_SEBLAT_KETAHUN_LAIS.dbf,1HWg8UetN-CMBSoY-4LaElSd9ZZHw0Utw
WS_SADDANG,RURHLDAS,shp,RURHLDAS_WS_SADDANG.shp,1EulOM0XzKy25XCfN8S_iYSrLV1LYgAXf
WS_SADDANG,RURHLDAS,shx,RURHLDAS_WS_SADDANG.shx,1ENn3Fjarkgz35lBi0e-X7LKyrsXwLbOm
WS_SADDANG,RURHLDAS,dbf,RURHLDAS_WS_SADDANG.dbf,1CDfmIiwCb_fy24lvkJbuaDom2gpEBHGG
WS_SADDANG,RURHLDAS,prj,RURHLDAS_WS_SADDANG.prj,1MKxg9y2mkkc2A4h8MMfTLfCeG5VGYz2a
WS_SADDANG,RURHLDAS,cpg,RURHLDAS_WS_SADDANG.cpg,1M_4gvo8jfpwMrnpF1WHH3H3WqK9XRdFM
WS_SADDANG,TutupanLahan,dbf,TutupanLahan_WS_SADDANG.dbf,1hVNuP0HDM-xntbFSw81nJPxieaiieLSR
WS_SADDANG,TutupanLahan,shp,TutupanLahan_WS_SADDANG.shp,18yJoAZ1VWjiZfiUsUoiQLmPeJBQWCif7
WS_SADDANG,TutupanLahan,prj,TutupanLahan_WS_SADDANG.prj,1QpuizR7sOorMk5ECmhIMYjCdxHXorI7y
WS_SADDANG,TutupanLahan,shx,TutupanLahan_WS_SADDANG.shx,1ZT98QDvyWQ4rLvZ5S-2MbJL6-1SRvFzw
WS_SADDANG,TutupanLahan,cpg,TutupanLahan_WS_SADDANG.cpg,1RFOODQhJNrDYwKqW7zXg0o_V6UXX4aYp
WS_SADDANG,KawasanHutan,shx,KawasanHutan_WS_SADDANG.shx,1RrStglLy7v988hogM9OYyoDvnWMnpDA9
WS_SADDANG,KawasanHutan,shp,KawasanHutan_WS_SADDANG.shp,1NoV6JtrBcjM5vLXMW8Xllr7aJlqW4vqV
WS_SADDANG,KawasanHutan,dbf,KawasanHutan_WS_SADDANG.dbf,1LzAzY2pxkGqEHyHKUthZeyfywhp5t_7K
WS_SADDANG,KawasanHutan,cpg,KawasanHutan_WS_SADDANG.cpg,1f_0h-UcNZ-CiE2SKUVdzhEGYp7rMQNZD
WS_SADDANG,KawasanHutan,prj,KawasanHutan_WS_SADDANG.prj,1qclPrFsFo7VOEe5Y4TPbaN6q7fUO2ekG
WS_SADDANG,JenisTanah,prj,JenisTanah_WS_SADDANG.prj,1dl2IgreTaHj1t9HC1nBA2WxXZZTQ9kuu
WS_SADDANG,JenisTanah,shx,JenisTanah_WS_SADDANG.shx,1ccrmRHzNtAl1GKPHj5tAa9p0s1o5N6O4
WS_SADDANG,JenisTanah,dbf,JenisTanah_WS_SADDANG.dbf,16DPtQ6ahQmpTxT90hYRnnB75hSAz7wmg
WS_SADDANG,JenisTanah,shp,JenisTanah_WS_SADDANG.shp,1LBd9-vvMmBDpHZXoSrlXo68-z2MRijK_
WS_SADDANG,JenisTanah,cpg,JenisTanah_WS_SADDANG.cpg,1eAxRyfLMXdvSTbjVqOU1xObiOY6zaae4
WS_SADDANG,Erosi,shp,Erosi_WS_SADDANG.shp,14-QHDjqF4jgkMokd87wbKZqnPMf1EeT0
WS_SADDANG,Erosi,dbf,Erosi_WS_SADDANG.dbf,1r_NO9lPzc9y5qHee-jntQIx70RVZjV_C
WS_SADDANG,Erosi,shx,Erosi_WS_SADDANG.shx,1cwYFdEhCD70VXoM8cheRP_jYgPgIltC8
WS_SADDANG,Erosi,cpg,Erosi_WS_SADDANG.cpg,1_eIC0ls9sGDJr_jf_go_TP934SpHxY8N
WS_SADDANG,Erosi,prj,Erosi_WS_SADDANG.prj,1xLdjDCkN6XVlJjup_iIb0YOW4HgmiQM3
WS_POIGAR_RANOYAPO,RURHLDAS,prj,RURHLDAS_WS_POIGAR_RANOYAPO.prj,1FTZsJbxZuGm1QslLGT8ZTYywZxcEzLr2
WS_POIGAR_RANOYAPO,RURHLDAS,shx,RURHLDAS_WS_POIGAR_RANOYAPO.shx,1LzZuxqKdSFhMusobCKgZcIBAk_K7pIA0
WS_POIGAR_RANOYAPO,RURHLDAS,cpg,RURHLDAS_WS_POIGAR_RANOYAPO.cpg,1u7_XFnYU_ZvtM2KT7iIVb4yKNK0OjmPs
WS_POIGAR_RANOYAPO,RURHLDAS,shp,RURHLDAS_WS_POIGAR_RANOYAPO.shp,1A_jMaXrxtLzt3pXpCa5_xUd83Mlr3Ua_
WS_POIGAR_RANOYAPO,RURHLDAS,dbf,RURHLDAS_WS_POIGAR_RANOYAPO.dbf,1i0_E1pzIZgEvJh2fJQWa6vUpr-O2vvc3
WS_POIGAR_RANOYAPO,TutupanLahan,shp,TutupanLahan_WS_POIGAR_RANOYAPO.shp,1fzmNyZCDMVO5cwkdS9gA0fAkismgGiSr
WS_POIGAR_RANOYAPO,TutupanLahan,dbf,TutupanLahan_WS_POIGAR_RANOYAPO.dbf,1iLuvV4h_osfPBsKHXxyDZOEjWcYkZLYY
WS_POIGAR_RANOYAPO,TutupanLahan,shx,TutupanLahan_WS_POIGAR_RANOYAPO.shx,1NlJX7TFZxfGSy-nJmTOdCh9Ass3Xx0kS
WS_POIGAR_RANOYAPO,TutupanLahan,prj,TutupanLahan_WS_POIGAR_RANOYAPO.prj,1XuMW-iuwO9feYAyUtbDuWbeN7SUV4941
WS_POIGAR_RANOYAPO,TutupanLahan,cpg,TutupanLahan_WS_POIGAR_RANOYAPO.cpg,1UN9Js21XHpRgtSdRrZtHpRlFZz5AWEGe
WS_POIGAR_RANOYAPO,KawasanHutan,dbf,KawasanHutan_WS_POIGAR_RANOYAPO.dbf,1igRr9iw5VYcibig1oGXLLqqgUOa9DCcT
WS_POIGAR_RANOYAPO,KawasanHutan,prj,KawasanHutan_WS_POIGAR_RANOYAPO.prj,1QB76svfuXJQzRoBNa-yL1_F8fogYVpbC
WS_POIGAR_RANOYAPO,KawasanHutan,shp,KawasanHutan_WS_POIGAR_RANOYAPO.shp,1H9lsKlU1zTgUWQTgLh9mNmQ6-DqWQLRy
WS_POIGAR_RANOYAPO,KawasanHutan,cpg,KawasanHutan_WS_POIGAR_RANOYAPO.cpg,1J90tB4zbfFsGwkXlLj3iCKx8SqS_Te-4
WS_POIGAR_RANOYAPO,KawasanHutan,shx,KawasanHutan_WS_POIGAR_RANOYAPO.shx,1_Jl_JsyViv5Tb_0Y35xnvxmIrGaT8NY1
WS_POIGAR_RANOYAPO,JenisTanah,shp,JenisTanah_WS_POIGAR_RANOYAPO.shp,1Afk6vrgYEqbH4mec81j8AetO5t3MFXU_
WS_POIGAR_RANOYAPO,JenisTanah,cpg,JenisTanah_WS_POIGAR_RANOYAPO.cpg,1liGE5PlUNzCGb4oyqz5zL2u6a29aTyyx
WS_POIGAR_RANOYAPO,JenisTanah,prj,JenisTanah_WS_POIGAR_RANOYAPO.prj,1QvzKdOz2XLangU4PJhKKAvlPq7D7e0PU
WS_POIGAR_RANOYAPO,JenisTanah,shx,JenisTanah_WS_POIGAR_RANOYAPO.shx,1t9e_Y0NGfp4DaBHuUvbXK-hWzu8f7nrF
WS_POIGAR_RANOYAPO,JenisTanah,dbf,JenisTanah_WS_POIGAR_RANOYAPO.dbf,1jhnsPurIImLcVZEAgUOvtJxV0uZ5jHfN
WS_POIGAR_RANOYAPO,Erosi,shx,Erosi_WS_POIGAR_RANOYAPO.shx,113zAZ9OYGjKDk7SWFdJ0sIWXD6Qpy7f2
WS_POIGAR_RANOYAPO,Erosi,prj,Erosi_WS_POIGAR_RANOYAPO.prj,1z6mdRejmZ5vwvMRfKHZ83Iiz2Iplp8lg
WS_POIGAR_RANOYAPO,Erosi,cpg,Erosi_WS_POIGAR_RANOYAPO.cpg,1ncWEcbWzmtNlquVLGxEsA2lFykJ2lxIq
WS_POIGAR_RANOYAPO,Erosi,shp,Erosi_WS_POIGAR_RANOYAPO.shp,1jWm19jp_B3NDrwhLFHLmiDsnt94bsI3j
WS_POIGAR_RANOYAPO,Erosi,dbf,Erosi_WS_POIGAR_RANOYAPO.dbf,1fkg6C_wzydzkWKz_pEXOE_26V-drc-Rc
WS_ROKAN,RURHLDAS,prj,RURHLDAS_WS_ROKAN.prj,1_Te3CvbFf3AkvgzRSGQ4ciEHEN1G8lM9
WS_ROKAN,RURHLDAS,cpg,RURHLDAS_WS_ROKAN.cpg,1lMi9vpR5D5kKKuGnE0GdcYo9UqYjDRZV
WS_ROKAN,RURHLDAS,shx,RURHLDAS_WS_ROKAN.shx,1ksEmDnp0I5-TbUPi2eACDO1nRQi8OnNi
WS_ROKAN,RURHLDAS,shp,RURHLDAS_WS_ROKAN.shp,1FRHtjsiiFFOThvCW7_slnb637GrwaHDt
WS_ROKAN,RURHLDAS,dbf,RURHLDAS_WS_ROKAN.dbf,1gVYLGaUvfs7z8JhlIe38cxh4EY1Eobl0
WS_ROKAN,TutupanLahan,prj,TutupanLahan_WS_ROKAN.prj,106OGGku4cF_8QWPe5oBvyK1hC8adKCqW
WS_ROKAN,TutupanLahan,shx,TutupanLahan_WS_ROKAN.shx,1vn5c26gutJj1o1_grCAH6KYiAJFSM6Uf
WS_ROKAN,TutupanLahan,dbf,TutupanLahan_WS_ROKAN.dbf,1v46CRtitGicMuaKs776FaE6HcFvCUtPS
WS_ROKAN,TutupanLahan,shp,TutupanLahan_WS_ROKAN.shp,10L1V6ScJPS3gx4zAamQmIOm4uBWdyiDD
WS_ROKAN,TutupanLahan,cpg,TutupanLahan_WS_ROKAN.cpg,1ojdvjp0EQRj97gpgg8EyA85zwcPzDydt
WS_ROKAN,KawasanHutan,prj,KawasanHutan_WS_ROKAN.prj,1JhNc5bQPJnAN2dKEqa4C2TEnFDnjXmVc
WS_ROKAN,KawasanHutan,shx,KawasanHutan_WS_ROKAN.shx,1j_T5-oo0RnX2xo9ur91eztMh6rY9ZOZ-
WS_ROKAN,KawasanHutan,shp,KawasanHutan_WS_ROKAN.shp,1CtRCQI8FAnYU4d_JoK0S86neqigjcWs_
WS_ROKAN,KawasanHutan,dbf,KawasanHutan_WS_ROKAN.dbf,1xGxfh9Ty9SSqSlLgGJfkJqgfCrdfLCph
WS_ROKAN,KawasanHutan,cpg,KawasanHutan_WS_ROKAN.cpg,1YautP0a22y4Hdr7nP2UGBIQA8OJ0k0K5
WS_ROKAN,JenisTanah,shp,JenisTanah_WS_ROKAN.shp,1Sctyo-cmVmS48zBaulCMl-gC38BKmGvW
WS_ROKAN,JenisTanah,cpg,JenisTanah_WS_ROKAN.cpg,1D5XMrP3FLfHm9dWzIAWD2Mgu78rYUctX
WS_ROKAN,JenisTanah,shx,JenisTanah_WS_ROKAN.shx,1sfIJDsGqLGx-5aKK7B-WB7BE1T74Ab5-
WS_ROKAN,JenisTanah,prj,JenisTanah_WS_ROKAN.prj,19H68YnzQtWdwMbVZA9AEn7-qYSi65zHS
WS_ROKAN,JenisTanah,dbf,JenisTanah_WS_ROKAN.dbf,1VCIs_aSehzLo2r9kpaRlJIp41CkksP9D
WS_ROKAN,Erosi,cpg,Erosi_WS_ROKAN.cpg,1Oh-RhBRMt20zS9lbDr-x3WxiM8dfUXCr
WS_ROKAN,Erosi,shx,Erosi_WS_ROKAN.shx,1krwfqkbMeBFm646cqwbt_mPgTpB9x-Tp
WS_ROKAN,Erosi,dbf,Erosi_WS_ROKAN.dbf,1O1jZyJpZDqFHpJg0TVk-uzxaAkeuBFut
WS_ROKAN,Erosi,shp,Erosi_WS_ROKAN.shp,14kKO4y1tcJhai_R3YFxCelrrztnPmc1Q
WS_ROKAN,Erosi,prj,Erosi_WS_ROKAN.prj,1IRnrwTtzAK-BGrcunIKUi2ChnrDens4u
WS_RAWA,RURHLDAS,prj,RURHLDAS_WS_RAWA.prj,1Y6dixGP-sQafqutUhAWvV3pjNvHknBEn
WS_RAWA,RURHLDAS,shp,RURHLDAS_WS_RAWA.shp,1MnPAIOf-f88UaYU4VEnV_ABDiJU5j8YL
WS_RAWA,RURHLDAS,shx,RURHLDAS_WS_RAWA.shx,11ltgYN5iImhox3fXFrRZc1ghpmxNt08u
WS_RAWA,RURHLDAS,dbf,RURHLDAS_WS_RAWA.dbf,14MMc20Fpwz-ZnwpILZGTMT-EK5KHKHeA
WS_RAWA,RURHLDAS,cpg,RURHLDAS_WS_RAWA.cpg,1jx9G57fhOC4PT9FiEUFjUmcBejpcoEEG
WS_RAWA,TutupanLahan,dbf,TutupanLahan_WS_RAWA.dbf,1rKUpo38-f3E20kZX18QnvbTGr6g0t4zJ
WS_RAWA,TutupanLahan,cpg,TutupanLahan_WS_RAWA.cpg,1ecmc23rYE1KqN12Ip_LUndDcSt2PXHyE
WS_RAWA,TutupanLahan,shp,TutupanLahan_WS_RAWA.shp,1rvnDDx4a5y2-N5YaCfl-jm5zf_MdvZPX
WS_RAWA,TutupanLahan,shx,TutupanLahan_WS_RAWA.shx,19VgDJbxgJP98Q68odm8VFj26LoSOQdyV
WS_RAWA,TutupanLahan,prj,TutupanLahan_WS_RAWA.prj,1g0k9kVhjwVHD36u6yjtGZ_Ktq8d_xv75
WS_RAWA,KawasanHutan,prj,KawasanHutan_WS_RAWA.prj,1CHyPLP_tXpEamfRvj0er605_om9E__VM
WS_RAWA,KawasanHutan,cpg,KawasanHutan_WS_RAWA.cpg,1hrwiXLe48WUSIA5Fcdr5iNrFYrlbJdYB
WS_RAWA,KawasanHutan,shp,KawasanHutan_WS_RAWA.shp,1VnQqLmrcxoBvIPIYoPjGGOwv_I-64Hu_
WS_RAWA,KawasanHutan,shx,KawasanHutan_WS_RAWA.shx,1gArbSJs_1jcLCpFwsVCoOFdKVHCNnZ46
WS_RAWA,KawasanHutan,dbf,KawasanHutan_WS_RAWA.dbf,1POsXv4k8wMfVzxIYLmwiCCC2pKJbOBFg
WS_RAWA,JenisTanah,dbf,JenisTanah_WS_RAWA.dbf,1zboQ8D-irInkAfZc-4O8ASpags8A6Y5o
WS_RAWA,JenisTanah,shp,JenisTanah_WS_RAWA.shp,1yipu6a96lOWWvMf8rNNAf6OK2ZVu7XMH
WS_RAWA,JenisTanah,shx,JenisTanah_WS_RAWA.shx,1vDRYbtIplk7K2B06qv6aBY3GdoxSenlo
WS_RAWA,JenisTanah,prj,JenisTanah_WS_RAWA.prj,1Kweff4iv48Tfl7UhNLrWeKyYiKmXJ6Dq
WS_RAWA,JenisTanah,cpg,JenisTanah_WS_RAWA.cpg,1ThTeymmrn8kCa7tFHOccUC3t99cjlTrk
WS_RAWA,Erosi,cpg,Erosi_WS_RAWA.cpg,1PAv5TFJRQi3L3j6yAtXBzW81hFnjgTE5
WS_RAWA,Erosi,shx,Erosi_WS_RAWA.shx,1Uq1SB4X548RE6yRt7MDRS3ed2xcBDitH
WS_RAWA,Erosi,dbf,Erosi_WS_RAWA.dbf,1bK6kyg4d4bZWf51VRgY6Znwz0iTZsvER
WS_RAWA,Erosi,prj,Erosi_WS_RAWA.prj,1U5ZIcP0eV2J1v4yshcNtIuBkUOdTrsVw
WS_RAWA,Erosi,shp,Erosi_WS_RAWA.shp,1FU5-Yb_W6J4XW4mCBsP_ATDokZhCo5YE
WS_POSO_PUNA_SAUSU,RURHLDAS,cpg,RURHLDAS_WS_POSO_PUNA_SAUSU.cpg,1HeIvxOoikKKT0F9dqvJcroSI012B_ZdS
WS_POSO_PUNA_SAUSU,RURHLDAS,shp,RURHLDAS_WS_POSO_PUNA_SAUSU.shp,1w_P_Z8CZ_lv-wNEE2mS_YonSdBCgw_lO
WS_POSO_PUNA_SAUSU,RURHLDAS,prj,RURHLDAS_WS_POSO_PUNA_SAUSU.prj,1XY4hI6i3SoCXJCu8cGqKtXU-rNLFiYuX
WS_POSO_PUNA_SAUSU,RURHLDAS,shx,RURHLDAS_WS_POSO_PUNA_SAUSU.shx,1rlTlF5ftzE4u5EIsfoOC8znHhboFxPru
WS_POSO_PUNA_SAUSU,RURHLDAS,dbf,RURHLDAS_WS_POSO_PUNA_SAUSU.dbf,1MswXThKyk1xFItvn--9UWYVmG28u99wb
WS_POSO_PUNA_SAUSU,TutupanLahan,prj,TutupanLahan_WS_POSO_PUNA_SAUSU.prj,1Q3ZVq_orynZedjcuk3eQthjCV-3M-X95
WS_POSO_PUNA_SAUSU,TutupanLahan,shp,TutupanLahan_WS_POSO_PUNA_SAUSU.shp,13kZzl-pdIsY6ECKQTi-Rco0fZot3uWIy
WS_POSO_PUNA_SAUSU,TutupanLahan,dbf,TutupanLahan_WS_POSO_PUNA_SAUSU.dbf,179cGbLuSXuLvHICzxVpvnyuBprzAxd0k
WS_POSO_PUNA_SAUSU,TutupanLahan,cpg,TutupanLahan_WS_POSO_PUNA_SAUSU.cpg,1MT9wjhH4QLGCSNGNHrV4qDxR3QuG1PfC
WS_POSO_PUNA_SAUSU,TutupanLahan,shx,TutupanLahan_WS_POSO_PUNA_SAUSU.shx,1EyXZY05VNPENGMpU2KCEoHFw9SnuVDAS
WS_POSO_PUNA_SAUSU,KawasanHutan,dbf,KawasanHutan_WS_POSO_PUNA_SAUSU.dbf,1f3YNO2w4wzsgIUUpDK-rQ1-jFhnyQ9Sx
WS_POSO_PUNA_SAUSU,KawasanHutan,shx,KawasanHutan_WS_POSO_PUNA_SAUSU.shx,1AGgs1VWBRzAl0p-QWXY3MJBh3kLy2Ohx
WS_POSO_PUNA_SAUSU,KawasanHutan,shp,KawasanHutan_WS_POSO_PUNA_SAUSU.shp,1pIwxoGqjv22kRKNxgFOoSzeumq97r2-L
WS_POSO_PUNA_SAUSU,KawasanHutan,prj,KawasanHutan_WS_POSO_PUNA_SAUSU.prj,1yeo5KlaKd9ljhLZtl_1UDzZb_LYG0HIU
WS_POSO_PUNA_SAUSU,KawasanHutan,cpg,KawasanHutan_WS_POSO_PUNA_SAUSU.cpg,1m6id-AZN2p4zMqQ3CnpldjNyFH3VdRQu
WS_POSO_PUNA_SAUSU,JenisTanah,shp,JenisTanah_WS_POSO_PUNA_SAUSU.shp,1J6idnvt9h5FkwKm8-yY9dKbxs96dlpfk
WS_POSO_PUNA_SAUSU,JenisTanah,shx,JenisTanah_WS_POSO_PUNA_SAUSU.shx,12cvHOzlkoilP2ou1ktVeKJL0LNnxYGa1
WS_POSO_PUNA_SAUSU,JenisTanah,prj,JenisTanah_WS_POSO_PUNA_SAUSU.prj,14sOqeDKfNKTtFbWdbvJk0O_xKMOXA2VU
WS_POSO_PUNA_SAUSU,JenisTanah,cpg,JenisTanah_WS_POSO_PUNA_SAUSU.cpg,1yLon7yerVc833JNTZd59MYiVVx5ZHP55
WS_POSO_PUNA_SAUSU,JenisTanah,dbf,JenisTanah_WS_POSO_PUNA_SAUSU.dbf,1xH5linWT4MZxQUv1MJ12NC9ZESFRsNR3
WS_POSO_PUNA_SAUSU,Erosi,shx,Erosi_WS_POSO_PUNA_SAUSU.shx,1aZFkIkvzZS6vp8W_gEphV0tOtmjcamhH
WS_POSO_PUNA_SAUSU,Erosi,shp,Erosi_WS_POSO_PUNA_SAUSU.shp,1xAXA5plKj5tVCp-ZG6V095ndB8gu5iA-
WS_POSO_PUNA_SAUSU,Erosi,prj,Erosi_WS_POSO_PUNA_SAUSU.prj,1cwijHX8eudWmSpSukKm-lqMDam3p1Zxm
WS_POSO_PUNA_SAUSU,Erosi,dbf,Erosi_WS_POSO_PUNA_SAUSU.dbf,1NTwsU2ApKo19tlN8Jwo15x8cJxYz25mC
WS_POSO_PUNA_SAUSU,Erosi,cpg,Erosi_WS_POSO_PUNA_SAUSU.cpg,1xNEFt4IROedOaPtEyjP_sDr-t4MIV0iF
WS_PULAU_LAUT,RURHLDAS,cpg,RURHLDAS_WS_PULAU_LAUT.cpg,1lhrOpsBHTS9iFzHH8PWsoBbdMSL6J058
WS_PULAU_LAUT,RURHLDAS,shp,RURHLDAS_WS_PULAU_LAUT.shp,1U8WYbq8R32NKC34ok2RJrJPeKgPifMbf
WS_PULAU_LAUT,RURHLDAS,prj,RURHLDAS_WS_PULAU_LAUT.prj,1_NWZOs2z8GgHgoLc3OChED4TM0iO3Bep
WS_PULAU_LAUT,RURHLDAS,dbf,RURHLDAS_WS_PULAU_LAUT.dbf,1JRLLYiOts-uHNXDqkYUxxscZZDg1w0o4
WS_PULAU_LAUT,RURHLDAS,shx,RURHLDAS_WS_PULAU_LAUT.shx,1eftqCQe9Qd1BUArpoevbW-HN9qySpfDU
WS_PULAU_LAUT,TutupanLahan,dbf,TutupanLahan_WS_PULAU_LAUT.dbf,1PhgtltHal8w8rVj2oXaywqyOiJjuuHYu
WS_PULAU_LAUT,TutupanLahan,shx,TutupanLahan_WS_PULAU_LAUT.shx,1Fu1N6iil3AadgKthyzWSGDQwoo1-GVnf
WS_PULAU_LAUT,TutupanLahan,shp,TutupanLahan_WS_PULAU_LAUT.shp,1ccvk2vDCAhiPD-1MFcqySPsceuwEDQDt
WS_PULAU_LAUT,TutupanLahan,prj,TutupanLahan_WS_PULAU_LAUT.prj,1ntZfE9fCRow0leVWR232Q4b1E2NsciXp
WS_PULAU_LAUT,TutupanLahan,cpg,TutupanLahan_WS_PULAU_LAUT.cpg,13sA641NL_ZiZUloiMmFF9GOWmxlWmMbg
WS_PULAU_LAUT,KawasanHutan,shp,KawasanHutan_WS_PULAU_LAUT.shp,1QSWpjaKN_LMLGYe05RH8AFTm8230f24y
WS_PULAU_LAUT,KawasanHutan,shx,KawasanHutan_WS_PULAU_LAUT.shx,1YWcozl6yihdSLec57Cr79Bp9N_-RLaHi
WS_PULAU_LAUT,KawasanHutan,dbf,KawasanHutan_WS_PULAU_LAUT.dbf,1v5ko0zWW1WLV9mxFDkFun0lL2_A1d5ug
WS_PULAU_LAUT,KawasanHutan,prj,KawasanHutan_WS_PULAU_LAUT.prj,10AgKvMXz7ghop6N9RBspCzkBv_KjmXD8
WS_PULAU_LAUT,KawasanHutan,cpg,KawasanHutan_WS_PULAU_LAUT.cpg,1IeT023TbJGI2g6dsVqLP7cjJMlpimCv0
WS_PULAU_LAUT,JenisTanah,dbf,JenisTanah_WS_PULAU_LAUT.dbf,1tPslVuVKALBDKnaRhS46Vwhg_hwPlJE6
WS_PULAU_LAUT,JenisTanah,prj,JenisTanah_WS_PULAU_LAUT.prj,1hh0c7mNAx6ozn-bJYrYft4t-VVr8PuNU
WS_PULAU_LAUT,JenisTanah,cpg,JenisTanah_WS_PULAU_LAUT.cpg,1DXtrPOj0KT1MlDCkVkVGy-jpOrgFlGFw
WS_PULAU_LAUT,JenisTanah,shx,JenisTanah_WS_PULAU_LAUT.shx,1jRLpFpkqpYG7FNscyggk3g_APjgocfEU
WS_PULAU_LAUT,JenisTanah,shp,JenisTanah_WS_PULAU_LAUT.shp,1K7CjHiJPT8vP1F7p7FIQy38dX_ZLTkMx
WS_PULAU_LAUT,Erosi,dbf,Erosi_WS_PULAU_LAUT.dbf,10KtwjMvdYj6HJNwtGcf4QjtisJb1P2Ua
WS_PULAU_LAUT,Erosi,prj,Erosi_WS_PULAU_LAUT.prj,1AwZ3ky88OmlBxkNQ8YTR1t3WrXS_hsmZ
WS_PULAU_LAUT,Erosi,shx,Erosi_WS_PULAU_LAUT.shx,1eJzSWz1duZRKef_2nT9dhcv1MgowqkOV
WS_PULAU_LAUT,Erosi,shp,Erosi_WS_PULAU_LAUT.shp,1StEYPxthK3AQpDCDyuU5umKqVmhZCQKW
WS_PULAU_LAUT,Erosi,cpg,Erosi_WS_PULAU_LAUT.cpg,1czjd7R0YwMqQlCYsO5N2M70HQtaevNGL
WS_RANDANGAN,RURHLDAS,prj,RURHLDAS_WS_RANDANGAN.prj,1Np2mk2UnqP09XUxLvx1IzXhGI4kfdEgW
WS_RANDANGAN,RURHLDAS,shp,RURHLDAS_WS_RANDANGAN.shp,173SplyFRxQntHlAW64qCGtz5VHSBif94
WS_RANDANGAN,RURHLDAS,shx,RURHLDAS_WS_RANDANGAN.shx,1SBYpx2_VFcPHCVZbhHmvt0DJkLCH2k-q
WS_RANDANGAN,RURHLDAS,cpg,RURHLDAS_WS_RANDANGAN.cpg,12I58_BM2MzbLI_MK8WByVTgpNTgxikUM
WS_RANDANGAN,RURHLDAS,dbf,RURHLDAS_WS_RANDANGAN.dbf,114x0vauhxWIL_ezJHlx93ZWMdfvTTtZT
WS_RANDANGAN,TutupanLahan,dbf,TutupanLahan_WS_RANDANGAN.dbf,148eXV2tPSllbLW0CN2nOdeg87Z1Lq1qb
WS_RANDANGAN,TutupanLahan,prj,TutupanLahan_WS_RANDANGAN.prj,1ZdzdhOjX5M0CtCBSuO1PeeWM36PA0rr2
WS_RANDANGAN,TutupanLahan,shx,TutupanLahan_WS_RANDANGAN.shx,17J69nVLbeS9pgQZH2CzmsivQlNJmr0gx
WS_RANDANGAN,TutupanLahan,cpg,TutupanLahan_WS_RANDANGAN.cpg,1zVY_0ZBWDDp94oJrjBTMPRjbyLFILtP8
WS_RANDANGAN,TutupanLahan,shp,TutupanLahan_WS_RANDANGAN.shp,1ydwvlgDxmfykbsTeNR88-4Uztsz9HZBr
WS_RANDANGAN,KawasanHutan,dbf,KawasanHutan_WS_RANDANGAN.dbf,1WLBEjMJfbCOvaaBX4cuw59WzV8QHkbOw
WS_RANDANGAN,KawasanHutan,shx,KawasanHutan_WS_RANDANGAN.shx,1kg7oi4OPwsnYZ-eGQGagmWcUMZX9ys81
WS_RANDANGAN,KawasanHutan,cpg,KawasanHutan_WS_RANDANGAN.cpg,1CXnkWOv7zTRi6LChV8BTtWl1P0ZqyLt4
WS_RANDANGAN,KawasanHutan,prj,KawasanHutan_WS_RANDANGAN.prj,17en5Uw7PIB10qqcU_akoTTTvey0mswqn
WS_RANDANGAN,KawasanHutan,shp,KawasanHutan_WS_RANDANGAN.shp,1XOnrK1vNNnldEuz5PmKRBmWUATBRVE5f
WS_RANDANGAN,JenisTanah,prj,JenisTanah_WS_RANDANGAN.prj,1ilYeu2DmeTLwk1Puy-bh2snWchfK8GE9
WS_RANDANGAN,JenisTanah,cpg,JenisTanah_WS_RANDANGAN.cpg,10c9RJBYe1eiw_svUB6e39ZI_clQKTG0d
WS_RANDANGAN,JenisTanah,dbf,JenisTanah_WS_RANDANGAN.dbf,19jQDiUt-foNW5_ehe8nsqlYl2Uq0Ul3X
WS_RANDANGAN,JenisTanah,shp,JenisTanah_WS_RANDANGAN.shp,168A9tWI_rA1zDMHcJF-TcIe6hyy2fFhq
WS_RANDANGAN,JenisTanah,shx,JenisTanah_WS_RANDANGAN.shx,1cVrFM_ujkzuXtcAe0HteV7pbPu4mZpvG
WS_RANDANGAN,Erosi,shx,Erosi_WS_RANDANGAN.shx,1bi_EkBBvPEv2RjHPh7EzPKFPcUf-Ucst
WS_RANDANGAN,Erosi,shp,Erosi_WS_RANDANGAN.shp,1qLF4PlIEQdfyePfWQO8QsrDnoX52wIdY
WS_RANDANGAN,Erosi,dbf,Erosi_WS_RANDANGAN.dbf,14Fm_mnDUvOpCGxmgfw_K7QJVoNtzE3ba
WS_RANDANGAN,Erosi,prj,Erosi_WS_RANDANGAN.prj,1BOAsaxyT_Zxs-eBTm7EGxqcvfZJ9uHlu
WS_RANDANGAN,Erosi,cpg,Erosi_WS_RANDANGAN.cpg,1LAsR6e2RT-JY6XsIYpyynVcL6Rs_8AIQ
WS_PROGO_OPAK_SERANG,RURHLDAS,dbf,RURHLDAS_WS_PROGO_OPAK_SERANG.dbf,1fW4nQPgj2QRelVINJcxgE0rIbeZOmhUz
WS_PROGO_OPAK_SERANG,RURHLDAS,shp,RURHLDAS_WS_PROGO_OPAK_SERANG.shp,1PL9BjL0xgjk9fuIRi3kXpmO8PORKecrh
WS_PROGO_OPAK_SERANG,RURHLDAS,shx,RURHLDAS_WS_PROGO_OPAK_SERANG.shx,1OhVjeu-sMLlfu9--FZ6UkftXgNSn0jl6
WS_PROGO_OPAK_SERANG,RURHLDAS,cpg,RURHLDAS_WS_PROGO_OPAK_SERANG.cpg,1yvi6zx5w9zrfKjQFZ5-ckPi-2xe-Rpv2
WS_PROGO_OPAK_SERANG,RURHLDAS,prj,RURHLDAS_WS_PROGO_OPAK_SERANG.prj,1X3YPR2p2eW0y65NRGkUHMLS1vho0KyBl
WS_PROGO_OPAK_SERANG,TutupanLahan,cpg,TutupanLahan_WS_PROGO_OPAK_SERANG.cpg,16rYed6xILnoXIXa8rUhdhz1B_yWYbeYQ
WS_PROGO_OPAK_SERANG,TutupanLahan,shx,TutupanLahan_WS_PROGO_OPAK_SERANG.shx,1FdQNm9hp2Jvag07kx4gvPc3fXF3xjzqA
WS_PROGO_OPAK_SERANG,TutupanLahan,shp,TutupanLahan_WS_PROGO_OPAK_SERANG.shp,1QLwzVOevBnyR3H4Aqcx0ztVvsEkdn1ig
WS_PROGO_OPAK_SERANG,TutupanLahan,dbf,TutupanLahan_WS_PROGO_OPAK_SERANG.dbf,1aYeIVqKazo10uzJOFcjyHFUZ28ij_lV5
WS_PROGO_OPAK_SERANG,TutupanLahan,prj,TutupanLahan_WS_PROGO_OPAK_SERANG.prj,1Kzls9Q3B6CAYgUoIkZMa56i_5BsmOmOj
WS_PROGO_OPAK_SERANG,KawasanHutan,shp,KawasanHutan_WS_PROGO_OPAK_SERANG.shp,1zvL54i9-uO1bh66o_h1IWnSxIdoMXwO7
WS_PROGO_OPAK_SERANG,KawasanHutan,dbf,KawasanHutan_WS_PROGO_OPAK_SERANG.dbf,18jvqD7fc7Ar80OX4sFlAcSGieKlHI7nf
WS_PROGO_OPAK_SERANG,KawasanHutan,prj,KawasanHutan_WS_PROGO_OPAK_SERANG.prj,1mWPN0ntUvK3lyyv3qFXTfEHfpum8mDW3
WS_PROGO_OPAK_SERANG,KawasanHutan,shx,KawasanHutan_WS_PROGO_OPAK_SERANG.shx,1lhYKM5IIm8p1p_X-wr9nU_Yvt6Heah4O
WS_PROGO_OPAK_SERANG,KawasanHutan,cpg,KawasanHutan_WS_PROGO_OPAK_SERANG.cpg,1cjjwhK7ZlbaFGF6G36ZST7UyVEBYIeCl
WS_PROGO_OPAK_SERANG,JenisTanah,dbf,JenisTanah_WS_PROGO_OPAK_SERANG.dbf,1iCCsz_913ofoD0OpyGxSQhJb_nJ6WBsS
WS_PROGO_OPAK_SERANG,JenisTanah,cpg,JenisTanah_WS_PROGO_OPAK_SERANG.cpg,1muPUhyvOucrqGzsMwvbXPdBC36xejkdL
WS_PROGO_OPAK_SERANG,JenisTanah,shp,JenisTanah_WS_PROGO_OPAK_SERANG.shp,1kflQZCrnCbRROzAtyAnQU5_CbD7PxGIa
WS_PROGO_OPAK_SERANG,JenisTanah,shx,JenisTanah_WS_PROGO_OPAK_SERANG.shx,1nBo1FId-_oXgH4QWAESBraS6woF9Caal
WS_PROGO_OPAK_SERANG,JenisTanah,prj,JenisTanah_WS_PROGO_OPAK_SERANG.prj,1ULokgFhpzkEZer9_YI-JFh71wYu0GBzx
WS_PROGO_OPAK_SERANG,Erosi,dbf,Erosi_WS_PROGO_OPAK_SERANG.dbf,18CLNka8a8EcrHCPow-vDejkxRw9oz7jc
WS_PROGO_OPAK_SERANG,Erosi,shx,Erosi_WS_PROGO_OPAK_SERANG.shx,1SDN2aQASVWZAnx4DmsgMC-MpP4yji6vP
WS_PROGO_OPAK_SERANG,Erosi,shp,Erosi_WS_PROGO_OPAK_SERANG.shp,1GyTAoX5fOrptLLdbwLcvy6HPitIhvxe2
WS_PROGO_OPAK_SERANG,Erosi,cpg,Erosi_WS_PROGO_OPAK_SERANG.cpg,1cRKVELQTKN1U9CaomuybjQzDmqBiCEr7
WS_PROGO_OPAK_SERANG,Erosi,prj,Erosi_WS_PROGO_OPAK_SERANG.prj,1JuXgFw21d00TF_0PClUKfEKFJzaFor0e
WS_PENGABUAN_LAGAN,RURHLDAS,shp,RURHLDAS_WS_PENGABUAN_LAGAN.shp,1tZwPfAGiH7zy-tWOFF4tI9d5KJpIs20B
WS_PENGABUAN_LAGAN,RURHLDAS,prj,RURHLDAS_WS_PENGABUAN_LAGAN.prj,1QDdb_GP-SKFELdhf_2_BUQbP0ixTnxLX
WS_PENGABUAN_LAGAN,RURHLDAS,dbf,RURHLDAS_WS_PENGABUAN_LAGAN.dbf,13PoI8rNkbDCNLATUPRYfHnmyYt77W8OI
WS_PENGABUAN_LAGAN,RURHLDAS,shx,RURHLDAS_WS_PENGABUAN_LAGAN.shx,1BBPEeycWofPn2UIGJmzLbmW_StIR_C2S
WS_PENGABUAN_LAGAN,RURHLDAS,cpg,RURHLDAS_WS_PENGABUAN_LAGAN.cpg,14D9o6NIbiuQJacUsm7koCatmTv_tsDG9
WS_PENGABUAN_LAGAN,TutupanLahan,shx,TutupanLahan_WS_PENGABUAN_LAGAN.shx,1eFUtSgzYOajiameFW7g9fam-UjIdcPso
WS_PENGABUAN_LAGAN,TutupanLahan,cpg,TutupanLahan_WS_PENGABUAN_LAGAN.cpg,19P6RmL1jqyU3vv3R7vSvFmy46D3hiwc2
WS_PENGABUAN_LAGAN,TutupanLahan,shp,TutupanLahan_WS_PENGABUAN_LAGAN.shp,1kCzEZ5HupJVv9vIlbcCSCTCLrblt70i1
WS_PENGABUAN_LAGAN,TutupanLahan,prj,TutupanLahan_WS_PENGABUAN_LAGAN.prj,1i5HB86afpiBjZibni1Zj_wQtsB7I1AHW
WS_PENGABUAN_LAGAN,TutupanLahan,dbf,TutupanLahan_WS_PENGABUAN_LAGAN.dbf,1_I4pYpRnmahGTKQ-FMfkRqQHQY3KE2Wn
WS_PENGABUAN_LAGAN,KawasanHutan,dbf,KawasanHutan_WS_PENGABUAN_LAGAN.dbf,1w-dB3PJt9qio7hjOt_8EQENFJNB4izJ5
WS_PENGABUAN_LAGAN,KawasanHutan,shx,KawasanHutan_WS_PENGABUAN_LAGAN.shx,1-BMEKw2PhG2BhGn6Z6BBedC8dmj8zMd_
WS_PENGABUAN_LAGAN,KawasanHutan,cpg,KawasanHutan_WS_PENGABUAN_LAGAN.cpg,19ygZorfzeETSt8GcyMJN2CU3pTAIh6QO
WS_PENGABUAN_LAGAN,KawasanHutan,shp,KawasanHutan_WS_PENGABUAN_LAGAN.shp,1xTFqMErlFu26FgXzel8P9r3iPszCdViB
WS_PENGABUAN_LAGAN,KawasanHutan,prj,KawasanHutan_WS_PENGABUAN_LAGAN.prj,1SIxnSsz9cxqIOh091pIjs2AHM93C0eQL
WS_PENGABUAN_LAGAN,JenisTanah,shx,JenisTanah_WS_PENGABUAN_LAGAN.shx,1QhL4wkOIqN9IlbSo67VISSh9mGH4_2ip
WS_PENGABUAN_LAGAN,JenisTanah,prj,JenisTanah_WS_PENGABUAN_LAGAN.prj,1AIPFM9ZITcC_iqBmyCA2PJ9S4vjd26Zi
WS_PENGABUAN_LAGAN,JenisTanah,dbf,JenisTanah_WS_PENGABUAN_LAGAN.dbf,19R6io0dwsk7GfHbfWkeXtnFIxgEEhxwD
WS_PENGABUAN_LAGAN,JenisTanah,cpg,JenisTanah_WS_PENGABUAN_LAGAN.cpg,1rG7aXP5dNtvndayCsbULNzQpNV8V-v8u
WS_PENGABUAN_LAGAN,JenisTanah,shp,JenisTanah_WS_PENGABUAN_LAGAN.shp,1wMvtimyCXnDeWRUD_okpzrho5EybyXTr
WS_PENGABUAN_LAGAN,Erosi,dbf,Erosi_WS_PENGABUAN_LAGAN.dbf,1D3_xEcuyzd9cR9EO6pEMbxJVp4TrD0c8
WS_PENGABUAN_LAGAN,Erosi,shp,Erosi_WS_PENGABUAN_LAGAN.shp,1dnJI-R5TCGczTIwU0lkU_Y0LsZki3ACA
WS_PENGABUAN_LAGAN,Erosi,cpg,Erosi_WS_PENGABUAN_LAGAN.cpg,10xnQQ5v-QQKhSuzIzN1YnrWwnGq0lKzx
WS_PENGABUAN_LAGAN,Erosi,prj,Erosi_WS_PENGABUAN_LAGAN.prj,1VG2fltwgPRRHpVtlGt-_-xeQKstY1Uz1
WS_PENGABUAN_LAGAN,Erosi,shx,Erosi_WS_PENGABUAN_LAGAN.shx,1RjDoUsdKr_-cGyDzrRyvHekQobseBugT
WS_POLEANG_RORAYA,RURHLDAS,dbf,RURHLDAS_WS_POLEANG_RORAYA.dbf,18c0BTpjtE2Do1mUX78pZqcliPsne5w0O
WS_POLEANG_RORAYA,RURHLDAS,shx,RURHLDAS_WS_POLEANG_RORAYA.shx,1KVQLMTaQeGeQPb0QMVUAbrfOy2XuOOfG
WS_POLEANG_RORAYA,RURHLDAS,shp,RURHLDAS_WS_POLEANG_RORAYA.shp,1lZSlLxDnCUmHB5b8kCYvWj-zrNBL4qg9
WS_POLEANG_RORAYA,RURHLDAS,prj,RURHLDAS_WS_POLEANG_RORAYA.prj,1yUCJUTF94d0feyFF-dnTCgYDO_MYE0nA
WS_POLEANG_RORAYA,RURHLDAS,cpg,RURHLDAS_WS_POLEANG_RORAYA.cpg,18o67j8UOh3HPJBr6DdVRkq6GbyVE4JAC
WS_POLEANG_RORAYA,TutupanLahan,dbf,TutupanLahan_WS_POLEANG_RORAYA.dbf,1--HPqZQzALRv16H9-vJWCXY7kO_StwaN
WS_POLEANG_RORAYA,TutupanLahan,shx,TutupanLahan_WS_POLEANG_RORAYA.shx,1j5w0T1hSelURxpLkDBfeIN1B3R5i9yJO
WS_POLEANG_RORAYA,TutupanLahan,shp,TutupanLahan_WS_POLEANG_RORAYA.shp,1kmGa8y3pw3acdsayyrJcKRExgLIxVsa1
WS_POLEANG_RORAYA,TutupanLahan,cpg,TutupanLahan_WS_POLEANG_RORAYA.cpg,13ME_hiiWZ0wvVmtM-_SUlFgjEGEH91NO
WS_POLEANG_RORAYA,TutupanLahan,prj,TutupanLahan_WS_POLEANG_RORAYA.prj,1conwuzDPsO35lEbQykcmoPlNYgdOEMx4
WS_POLEANG_RORAYA,KawasanHutan,dbf,KawasanHutan_WS_POLEANG_RORAYA.dbf,1M6jhQClRLr6NRi7WJWhFcdGnU2NOJgFe
WS_POLEANG_RORAYA,KawasanHutan,prj,KawasanHutan_WS_POLEANG_RORAYA.prj,18DhL_RNjm02TumCWCLVaUAU0u6_4lu4r
WS_POLEANG_RORAYA,KawasanHutan,shp,KawasanHutan_WS_POLEANG_RORAYA.shp,1QWHq5gHBUNqbB3HtbIk32H_4vhzJF4Q3
WS_POLEANG_RORAYA,KawasanHutan,shx,KawasanHutan_WS_POLEANG_RORAYA.shx,1OrHbtYtGpFX41MItUA-KLDyBMzJuPqSA
WS_POLEANG_RORAYA,KawasanHutan,cpg,KawasanHutan_WS_POLEANG_RORAYA.cpg,1GrmyoUd_Kjo_AyPpTSDojtNXj6PXnBSS
WS_POLEANG_RORAYA,JenisTanah,shp,JenisTanah_WS_POLEANG_RORAYA.shp,1vuwdcomUKtUHARCnznQNXq3vFqVInQmi
WS_POLEANG_RORAYA,JenisTanah,dbf,JenisTanah_WS_POLEANG_RORAYA.dbf,1iU2TymDTaM-zCNMVrPD3KBInDJzEnTLM
WS_POLEANG_RORAYA,JenisTanah,cpg,JenisTanah_WS_POLEANG_RORAYA.cpg,1SfAw1Vvka_uJlaAC4_9laZkx3QzsHGhK
WS_POLEANG_RORAYA,JenisTanah,shx,JenisTanah_WS_POLEANG_RORAYA.shx,1Y1SRH5HeYk8rm9RgrJH_wjncxkoFE8do
WS_POLEANG_RORAYA,JenisTanah,prj,JenisTanah_WS_POLEANG_RORAYA.prj,10m53yAxG7m9gL_tBSXTBNKiS9ZRPs4eW
WS_POLEANG_RORAYA,Erosi,dbf,Erosi_WS_POLEANG_RORAYA.dbf,1S5sGy6eUcXIqcQYq2jVujYulL9u2PDxO
WS_POLEANG_RORAYA,Erosi,shp,Erosi_WS_POLEANG_RORAYA.shp,1EC_TE86DWQbV2rNh6E0CcFl1VXBr8wtC
WS_POLEANG_RORAYA,Erosi,cpg,Erosi_WS_POLEANG_RORAYA.cpg,13iPMg7YMhGgPsXgCbpjZcReIgRnMSQsD
WS_POLEANG_RORAYA,Erosi,shx,Erosi_WS_POLEANG_RORAYA.shx,1xkum0Jku9_Y0XXcWIITVO6ekVjjQHocK
WS_POLEANG_RORAYA,Erosi,prj,Erosi_WS_POLEANG_RORAYA.prj,1MUn5tm6LsVIbcFNkUxOyDuU8SlylINo5
WS_PEMALI_COMAL,RURHLDAS,dbf,RURHLDAS_WS_PEMALI_COMAL.dbf,19HQghMkQbLe2EsEUJ9b_3tbDf1bRobTi
WS_PEMALI_COMAL,RURHLDAS,shp,RURHLDAS_WS_PEMALI_COMAL.shp,1ikCSgLvPuPmfLkWIdRgd6OpFvUYHoxlo
WS_PEMALI_COMAL,RURHLDAS,shx,RURHLDAS_WS_PEMALI_COMAL.shx,1nSxvYhfpwlipqApXrUWlQu1IfMb_CBuA
WS_PEMALI_COMAL,RURHLDAS,prj,RURHLDAS_WS_PEMALI_COMAL.prj,1h7KaiEkpC7Qe70SoN9iqF7sMd5bSbGSC
WS_PEMALI_COMAL,RURHLDAS,cpg,RURHLDAS_WS_PEMALI_COMAL.cpg,1ITP7Wbv8AGcXReB2wMNacSPcu8MbiZ6s
WS_PEMALI_COMAL,TutupanLahan,prj,TutupanLahan_WS_PEMALI_COMAL.prj,1LXjHKoQzQE8ICG74lXr4h2tVqd7vocm-
WS_PEMALI_COMAL,TutupanLahan,dbf,TutupanLahan_WS_PEMALI_COMAL.dbf,1E10LzkL95y0avYWYcVbLnNYvnxGSIbAe
WS_PEMALI_COMAL,TutupanLahan,shx,TutupanLahan_WS_PEMALI_COMAL.shx,1uj2_4YW6TZQZ7L5mcSEkkimhK7_qp_sE
WS_PEMALI_COMAL,TutupanLahan,cpg,TutupanLahan_WS_PEMALI_COMAL.cpg,1badJynaPjXUXkzLZwFDylPAXINOvKWBB
WS_PEMALI_COMAL,TutupanLahan,shp,TutupanLahan_WS_PEMALI_COMAL.shp,18LZNyVKUXG2H_uPEb8DeNvX16a84SJr4
WS_PEMALI_COMAL,KawasanHutan,shp,KawasanHutan_WS_PEMALI_COMAL.shp,1nDL4Zk0NeJup8h_KjOB2aYn7S3k0ersH
WS_PEMALI_COMAL,KawasanHutan,dbf,KawasanHutan_WS_PEMALI_COMAL.dbf,1Frj3t8B95ktVuBb-dhsVK5IXnd70LjAG
WS_PEMALI_COMAL,KawasanHutan,cpg,KawasanHutan_WS_PEMALI_COMAL.cpg,1HNNqTXshahAIBrTv6T0P_2uhTLUKroJt
WS_PEMALI_COMAL,KawasanHutan,shx,KawasanHutan_WS_PEMALI_COMAL.shx,1lae6QpXpp1132b8JmwwydIdIriXoIfHA
WS_PEMALI_COMAL,KawasanHutan,prj,KawasanHutan_WS_PEMALI_COMAL.prj,1RMRIZInK14dWWiNi_jme2vXcT1jognCc
WS_PEMALI_COMAL,JenisTanah,shp,JenisTanah_WS_PEMALI_COMAL.shp,19-4YKtyaQQNpIaxiYNOastOv-DPDlJyF
WS_PEMALI_COMAL,JenisTanah,cpg,JenisTanah_WS_PEMALI_COMAL.cpg,16LeJo3KfLg7yOEo9ocn7-J9SZsmuypKc
WS_PEMALI_COMAL,JenisTanah,dbf,JenisTanah_WS_PEMALI_COMAL.dbf,1XTHJhhANhYmfQL824bLHJ70OLxC1Uaca
WS_PEMALI_COMAL,JenisTanah,prj,JenisTanah_WS_PEMALI_COMAL.prj,1cMsT015ZdJ0XIpB1F80Ti2ZWpNZ5sDIj
WS_PEMALI_COMAL,JenisTanah,shx,JenisTanah_WS_PEMALI_COMAL.shx,1SlUt4N3t8zDjse2eNP3RTYlRZkqUPE_6
WS_PEMALI_COMAL,Erosi,shx,Erosi_WS_PEMALI_COMAL.shx,1LA5UX_lK4a9eP_J9FYDORBx9qX2Rj4pG
WS_PEMALI_COMAL,Erosi,shp,Erosi_WS_PEMALI_COMAL.shp,18LXXYBTq1QhlntDc5DnoIhjCF7zd7dls
WS_PEMALI_COMAL,Erosi,dbf,Erosi_WS_PEMALI_COMAL.dbf,18mMCuFrMONUlbqba1wGYYMETlzeRGVj0
WS_PEMALI_COMAL,Erosi,prj,Erosi_WS_PEMALI_COMAL.prj,1PDA7LZ1suOTwtz2rG290taE_VtLIWL_N
WS_PEMALI_COMAL,Erosi,cpg,Erosi_WS_PEMALI_COMAL.cpg,1RImE4m5vvArTjWSuQhHKg0VTCFxxBpUR
WS_PAWAN,RURHLDAS,cpg,RURHLDAS_WS_PAWAN.cpg,1MJ2pXJtU5aBTaAqCqzLmqwFKB3QibMjr
WS_PAWAN,RURHLDAS,shp,RURHLDAS_WS_PAWAN.shp,1t3iWl6secgmaHWrAFeo2nAY-K5bCn-D4
WS_PAWAN,RURHLDAS,prj,RURHLDAS_WS_PAWAN.prj,1FKA3lOKwHB3fQf2EnswhhJKJ967iVK8v
WS_PAWAN,RURHLDAS,dbf,RURHLDAS_WS_PAWAN.dbf,1NPhkP9oAS3Z5d4KFpHPN3fc2TDjLJICj
WS_PAWAN,RURHLDAS,shx,RURHLDAS_WS_PAWAN.shx,1E1Gz9CnZTewujpaKWMieYLhHNO8w8sWk
WS_PAWAN,TutupanLahan,prj,TutupanLahan_WS_PAWAN.prj,1K7oemMIOhQZMbSLlR4vUgHO5xYHOMr4o
WS_PAWAN,TutupanLahan,shp,TutupanLahan_WS_PAWAN.shp,1AjkP4xF88um2K42QurHD_JJYy8pxVOLD
WS_PAWAN,TutupanLahan,cpg,TutupanLahan_WS_PAWAN.cpg,1LcLIGWm0RAE7vUzq-ghccFGFG8OENVp7
WS_PAWAN,TutupanLahan,shx,TutupanLahan_WS_PAWAN.shx,1BaASnG5kbEO31tl-wLWZzSTfAs3ZTBbD
WS_PAWAN,TutupanLahan,dbf,TutupanLahan_WS_PAWAN.dbf,19cWgxUcLw1sdrCol_kLAdaZixaGtT5Ph
WS_PAWAN,KawasanHutan,shp,KawasanHutan_WS_PAWAN.shp,1ZbnfPZCHBI_f0CYS6-ozGOfi7-oPdmzi
WS_PAWAN,KawasanHutan,prj,KawasanHutan_WS_PAWAN.prj,1WDld8QqEyeiG1nkqgopp_M36mUq_lNXj
WS_PAWAN,KawasanHutan,shx,KawasanHutan_WS_PAWAN.shx,1KtlQ5V8Wb-c4-Kq6fR_rgyoIQ3y0WMLH
WS_PAWAN,KawasanHutan,dbf,KawasanHutan_WS_PAWAN.dbf,1_iry43WBmQhMJM006axH8T9IqoiUMZjt
WS_PAWAN,KawasanHutan,cpg,KawasanHutan_WS_PAWAN.cpg,1UvLkEi-4QkuRusxnFN3_YyfPUdmnwgAC
WS_PAWAN,JenisTanah,dbf,JenisTanah_WS_PAWAN.dbf,1_qLkaipDq_RAocczMoMv_6y4iM2H7_Cn
WS_PAWAN,JenisTanah,cpg,JenisTanah_WS_PAWAN.cpg,18xlo6segm0VGeRW7G-7xD4VScOciIx4x
WS_PAWAN,JenisTanah,shp,JenisTanah_WS_PAWAN.shp,19ENmMjVfzg8agCK0yvBQy0DM7VFjskmD
WS_PAWAN,JenisTanah,shx,JenisTanah_WS_PAWAN.shx,1JJcWM6nw2t7MB6ThNOTg6TNFGo_hfLAV
WS_PAWAN,JenisTanah,prj,JenisTanah_WS_PAWAN.prj,1osrMbaiAqJPvqWW9xLGkKj2baR2gWTaa
WS_PAWAN,Erosi,cpg,Erosi_WS_PAWAN.cpg,1P-mxjti95gX-1ex1rs_ftkDb7OOcN8u7
WS_PAWAN,Erosi,prj,Erosi_WS_PAWAN.prj,1Rus5iXa1Dgvv_GWbRNRF57ItLWKk07UW
WS_PAWAN,Erosi,shx,Erosi_WS_PAWAN.shx,1jmvKz6ssquILLmDMyxVZ8aKXyXZG1FBC
WS_PAWAN,Erosi,shp,Erosi_WS_PAWAN.shp,1wwbMo-jurHxE0xim7c7dC7rYP3dcHKA6
WS_PAWAN,Erosi,dbf,Erosi_WS_PAWAN.dbf,1u-PBeqPwTfDNNCL6XvlALRErWevvQipe
WS_PASEE_PEUSANGAN,RURHLDAS,prj,RURHLDAS_WS_PASEE_PEUSANGAN.prj,1gQyfLZr8LYxN2zTZhAqWF2oVjuPvy4Lr
WS_PASEE_PEUSANGAN,RURHLDAS,dbf,RURHLDAS_WS_PASEE_PEUSANGAN.dbf,1AkhIL6yAahgn2vvUgBkQxurJ5Ca0OmRV
WS_PASEE_PEUSANGAN,RURHLDAS,cpg,RURHLDAS_WS_PASEE_PEUSANGAN.cpg,1n9Lu6f9Jy_dtE1UMKj7DcJnrJwZAqWt3
WS_PASEE_PEUSANGAN,RURHLDAS,shp,RURHLDAS_WS_PASEE_PEUSANGAN.shp,1x2aI61i5IjHqnlePCcv4gI3Weq2D2s4r
WS_PASEE_PEUSANGAN,RURHLDAS,shx,RURHLDAS_WS_PASEE_PEUSANGAN.shx,1i4IRbWHQwWZXxpq2PY5x_gyyLd5A47Eu
WS_PASEE_PEUSANGAN,TutupanLahan,shx,TutupanLahan_WS_PASEE_PEUSANGAN.shx,1EnGOnMvdA1V4PHVMdLkDIkBwFTbyw3Vh
WS_PASEE_PEUSANGAN,TutupanLahan,shp,TutupanLahan_WS_PASEE_PEUSANGAN.shp,1xhbPbL-Ufpsj-I1vaBtfSnT-FzE2MK8A
WS_PASEE_PEUSANGAN,TutupanLahan,dbf,TutupanLahan_WS_PASEE_PEUSANGAN.dbf,10M4dv2gRv2rwJjaf-8RZrrsiSW2-kRO8
WS_PASEE_PEUSANGAN,TutupanLahan,cpg,TutupanLahan_WS_PASEE_PEUSANGAN.cpg,17AHpzAF0b6E3aAX0tdva-N2cDHQdgM-X
WS_PASEE_PEUSANGAN,TutupanLahan,prj,TutupanLahan_WS_PASEE_PEUSANGAN.prj,1X1Dmkx4E89XKdVFLIZhtxdqJ14iLGvsK
WS_PASEE_PEUSANGAN,KawasanHutan,shx,KawasanHutan_WS_PASEE_PEUSANGAN.shx,1-9rEgJYl8f25st2VvKn7eNCdJ7dzxL0-
WS_PASEE_PEUSANGAN,KawasanHutan,prj,KawasanHutan_WS_PASEE_PEUSANGAN.prj,1Dyq8P_O2EYf1nq2XVolYKEKFJLojKNGx
WS_PASEE_PEUSANGAN,KawasanHutan,shp,KawasanHutan_WS_PASEE_PEUSANGAN.shp,1VvZxzY0djpCo2Oyd4VsXsGOGJrPzyvkg
WS_PASEE_PEUSANGAN,KawasanHutan,cpg,KawasanHutan_WS_PASEE_PEUSANGAN.cpg,1B42y-ojr3v04CC25Dgar2_HrIlPVArdF
WS_PASEE_PEUSANGAN,KawasanHutan,dbf,KawasanHutan_WS_PASEE_PEUSANGAN.dbf,1qGujPWziu1AzTqlOmjO8NMAbw1DhsB_V
WS_PASEE_PEUSANGAN,JenisTanah,shp,JenisTanah_WS_PASEE_PEUSANGAN.shp,1zxIwF3WVMnQPwMM0MiZ6rKVks4Wncpoo
WS_PASEE_PEUSANGAN,JenisTanah,prj,JenisTanah_WS_PASEE_PEUSANGAN.prj,1r4-Uaee8eFUFWy_jCMNRnm6AYdKrlzZj
WS_PASEE_PEUSANGAN,JenisTanah,dbf,JenisTanah_WS_PASEE_PEUSANGAN.dbf,1i_5X___vDg27boZy5oL4szroZPuxUZBt
WS_PASEE_PEUSANGAN,JenisTanah,shx,JenisTanah_WS_PASEE_PEUSANGAN.shx,1jq6zvHGOSWhymk5PzkqyQu2r5znzeEDY
WS_PASEE_PEUSANGAN,JenisTanah,cpg,JenisTanah_WS_PASEE_PEUSANGAN.cpg,1Ih36mPRWveKI6Ngm6gULNJJp6bmK_rCk
WS_PASEE_PEUSANGAN,Erosi,shp,Erosi_WS_PASEE_PEUSANGAN.shp,1sxKSztfpz2kbZV3yj_zGkYVl-0l1LNlL
WS_PASEE_PEUSANGAN,Erosi,prj,Erosi_WS_PASEE_PEUSANGAN.prj,1K8MaQCP2_OE1YvdHBP235zwzMU_M5tX4
WS_PASEE_PEUSANGAN,Erosi,shx,Erosi_WS_PASEE_PEUSANGAN.shx,1gMpIiWEMTGPwtpT2BhxZwSgUfqZmC4Gn
WS_PASEE_PEUSANGAN,Erosi,cpg,Erosi_WS_PASEE_PEUSANGAN.cpg,1z42wY1KlTqtBXVd9XnOVEwOoMnkSvkXU
WS_PASEE_PEUSANGAN,Erosi,dbf,Erosi_WS_PASEE_PEUSANGAN.dbf,1DvzRt2xIFfM3Q5kkptaoAoVmNfoAytEF
WS_MUSI_BANYUASIN_LEMAU,RURHLDAS,shp,RURHLDAS_WS_MUSI_BANYUASIN_LEMAU.shp,1poVRnljkQ4wmhRS1Y1tL7bCUvl86Mn76
WS_MUSI_BANYUASIN_LEMAU,RURHLDAS,cpg,RURHLDAS_WS_MUSI_BANYUASIN_LEMAU.cpg,1U0MsGbutwQlOBHQqOEsyaVxo1FKGeAol
WS_MUSI_BANYUASIN_LEMAU,RURHLDAS,dbf,RURHLDAS_WS_MUSI_BANYUASIN_LEMAU.dbf,1d2La_R8jHXAT7clNXGEOADnJ3dLHH_ym
WS_MUSI_BANYUASIN_LEMAU,RURHLDAS,shx,RURHLDAS_WS_MUSI_BANYUASIN_LEMAU.shx,1PqtgSSwj-JNF1Enlxc4zMPeeZoP6fH4R
WS_MUSI_BANYUASIN_LEMAU,RURHLDAS,prj,RURHLDAS_WS_MUSI_BANYUASIN_LEMAU.prj,1nDz6YPQKgyNP9WEdZcgeH-evhPnN8y4m
WS_MUSI_BANYUASIN_LEMAU,TutupanLahan,shp,TutupanLahan_WS_MUSI_BANYUASIN_LEMAU.shp,1EfkTenrbeXAnhW4vmGwdwhTt96j7_AGY
WS_MUSI_BANYUASIN_LEMAU,TutupanLahan,cpg,TutupanLahan_WS_MUSI_BANYUASIN_LEMAU.cpg,1IPFM8_L9V7dHZFOoAHknanC1LOZm5sW-
WS_MUSI_BANYUASIN_LEMAU,TutupanLahan,dbf,TutupanLahan_WS_MUSI_BANYUASIN_LEMAU.dbf,1o9A7zWJFXKrZsDpA0bzZeBzcRWNHTULk
WS_MUSI_BANYUASIN_LEMAU,TutupanLahan,prj,TutupanLahan_WS_MUSI_BANYUASIN_LEMAU.prj,1VaMACGNaSmBaZ-1bnPwW4FIW_-32NQME
WS_MUSI_BANYUASIN_LEMAU,TutupanLahan,shx,TutupanLahan_WS_MUSI_BANYUASIN_LEMAU.shx,1Ik919icy1_LBrQM23VvGGdGDTAz5HOv3
WS_MUSI_BANYUASIN_LEMAU,KawasanHutan,dbf,KawasanHutan_WS_MUSI_BANYUASIN_LEMAU.dbf,1ddCIH0F2Nb9ieRUPie2qujfUUjKrnNuO
WS_MUSI_BANYUASIN_LEMAU,KawasanHutan,shx,KawasanHutan_WS_MUSI_BANYUASIN_LEMAU.shx,122YN5Nvdm-UcFcfQH3_LROqhbV267vf8
WS_MUSI_BANYUASIN_LEMAU,KawasanHutan,prj,KawasanHutan_WS_MUSI_BANYUASIN_LEMAU.prj,1ggHJBVKrYPlHTnIsfjnQDLl7d63LBITW
WS_MUSI_BANYUASIN_LEMAU,KawasanHutan,cpg,KawasanHutan_WS_MUSI_BANYUASIN_LEMAU.cpg,1SmslSExlEmgVVA-FljrrT4HsTAcjDAAP
WS_MUSI_BANYUASIN_LEMAU,KawasanHutan,shp,KawasanHutan_WS_MUSI_BANYUASIN_LEMAU.shp,1N8zbItVyPWcPDb6Gi0esKxl4fwXE6OUl
WS_MUSI_BANYUASIN_LEMAU,JenisTanah,shp,JenisTanah_WS_MUSI_BANYUASIN_LEMAU.shp,1zoqMmIFX6xorGCkXwTZFtJ1MRY95uYg0
WS_MUSI_BANYUASIN_LEMAU,JenisTanah,prj,JenisTanah_WS_MUSI_BANYUASIN_LEMAU.prj,1Yn2CuAbnpeFiK3bbx31Ph2HAt_g-IkGI
WS_MUSI_BANYUASIN_LEMAU,JenisTanah,cpg,JenisTanah_WS_MUSI_BANYUASIN_LEMAU.cpg,1GLWVEJCPR4hDI3WlvB18je3l7BFOYtFf
WS_MUSI_BANYUASIN_LEMAU,JenisTanah,shx,JenisTanah_WS_MUSI_BANYUASIN_LEMAU.shx,1UHewZCA9m350I5nyNRKyhN5RnmI1GWkN
WS_MUSI_BANYUASIN_LEMAU,JenisTanah,dbf,JenisTanah_WS_MUSI_BANYUASIN_LEMAU.dbf,1Z33cbX95TA1NHKG87G9b9XbpPu0iWISS
WS_MUSI_BANYUASIN_LEMAU,Erosi,shx,Erosi_WS_MUSI_BANYUASIN_LEMAU.shx,1SwMzxkTYf8iTiUelfeRev5TD_g-DEXIe
WS_MUSI_BANYUASIN_LEMAU,Erosi,shp,Erosi_WS_MUSI_BANYUASIN_LEMAU.shp,12IUxNxlSC8fNl_VASYafTwIM4aI3Gu7W
WS_MUSI_BANYUASIN_LEMAU,Erosi,prj,Erosi_WS_MUSI_BANYUASIN_LEMAU.prj,1NI-fv6HPMnE9OmKQNcfkdLDyuBriqzsh
WS_MUSI_BANYUASIN_LEMAU,Erosi,dbf,Erosi_WS_MUSI_BANYUASIN_LEMAU.dbf,1i_9L_qTUdLmV7iHr8VZWrnEJMmgDbxJi
WS_MUSI_BANYUASIN_LEMAU,Erosi,cpg,Erosi_WS_MUSI_BANYUASIN_LEMAU.cpg,16L8iuKGtk06XYt-EFIkt9Z-KxoBViqtg
WS_PALU_LARIANG,RURHLDAS,prj,RURHLDAS_WS_PALU_LARIANG.prj,1iTemYnz4VOEC-lxiyVZvRX_jWUyRf9HV
WS_PALU_LARIANG,RURHLDAS,dbf,RURHLDAS_WS_PALU_LARIANG.dbf,19lhDZkqaJSgsrJsm0b3nSNYl7fyMwyrl
WS_PALU_LARIANG,RURHLDAS,cpg,RURHLDAS_WS_PALU_LARIANG.cpg,1UnrNphD9CnYPRUE0qu9dnZIAr7tqTcPj
WS_PALU_LARIANG,RURHLDAS,shx,RURHLDAS_WS_PALU_LARIANG.shx,19f_1gBgtr7FoUEMf0dgmsBcdXETu8-iC
WS_PALU_LARIANG,RURHLDAS,shp,RURHLDAS_WS_PALU_LARIANG.shp,1_Vk2UpyYUwtlvyfUqrdKrA-UkhOsPrmd
WS_PALU_LARIANG,TutupanLahan,shx,TutupanLahan_WS_PALU_LARIANG.shx,15RBL2za9HHMd-RKecQecegPIMpHVm4r4
WS_PALU_LARIANG,TutupanLahan,shp,TutupanLahan_WS_PALU_LARIANG.shp,1uIj6VDL9ZEucnNTk3zxSPD8MRx1OvKbi
WS_PALU_LARIANG,TutupanLahan,dbf,TutupanLahan_WS_PALU_LARIANG.dbf,1m5bUaXOnyEaKjj2nUMCvWXarLXlpoRiO
WS_PALU_LARIANG,TutupanLahan,cpg,TutupanLahan_WS_PALU_LARIANG.cpg,1SO0hA-c4Wk9jSHs6EkQv4yM72GqmFZax
WS_PALU_LARIANG,TutupanLahan,prj,TutupanLahan_WS_PALU_LARIANG.prj,1vqTVofXyhq0_6NwV5Yw1tHPxaryUN0xT
WS_PALU_LARIANG,KawasanHutan,shp,KawasanHutan_WS_PALU_LARIANG.shp,13zljML6Q-RFUi09f6OhQzd9m60aeZ8xY
WS_PALU_LARIANG,KawasanHutan,shx,KawasanHutan_WS_PALU_LARIANG.shx,1DVmSw-pSUdK7tD_dX8521u1Jw1rIKxvC
WS_PALU_LARIANG,KawasanHutan,cpg,KawasanHutan_WS_PALU_LARIANG.cpg,1YCYtUVAJn5FIfF1KEShhYEfE6GUlcU1G
WS_PALU_LARIANG,KawasanHutan,prj,KawasanHutan_WS_PALU_LARIANG.prj,1ApaUxJgvTuEMQanNjrw9lN7Zc4xGqZdT
WS_PALU_LARIANG,KawasanHutan,dbf,KawasanHutan_WS_PALU_LARIANG.dbf,15xYIQPb1MyBt8Wou8WDEyBIrKcztIUoV
WS_PALU_LARIANG,JenisTanah,cpg,JenisTanah_WS_PALU_LARIANG.cpg,12x6Fsdc0p0u214yXBJh0SG_6vFI_wFFj
WS_PALU_LARIANG,JenisTanah,shp,JenisTanah_WS_PALU_LARIANG.shp,1CZ7K5xHSEpPbLWDxnsAo1PODWdWlMmP2
WS_PALU_LARIANG,JenisTanah,prj,JenisTanah_WS_PALU_LARIANG.prj,1rZC2cU4AzPrGfmRUnQy1Ily1LFpqpCKR
WS_PALU_LARIANG,JenisTanah,shx,JenisTanah_WS_PALU_LARIANG.shx,1L3bR1KspNHGcZYJvUcD5hXoRYn9ZoRy0
WS_PALU_LARIANG,JenisTanah,dbf,JenisTanah_WS_PALU_LARIANG.dbf,1NYh6DgnCyYvLV6vQJoDEGauZaKiZJywL
WS_PALU_LARIANG,Erosi,shp,Erosi_WS_PALU_LARIANG.shp,14RBxwiHxBF1mNsvJ9UAGlt_mwbmeKgzI
WS_PALU_LARIANG,Erosi,dbf,Erosi_WS_PALU_LARIANG.dbf,1IibBj5KPbvZ9Tw87kZ_EccyKTsrOC2tm
WS_PALU_LARIANG,Erosi,prj,Erosi_WS_PALU_LARIANG.prj,1pyqyb_xFI9bc1fbhXVeEaki84Yp0nJ6d
WS_PALU_LARIANG,Erosi,cpg,Erosi_WS_PALU_LARIANG.cpg,1tGOGWehSe5WSchTgnbRQuU9BiV_OjTgh
WS_PALU_LARIANG,Erosi,shx,Erosi_WS_PALU_LARIANG.shx,1MqHG-IuSLqJR_nGeKk4zrJcy3WJi4j13
WS_NOELMINA,RURHLDAS,dbf,RURHLDAS_WS_NOELMINA.dbf,1X_BpOfWYU2Dg5P4_T_XXCMoErgq8Rfz_
WS_NOELMINA,RURHLDAS,shx,RURHLDAS_WS_NOELMINA.shx,13zdTzxEyB_Xq1ezaY4D-h20397cS0qtp
WS_NOELMINA,RURHLDAS,shp,RURHLDAS_WS_NOELMINA.shp,1ZD0vgmcXTKMoDVqJmkyG5m32QkY8umme
WS_NOELMINA,RURHLDAS,prj,RURHLDAS_WS_NOELMINA.prj,1gtCWoWTJSj9O8h5RNzTHC5mq3IVWsPQZ
WS_NOELMINA,RURHLDAS,cpg,RURHLDAS_WS_NOELMINA.cpg,1926l6mwwIW8ZE-LP2WZixgMaMFf4sbIi
WS_NOELMINA,TutupanLahan,cpg,TutupanLahan_WS_NOELMINA.cpg,1tlaEPCD9Rkfn62C_Dtv0UH7UjoV_vcbj
WS_NOELMINA,TutupanLahan,dbf,TutupanLahan_WS_NOELMINA.dbf,10EGIlOEz3WPMURx_93upsA6uPyIIkksK
WS_NOELMINA,TutupanLahan,prj,TutupanLahan_WS_NOELMINA.prj,1uE-TnjDikr9pbTDq8Z5EsHCRRSdZyXfn
WS_NOELMINA,TutupanLahan,shx,TutupanLahan_WS_NOELMINA.shx,1FJGuDKm-HBHICVx2OxndfMyv8SgaWA7U
WS_NOELMINA,TutupanLahan,shp,TutupanLahan_WS_NOELMINA.shp,18B1w3fbzhChEI6djMj1KdhS_A96g3GCQ
WS_NOELMINA,KawasanHutan,shx,KawasanHutan_WS_NOELMINA.shx,1Xe53-Mob53iKZCC-AaePlDQlImbEuMYN
WS_NOELMINA,KawasanHutan,dbf,KawasanHutan_WS_NOELMINA.dbf,1xwjDeYHIjY0wD_NSWzioxb_rKAMOBnaJ
WS_NOELMINA,KawasanHutan,cpg,KawasanHutan_WS_NOELMINA.cpg,1OT1x6eNxzrS08y834D23uFSxus8YaHOA
WS_NOELMINA,KawasanHutan,prj,KawasanHutan_WS_NOELMINA.prj,16pB0Z-KiU-2WrBR5q69encZaxqOSWsPe
WS_NOELMINA,KawasanHutan,shp,KawasanHutan_WS_NOELMINA.shp,1GIbVeLutYYMeAykeJmSdsrbVSi_-DFg-
WS_NOELMINA,JenisTanah,dbf,JenisTanah_WS_NOELMINA.dbf,1XKsZE-jFuLJn7zpqOE59_TnwbbV4UQot
WS_NOELMINA,JenisTanah,cpg,JenisTanah_WS_NOELMINA.cpg,1EAOMwQVuko0AhmzqNoq275ACWcAEigcf
WS_NOELMINA,JenisTanah,prj,JenisTanah_WS_NOELMINA.prj,1YfyXkSyVWA6b86S5KBI0G4qeJlnWA71r
WS_NOELMINA,JenisTanah,shx,JenisTanah_WS_NOELMINA.shx,1M4IPUo2s2PYPIqqaTrv0nalTa6yIsABF
WS_NOELMINA,JenisTanah,shp,JenisTanah_WS_NOELMINA.shp,1W43VfeBmTdMW1chmD5tCepDCoTuUsqOJ
WS_NOELMINA,Erosi,shx,Erosi_WS_NOELMINA.shx,1IR1WnMh_alQcZTm_vCIDoQhkWB0rBTyN
WS_NOELMINA,Erosi,cpg,Erosi_WS_NOELMINA.cpg,17EcWKKMrYqu1xKOqXc6YM3Th0t8z1yvV
WS_NOELMINA,Erosi,dbf,Erosi_WS_NOELMINA.dbf,1o9gKd8VTiIBpzW5pAhye_QkhM067VyWX
WS_NOELMINA,Erosi,shp,Erosi_WS_NOELMINA.shp,1l9NiTjAbDGM_n36rWFwzDNb7cHJOqA9A
WS_NOELMINA,Erosi,prj,Erosi_WS_NOELMINA.prj,1nQIvpoZSdizdU7uPCLepe02ObsNxq1ER
WS_NIAS,RURHLDAS,dbf,RURHLDAS_WS_NIAS.dbf,1_w2vJofsSikL-32h42DINlB1cjj4PlVe
WS_NIAS,RURHLDAS,shx,RURHLDAS_WS_NIAS.shx,1K1-bzmXaPlGmZ-QLyV5oJeklbL6z-IBR
WS_NIAS,RURHLDAS,prj,RURHLDAS_WS_NIAS.prj,1dlIxExuu4OpJwNwt5xA3EiOCm6iwynCg
WS_NIAS,RURHLDAS,shp,RURHLDAS_WS_NIAS.shp,1hnYIHZ5-byfgmM6WQvBULKboUTsqKrVD
WS_NIAS,RURHLDAS,cpg,RURHLDAS_WS_NIAS.cpg,1skH9epOI8yed_qp6uLfeNXGQLRpGCbHV
WS_NIAS,TutupanLahan,cpg,TutupanLahan_WS_NIAS.cpg,1-Cc9JSCtUdY9643IiPvq2lBLsLxHfIII
WS_NIAS,TutupanLahan,prj,TutupanLahan_WS_NIAS.prj,1MRnLzixfvz63C19nBYD8A_rQIr7-mKMe
WS_NIAS,TutupanLahan,shp,TutupanLahan_WS_NIAS.shp,14M4oKcuTta1feb6ZW4IT0V4vl2V1A0Vh
WS_NIAS,TutupanLahan,dbf,TutupanLahan_WS_NIAS.dbf,1CFFfjoqTwV5sltNPPHphoO4vIuqo9hk1
WS_NIAS,TutupanLahan,shx,TutupanLahan_WS_NIAS.shx,1DO8sMdVc--W2FUZsaEE1N4PJpJtMAoJn
WS_NIAS,KawasanHutan,dbf,KawasanHutan_WS_NIAS.dbf,1lcpWVPLzf4_BvzeQ0bFQR_ZJ7styaOSW
WS_NIAS,KawasanHutan,cpg,KawasanHutan_WS_NIAS.cpg,1S9KU-Gye4SIQ8fm3vQNZprosV1ZeKinh
WS_NIAS,KawasanHutan,shp,KawasanHutan_WS_NIAS.shp,11ApjeSVK9ous6BmX2dg27eFCJbLMtxLi
WS_NIAS,KawasanHutan,prj,KawasanHutan_WS_NIAS.prj,1shebVH5gv_mIc-SALDWtWmnAh2tAkGgz
WS_NIAS,KawasanHutan,shx,KawasanHutan_WS_NIAS.shx,1boQwhWiZNnj6ueksrB1vzYKi0a8eTpHV
WS_NIAS,JenisTanah,cpg,JenisTanah_WS_NIAS.cpg,1xvGwFcs_8-nDx5c9myiMS9CnbgSsfatm
WS_NIAS,JenisTanah,prj,JenisTanah_WS_NIAS.prj,1ZWnMQrN-LCH_c8ccPAcEFB-EQAR7ftNX
WS_NIAS,JenisTanah,shx,JenisTanah_WS_NIAS.shx,12WLPDc1D6S31MPrR7ylOICjsSa-lhzat
WS_NIAS,JenisTanah,dbf,JenisTanah_WS_NIAS.dbf,1L35fotPmOWP8YfM3YoUX3OUKsJQ09uzL
WS_NIAS,JenisTanah,shp,JenisTanah_WS_NIAS.shp,1LOT_3zscBeXoGBktNeji7kwrsn0yueDr
WS_NIAS,Erosi,prj,Erosi_WS_NIAS.prj,171j2h4xlY3spanbXcg2dcsBLvJVvLDnv
WS_NIAS,Erosi,shp,Erosi_WS_NIAS.shp,1AG8xHdmv0_x6b7uksaEx1X-4HJKN8jKm
WS_NIAS,Erosi,cpg,Erosi_WS_NIAS.cpg,1_Htssg_PEETMLo3GvPKxvB3qsi4qwr2b
WS_NIAS,Erosi,shx,Erosi_WS_NIAS.shx,17Tckblkfsx9R904K2uJ-yjLOY9mbUawa
WS_NIAS,Erosi,dbf,Erosi_WS_NIAS.dbf,1JBThzlwyXlrobPy-lj6uORTaH7lkaW7o
WS_NASAL_PADANG_GUCI_ENGGANO,RURHLDAS,shp,RURHLDAS_WS_NASAL_PADANG_GUCI_ENGGANO.shp,1hLzoLKiw7dDkdh5lefXL01vsyOoJYWsg
WS_NASAL_PADANG_GUCI_ENGGANO,RURHLDAS,dbf,RURHLDAS_WS_NASAL_PADANG_GUCI_ENGGANO.dbf,1g1gcqpd8M94p35bhZ4mUkS9LnGDMFYRJ
WS_NASAL_PADANG_GUCI_ENGGANO,RURHLDAS,prj,RURHLDAS_WS_NASAL_PADANG_GUCI_ENGGANO.prj,19ld7PfskTHdE0XVPXwfGjnUwBiqI1X4I
WS_NASAL_PADANG_GUCI_ENGGANO,RURHLDAS,shx,RURHLDAS_WS_NASAL_PADANG_GUCI_ENGGANO.shx,1evy0ShOvbG61RIfPYAqnT3snvEHksAIQ
WS_NASAL_PADANG_GUCI_ENGGANO,RURHLDAS,cpg,RURHLDAS_WS_NASAL_PADANG_GUCI_ENGGANO.cpg,1woOaRoE19PvHhRw3hsj_0a_SoGGdQDhN
WS_NASAL_PADANG_GUCI_ENGGANO,TutupanLahan,dbf,TutupanLahan_WS_NASAL_PADANG_GUCI_ENGGANO.dbf,1pjvg_I8pEIIAdjMeq7wwEyyOH5V2E0xp
WS_NASAL_PADANG_GUCI_ENGGANO,TutupanLahan,cpg,TutupanLahan_WS_NASAL_PADANG_GUCI_ENGGANO.cpg,1Vq1sv4gGdomwtKxVhrJO4kfVwwgLbF1P
WS_NASAL_PADANG_GUCI_ENGGANO,TutupanLahan,shp,TutupanLahan_WS_NASAL_PADANG_GUCI_ENGGANO.shp,1pYobK7QmdEYmmApvDQUfQh-O_4Gbs9nP
WS_NASAL_PADANG_GUCI_ENGGANO,TutupanLahan,prj,TutupanLahan_WS_NASAL_PADANG_GUCI_ENGGANO.prj,1IcNF5v7MVu5-HMyJfMbEjxWXhws1iNFh
WS_NASAL_PADANG_GUCI_ENGGANO,TutupanLahan,shx,TutupanLahan_WS_NASAL_PADANG_GUCI_ENGGANO.shx,1OcOX4SByTAW7juamv9K1-eog0kPgKvZo
WS_NASAL_PADANG_GUCI_ENGGANO,KawasanHutan,dbf,KawasanHutan_WS_NASAL_PADANG_GUCI_ENGGANO.dbf,1INJoio9pNb6d-eGV3FoUPBNvnEJqtDmO
WS_NASAL_PADANG_GUCI_ENGGANO,KawasanHutan,shx,KawasanHutan_WS_NASAL_PADANG_GUCI_ENGGANO.shx,1oPaUW_2GORa9LDBmJe80jyHDrM8Q1Ru8
WS_NASAL_PADANG_GUCI_ENGGANO,KawasanHutan,cpg,KawasanHutan_WS_NASAL_PADANG_GUCI_ENGGANO.cpg,1qdgHLm3lilJrKhNPnfQZbjaYhMmqsE9r
WS_NASAL_PADANG_GUCI_ENGGANO,KawasanHutan,shp,KawasanHutan_WS_NASAL_PADANG_GUCI_ENGGANO.shp,1rNjVY7EDwcHeD24sFizPHWftAyc_Md7e
WS_NASAL_PADANG_GUCI_ENGGANO,KawasanHutan,prj,KawasanHutan_WS_NASAL_PADANG_GUCI_ENGGANO.prj,1-E2RElKt1xCpGGQqb2sSejbrup3y1_ZC
WS_NASAL_PADANG_GUCI_ENGGANO,JenisTanah,shp,JenisTanah_WS_NASAL_PADANG_GUCI_ENGGANO.shp,1WV3OZS_vGjuHZu4WJXnAUvpl2bYNMs-i
WS_NASAL_PADANG_GUCI_ENGGANO,JenisTanah,dbf,JenisTanah_WS_NASAL_PADANG_GUCI_ENGGANO.dbf,1RCvSl2d_Hc42BBTzfIXYbMYGEvaGSoA2
WS_NASAL_PADANG_GUCI_ENGGANO,JenisTanah,shx,JenisTanah_WS_NASAL_PADANG_GUCI_ENGGANO.shx,16bF6V-ShEcZkbwmx9l4NHYcSNvKKPWSK
WS_NASAL_PADANG_GUCI_ENGGANO,JenisTanah,cpg,JenisTanah_WS_NASAL_PADANG_GUCI_ENGGANO.cpg,1ggGMG5ZIA5J2E_xLqa4449dFZaxZFtXn
WS_NASAL_PADANG_GUCI_ENGGANO,JenisTanah,prj,JenisTanah_WS_NASAL_PADANG_GUCI_ENGGANO.prj,1bHrUCncX-wGq92-biLtvfrdqV3_3iu01
WS_NASAL_PADANG_GUCI_ENGGANO,Erosi,dbf,Erosi_WS_NASAL_PADANG_GUCI_ENGGANO.dbf,1iSUz0qS7lCpKZ5fZ0P2KJiz-Yfj1pTH7
WS_NASAL_PADANG_GUCI_ENGGANO,Erosi,shp,Erosi_WS_NASAL_PADANG_GUCI_ENGGANO.shp,17sIXovL9nuKCw3QXmyXzq89NEB-x8IzB
WS_NASAL_PADANG_GUCI_ENGGANO,Erosi,shx,Erosi_WS_NASAL_PADANG_GUCI_ENGGANO.shx,1miDy0slsHFIvVbWA8CzMM03G2G1QoGRZ
WS_NASAL_PADANG_GUCI_ENGGANO,Erosi,prj,Erosi_WS_NASAL_PADANG_GUCI_ENGGANO.prj,1XdE_3O0LX1JloYTcJk1Hdg3FHFZ4rI9S
WS_NASAL_PADANG_GUCI_ENGGANO,Erosi,cpg,Erosi_WS_NASAL_PADANG_GUCI_ENGGANO.cpg,1_1ovJG9EVgqyOiqtl2QYUTnXaPCQ4AHB
WS_PAGUYAMAN,RURHLDAS,dbf,RURHLDAS_WS_PAGUYAMAN.dbf,1gpNiw-bl40OEUAeY1yRNlw3w1nyBE4hS
WS_PAGUYAMAN,RURHLDAS,cpg,RURHLDAS_WS_PAGUYAMAN.cpg,1q1mdCJlJ41a38wwt1P9X-FKyKUGf6qFQ
WS_PAGUYAMAN,RURHLDAS,shx,RURHLDAS_WS_PAGUYAMAN.shx,1PfQSLAd87gvsPQKkDLrlf6u0-yPhedO1
WS_PAGUYAMAN,RURHLDAS,shp,RURHLDAS_WS_PAGUYAMAN.shp,1OR8GTIhygR7mW2hSwC1sQ80SvRcxxlq5
WS_PAGUYAMAN,RURHLDAS,prj,RURHLDAS_WS_PAGUYAMAN.prj,1U0AOTUKkottRpRgW_wQ3Jcx8AeovAXff
WS_PAGUYAMAN,TutupanLahan,cpg,TutupanLahan_WS_PAGUYAMAN.cpg,13aHIFPyYdMgbAjyelG5Ae3jda_D0WQiK
WS_PAGUYAMAN,TutupanLahan,shx,TutupanLahan_WS_PAGUYAMAN.shx,16bjepxJ-6_6ZhEu1Tc4LcAWS8_zOENKy
WS_PAGUYAMAN,TutupanLahan,dbf,TutupanLahan_WS_PAGUYAMAN.dbf,10Q0LL187Sm1_KOfjt0VyWUG2QlqfqTrT
WS_PAGUYAMAN,TutupanLahan,prj,TutupanLahan_WS_PAGUYAMAN.prj,19VqG9sTPX_cLKgHVRiH6GgwL61EaG7Qd
WS_PAGUYAMAN,TutupanLahan,shp,TutupanLahan_WS_PAGUYAMAN.shp,1kSWe-KX0_8gKEYIrpIpXu5UzKX-sXT-2
WS_PAGUYAMAN,KawasanHutan,dbf,KawasanHutan_WS_PAGUYAMAN.dbf,1td8UFaikLcpmC8B-x8qGjv6Nbocoif6Y
WS_PAGUYAMAN,KawasanHutan,cpg,KawasanHutan_WS_PAGUYAMAN.cpg,1WWj2raSgteyyjfHcthuigK9G5jx_dy1Q
WS_PAGUYAMAN,KawasanHutan,shp,KawasanHutan_WS_PAGUYAMAN.shp,18G2EuSdtikbqqdwThjSIr7DANLPLK1h_
WS_PAGUYAMAN,KawasanHutan,prj,KawasanHutan_WS_PAGUYAMAN.prj,13W47D5mkl6znCA1787bSL2L5kMxDa015
WS_PAGUYAMAN,KawasanHutan,shx,KawasanHutan_WS_PAGUYAMAN.shx,1KIqoyvTIhC7Okp2pa8W2RaUGBSfyxkjt
WS_PAGUYAMAN,JenisTanah,shp,JenisTanah_WS_PAGUYAMAN.shp,1TGilkJg1VChmhjopdeokLjBthaw7SK0o
WS_PAGUYAMAN,JenisTanah,prj,JenisTanah_WS_PAGUYAMAN.prj,1JcKh5KnGWITuCJY0GUHVu3Ncg8-XcJlw
WS_PAGUYAMAN,JenisTanah,shx,JenisTanah_WS_PAGUYAMAN.shx,14RxkcvFJsyOv9dPJmSCFREONhRr9o3bp
WS_PAGUYAMAN,JenisTanah,cpg,JenisTanah_WS_PAGUYAMAN.cpg,1l3xndsV1EddFpVhDymBWmFwtIgNQJnl5
WS_PAGUYAMAN,JenisTanah,dbf,JenisTanah_WS_PAGUYAMAN.dbf,1neDMq7KWjHotW9b5jtIRN7nNTivFySne
WS_PAGUYAMAN,Erosi,cpg,Erosi_WS_PAGUYAMAN.cpg,1YjhZMU2JFDvmMh70WwoHuQzUFSPJ0IZT
WS_PAGUYAMAN,Erosi,shp,Erosi_WS_PAGUYAMAN.shp,1S2m3m3S0pe-QpHFVdPTDtVsCSNFSBYE-
WS_PAGUYAMAN,Erosi,shx,Erosi_WS_PAGUYAMAN.shx,1rPnNdAvW42jKEf6yXf4v_uz2yyvyDQC8
WS_PAGUYAMAN,Erosi,dbf,Erosi_WS_PAGUYAMAN.dbf,1NWfTnqBUkEJXgnw-EATZvJlT-7kIIdlW
WS_PAGUYAMAN,Erosi,prj,Erosi_WS_PAGUYAMAN.prj,1H0DfH3hNQZaIHV49Jyg1dEu3J3hxIU-N
WS_OMBA,RURHLDAS,cpg,RURHLDAS_WS_OMBA.cpg,1E9_5SZ75RzkcKOAB0ulx8bDQkoyuwHmq
WS_OMBA,RURHLDAS,shp,RURHLDAS_WS_OMBA.shp,1Hj0ZRQEhJB_-UBCTt_Rz2Up9Nw_ZHhgb
WS_OMBA,RURHLDAS,prj,RURHLDAS_WS_OMBA.prj,1lBZCIC5ZfMfZZLB13MVQWFSsxw2r8PPw
WS_OMBA,RURHLDAS,shx,RURHLDAS_WS_OMBA.shx,1uj-0zzu5S8T03HGf2TcVEI-HgNqrnbd9
WS_OMBA,RURHLDAS,dbf,RURHLDAS_WS_OMBA.dbf,1_F_K2XS4PDi8lYxKWDHPtzsNAsx9dztY
WS_OMBA,TutupanLahan,shx,TutupanLahan_WS_OMBA.shx,1O7Z18n2a8msYRG-wQnF0mp2KAjZYviHA
WS_OMBA,TutupanLahan,prj,TutupanLahan_WS_OMBA.prj,1DJdbZl6vwiLCTsm_0SreJ2G-I4wsefs4
WS_OMBA,TutupanLahan,dbf,TutupanLahan_WS_OMBA.dbf,14d7RKhC1zXyjXEH60okhzAqKLu-CBExh
WS_OMBA,TutupanLahan,shp,TutupanLahan_WS_OMBA.shp,1sgFMdi-pLOUVEoWcVfGLUOWJd_3BVKwa
WS_OMBA,TutupanLahan,cpg,TutupanLahan_WS_OMBA.cpg,1nv_8NIK4U_9SFzExifIl_ZTmmjldt3NA
WS_OMBA,KawasanHutan,shx,KawasanHutan_WS_OMBA.shx,1KJ6zW_uo6UVZCCJ7N0Y66ACb6D93POUN
WS_OMBA,KawasanHutan,shp,KawasanHutan_WS_OMBA.shp,1dLCg0sx7PvXNmrEdfY5ev4TexWOc6x_y
WS_OMBA,KawasanHutan,prj,KawasanHutan_WS_OMBA.prj,1UTlZ52n9gnEYAddMaVWzqsWNzZv6QiNy
WS_OMBA,KawasanHutan,cpg,KawasanHutan_WS_OMBA.cpg,1puh2AWW5kEaAVcI1Fgb3KDMyH-5bgxXM
WS_OMBA,KawasanHutan,dbf,KawasanHutan_WS_OMBA.dbf,1hd9s6WGEsNmAkZWKCUIJRft_5WgDHvPy
WS_OMBA,JenisTanah,dbf,JenisTanah_WS_OMBA.dbf,1bbBdxYVDxiQuOEuYr_btTyDuMV34H-Dj
WS_OMBA,JenisTanah,shx,JenisTanah_WS_OMBA.shx,1s_WoxN7WBDu8qFg8_VdWX6QZKh9mFp6T
WS_OMBA,JenisTanah,prj,JenisTanah_WS_OMBA.prj,1_gYtwGdUI4uhwPHWB45-pZJZTJMojPfO
WS_OMBA,JenisTanah,cpg,JenisTanah_WS_OMBA.cpg,1lfwYhfpDqmdZ5RkVSRbx_bQy8XT1yFWl
WS_OMBA,JenisTanah,shp,JenisTanah_WS_OMBA.shp,1r3Q1oJFwjSQHqvfxiVhuANwatlaEF3Rk
WS_OMBA,Erosi,shx,Erosi_WS_OMBA.shx,1U_sM-rpLRrdoQP3eIui-EUMz_jw_7TYa
WS_OMBA,Erosi,shp,Erosi_WS_OMBA.shp,1G2m6y34mnTfUT25rayQHv0-1JYgNI7LC
WS_OMBA,Erosi,dbf,Erosi_WS_OMBA.dbf,1ruD0gEhPBu10DJcpfS9hQPOB7mmwjJ6T
WS_OMBA,Erosi,cpg,Erosi_WS_OMBA.cpg,1XZ490usG6PeVDzPgBicc3ds7sJVEHbJI
WS_OMBA,Erosi,prj,Erosi_WS_OMBA.prj,1l5GRJ6f4R9EtrCBYZUbpuy_Rndup_AqR
WS_MUNA,RURHLDAS,dbf,RURHLDAS_WS_MUNA.dbf,1Xuwp_UAMyNlK8Nq0YuqFjEQNjqk4uFA_
WS_MUNA,RURHLDAS,cpg,RURHLDAS_WS_MUNA.cpg,1yGQ5NiP5kfyGRQXWtxqINws-VIK8iBct
WS_MUNA,RURHLDAS,shp,RURHLDAS_WS_MUNA.shp,1oNGgIGEbvlaHYBq9RlmsXy5I0k8AXZZD
WS_MUNA,RURHLDAS,shx,RURHLDAS_WS_MUNA.shx,1tiyZuvg14DYHMVs7diID5fRPuaHSBTYg
WS_MUNA,RURHLDAS,prj,RURHLDAS_WS_MUNA.prj,1tbp7EK8fML6zHbyJrb-HCDUjen68xOZN
WS_MUNA,TutupanLahan,prj,TutupanLahan_WS_MUNA.prj,1btBPcwnbGwI66mA5RrhYrSyVcx8015AQ
WS_MUNA,TutupanLahan,shx,TutupanLahan_WS_MUNA.shx,1jaAWm4wjfV6-tleV5P9o2dF19x1SL2fg
WS_MUNA,TutupanLahan,cpg,TutupanLahan_WS_MUNA.cpg,1Pu4rdjNX_3SKpJIa8G2BoSjSc7F1Ws_n
WS_MUNA,TutupanLahan,dbf,TutupanLahan_WS_MUNA.dbf,1lYENtsGO0qMaSVSIvpHdekCziBETkj9H
WS_MUNA,TutupanLahan,shp,TutupanLahan_WS_MUNA.shp,1urOA6Byo-2XBVIKGdzjYlWrZ5e2wMYwI
WS_MUNA,KawasanHutan,prj,KawasanHutan_WS_MUNA.prj,1nrGJXAbYkQ30g5Scalsx279QiT76Efz8
WS_MUNA,KawasanHutan,cpg,KawasanHutan_WS_MUNA.cpg,14Mlk7bScF5U32kwFPYvis9Se01-eEihm
WS_MUNA,KawasanHutan,shx,KawasanHutan_WS_MUNA.shx,1WevMkCqWtm00ehMpSf0JOwJWW3FLATLh
WS_MUNA,KawasanHutan,shp,KawasanHutan_WS_MUNA.shp,1j4lSjZ9xeV3A2dUwc_stqB6YFBn0OzRB
WS_MUNA,KawasanHutan,dbf,KawasanHutan_WS_MUNA.dbf,1NtFsjwkgdXl6jyQUNBPoyCkiGwgw7Ar_
WS_MUNA,JenisTanah,shx,JenisTanah_WS_MUNA.shx,1kaykNoDgJ2b9w2Pa_AlwUlg8QBwAbZrL
WS_MUNA,JenisTanah,cpg,JenisTanah_WS_MUNA.cpg,1wMioBd9ZWcSV60omgVb6LoSgVCIl_OT0
WS_MUNA,JenisTanah,prj,JenisTanah_WS_MUNA.prj,1svT3NZD6T2sSriF3SsnNrBAqP0Y7tTUO
WS_MUNA,JenisTanah,shp,JenisTanah_WS_MUNA.shp,1Qy7oCkUtyEISNa9JkCa2QDC3PJLtXftd
WS_MUNA,JenisTanah,dbf,JenisTanah_WS_MUNA.dbf,1C1SlYWWprNzcaEIYxqUaMOP0U2igQtp6
WS_MUNA,Erosi,prj,Erosi_WS_MUNA.prj,1_GTlHxWq-ADng1MR7cXZu0Kj5__rjdS_
WS_MUNA,Erosi,shp,Erosi_WS_MUNA.shp,1wKWBgbW2LtTI6V4jIqh7JzNBjM_2MDKF
WS_MUNA,Erosi,dbf,Erosi_WS_MUNA.dbf,1O7Tqh4CpEII0FYY3n8cJQKOBfTiABPsJ
WS_MUNA,Erosi,cpg,Erosi_WS_MUNA.cpg,1vYN8b__-6PEU9t1xPAFieY7hNbYL3dHt
WS_MUNA,Erosi,shx,Erosi_WS_MUNA.shx,1Y5s8-18y7OxPrr12Rz79x5OHshwmk2VN
WS_MENTAYA_KATINGAN,RURHLDAS,shp,RURHLDAS_WS_MENTAYA_KATINGAN.shp,1HkAaePBtA-PTMgIVULf3HuByqjyK4Bnk
WS_MENTAYA_KATINGAN,RURHLDAS,shx,RURHLDAS_WS_MENTAYA_KATINGAN.shx,1HTw31Xav131BFb3D0OGIwoNdqnBcPlcI
WS_MENTAYA_KATINGAN,RURHLDAS,dbf,RURHLDAS_WS_MENTAYA_KATINGAN.dbf,1aqrmO35YyKMASMgDwKUc4WQER6-rNjKA
WS_MENTAYA_KATINGAN,RURHLDAS,cpg,RURHLDAS_WS_MENTAYA_KATINGAN.cpg,18qQli0L1X6kTofxKbE9xWUBMotKW1id8
WS_MENTAYA_KATINGAN,RURHLDAS,prj,RURHLDAS_WS_MENTAYA_KATINGAN.prj,1aRKcbxnRGiI6NxyLXuRWkefbYn7qOB8J
WS_MENTAYA_KATINGAN,TutupanLahan,dbf,TutupanLahan_WS_MENTAYA_KATINGAN.dbf,1yJKgwzZBIbs3VGtSuN2nggohg_vSwsHQ
WS_MENTAYA_KATINGAN,TutupanLahan,shx,TutupanLahan_WS_MENTAYA_KATINGAN.shx,1gbzufZCe1iecRBbW14XiyYl-WLCQNzsT
WS_MENTAYA_KATINGAN,TutupanLahan,shp,TutupanLahan_WS_MENTAYA_KATINGAN.shp,1WY5p60ZKKuhzHOXM03nK5lzI75qQHywl
WS_MENTAYA_KATINGAN,TutupanLahan,cpg,TutupanLahan_WS_MENTAYA_KATINGAN.cpg,1D5hYRNs-HOrJL06D0n-cjUVHr8eScnTh
WS_MENTAYA_KATINGAN,TutupanLahan,prj,TutupanLahan_WS_MENTAYA_KATINGAN.prj,1_9ypqgbrQ23qV-G3djT7jcmrupdoFXnd
WS_MENTAYA_KATINGAN,KawasanHutan,cpg,KawasanHutan_WS_MENTAYA_KATINGAN.cpg,1BbyiafpNHa7YFAcHq9naMKqxApod3Ekg
WS_MENTAYA_KATINGAN,KawasanHutan,shp,KawasanHutan_WS_MENTAYA_KATINGAN.shp,1oNcf76up7-j48dzh2S5wF5wKoRxYqdAc
WS_MENTAYA_KATINGAN,KawasanHutan,dbf,KawasanHutan_WS_MENTAYA_KATINGAN.dbf,1M81QD-ye_uTfMFT9ZBHOAMAFRF5BYREr
WS_MENTAYA_KATINGAN,KawasanHutan,shx,KawasanHutan_WS_MENTAYA_KATINGAN.shx,1K40_6eHP1i511nTo-Z06W0KuTCYcLqdz
WS_MENTAYA_KATINGAN,KawasanHutan,prj,KawasanHutan_WS_MENTAYA_KATINGAN.prj,1rlAE6bE37Qd_R8dbwyqgssxwPPA06daH
WS_MENTAYA_KATINGAN,JenisTanah,prj,JenisTanah_WS_MENTAYA_KATINGAN.prj,1pxzYr9UfdPpnehxJLX_z8alk2cNCK9AF
WS_MENTAYA_KATINGAN,JenisTanah,shp,JenisTanah_WS_MENTAYA_KATINGAN.shp,15ZkXaXGE08UFBPpgGF4r0frShOrSIfDk
WS_MENTAYA_KATINGAN,JenisTanah,shx,JenisTanah_WS_MENTAYA_KATINGAN.shx,1fBoJCfF4WNdXee7wNsaW4RyKE0gM4HEJ
WS_MENTAYA_KATINGAN,JenisTanah,dbf,JenisTanah_WS_MENTAYA_KATINGAN.dbf,1UKNHKQEEvoR8xAKjNYWkD5AC4bjWXN5K
WS_MENTAYA_KATINGAN,JenisTanah,cpg,JenisTanah_WS_MENTAYA_KATINGAN.cpg,1pqbIUUHNdAwel9H8ZsOYGHuQp1yjojdZ
WS_MENTAYA_KATINGAN,Erosi,prj,Erosi_WS_MENTAYA_KATINGAN.prj,1WwdF9stO-l3rstkxla22wDP1R9kq6vJe
WS_MENTAYA_KATINGAN,Erosi,shp,Erosi_WS_MENTAYA_KATINGAN.shp,1_mhQoS_y6wQwNTyDfQ8cFSM37AMjiXGc
WS_MENTAYA_KATINGAN,Erosi,dbf,Erosi_WS_MENTAYA_KATINGAN.dbf,1I9O5y923m5zuNSdo6PHSmcaj7DI-Kv8c
WS_MENTAYA_KATINGAN,Erosi,shx,Erosi_WS_MENTAYA_KATINGAN.shx,1tV4EHhn-_RGCRBKZPgGV0ojZQjrBfDz7
WS_MENTAYA_KATINGAN,Erosi,cpg,Erosi_WS_MENTAYA_KATINGAN.cpg,1uTM15_C54tJKQElY9mTSG9wRWr44iCz-
WS_MESUJI_TULANG_BAWANG,RURHLDAS,shx,RURHLDAS_WS_MESUJI_TULANG_BAWANG.shx,1TD308QlkpcEb7hFEa1qcyhJMKVsj88EY
WS_MESUJI_TULANG_BAWANG,RURHLDAS,dbf,RURHLDAS_WS_MESUJI_TULANG_BAWANG.dbf,1XEw_11kbtLnwfD_Rqnceu4aco2oiDWDC
WS_MESUJI_TULANG_BAWANG,RURHLDAS,shp,RURHLDAS_WS_MESUJI_TULANG_BAWANG.shp,1oDEU8iGRSH72DSv8LXZK3LG-b7iby5OD
WS_MESUJI_TULANG_BAWANG,RURHLDAS,cpg,RURHLDAS_WS_MESUJI_TULANG_BAWANG.cpg,1_LK7fNnjWuo3BHvJ6dDO1TmJwX4ltT-o
WS_MESUJI_TULANG_BAWANG,RURHLDAS,prj,RURHLDAS_WS_MESUJI_TULANG_BAWANG.prj,1Ij-Gcvkz_lHGR-L8dgwOepf4LnBm4lvf
WS_MESUJI_TULANG_BAWANG,TutupanLahan,prj,TutupanLahan_WS_MESUJI_TULANG_BAWANG.prj,142P9dAoJ3Y40N3iGdRwzc7ZbkfvS0YHC
WS_MESUJI_TULANG_BAWANG,TutupanLahan,dbf,TutupanLahan_WS_MESUJI_TULANG_BAWANG.dbf,13EmsSGIqz9MC9CrVHY8u9UEP_5DKPnVE
WS_MESUJI_TULANG_BAWANG,TutupanLahan,shp,TutupanLahan_WS_MESUJI_TULANG_BAWANG.shp,1Php5kpi7JIJX6Ey1L9nj7-z6GYq6J97O
WS_MESUJI_TULANG_BAWANG,TutupanLahan,shx,TutupanLahan_WS_MESUJI_TULANG_BAWANG.shx,1A_SaRL90wPTuhUjbNY3kgcbDmcoVAupn
WS_MESUJI_TULANG_BAWANG,TutupanLahan,cpg,TutupanLahan_WS_MESUJI_TULANG_BAWANG.cpg,1ccscCTLcqtjGFxt6_HZwF7fZWWAswO5A
WS_MESUJI_TULANG_BAWANG,KawasanHutan,cpg,KawasanHutan_WS_MESUJI_TULANG_BAWANG.cpg,1zsY0_gQb3ZQhEp7xfJEPTKYq8HWvETHJ
WS_MESUJI_TULANG_BAWANG,KawasanHutan,prj,KawasanHutan_WS_MESUJI_TULANG_BAWANG.prj,1-91YCtKcftVK7JQCszsg0zA3L1otZTQM
WS_MESUJI_TULANG_BAWANG,KawasanHutan,shp,KawasanHutan_WS_MESUJI_TULANG_BAWANG.shp,1bDNTogjTdCzi3V_1Vm2IlPmKY26sKzM2
WS_MESUJI_TULANG_BAWANG,KawasanHutan,shx,KawasanHutan_WS_MESUJI_TULANG_BAWANG.shx,1QP_SJGvaPTVE3br8D9c-olGO8Z3ehEYi
WS_MESUJI_TULANG_BAWANG,KawasanHutan,dbf,KawasanHutan_WS_MESUJI_TULANG_BAWANG.dbf,1nhOR5GBl3eD1PKedk3dBLjJUTb3cjQkJ
WS_MESUJI_TULANG_BAWANG,JenisTanah,shx,JenisTanah_WS_MESUJI_TULANG_BAWANG.shx,1TtLz6lImAv2sRjIUmHt8RnjEwiUakoU8
WS_MESUJI_TULANG_BAWANG,JenisTanah,prj,JenisTanah_WS_MESUJI_TULANG_BAWANG.prj,1m7X6cObxGbl27V5I9Lz97GUsgT0p7zC9
WS_MESUJI_TULANG_BAWANG,JenisTanah,shp,JenisTanah_WS_MESUJI_TULANG_BAWANG.shp,1qUt-i2giBcr44aDruRuOVdg7-WPozT-_
WS_MESUJI_TULANG_BAWANG,JenisTanah,cpg,JenisTanah_WS_MESUJI_TULANG_BAWANG.cpg,1tNaXySf6xf3t07beGx-tUXl_m8Hdmfjw
WS_MESUJI_TULANG_BAWANG,JenisTanah,dbf,JenisTanah_WS_MESUJI_TULANG_BAWANG.dbf,1gAyW2nYbkO9rw8IVGbqlxyBrhf4d5l0B
WS_MESUJI_TULANG_BAWANG,Erosi,cpg,Erosi_WS_MESUJI_TULANG_BAWANG.cpg,1JrszQz14GJcbb-dBqzHCJTGh0Pm5aHyJ
WS_MESUJI_TULANG_BAWANG,Erosi,prj,Erosi_WS_MESUJI_TULANG_BAWANG.prj,1IiWcu9mbSoNB7xeyVjjtGvAd2jl53boZ
WS_MESUJI_TULANG_BAWANG,Erosi,dbf,Erosi_WS_MESUJI_TULANG_BAWANG.dbf,1hpgtzLFmlqhOASiZVb2hfLMepB1VDBti
WS_MESUJI_TULANG_BAWANG,Erosi,shp,Erosi_WS_MESUJI_TULANG_BAWANG.shp,1zQTmHB9-W-1h8r-MsFmqml0F3nOF54u6
WS_MESUJI_TULANG_BAWANG,Erosi,shx,Erosi_WS_MESUJI_TULANG_BAWANG.shx,1R59P1B9KcdIIIWEEuRhvKrv2Nc0_hvmB
WS_LOMBOK,RURHLDAS,cpg,RURHLDAS_WS_LOMBOK.cpg,1EyTzo5ukUGT23GidRe-bkTU4wUouP-3w
WS_LOMBOK,RURHLDAS,dbf,RURHLDAS_WS_LOMBOK.dbf,1LZhtJnJ4fK2NTIwuQCcf6KRNBoeyWQn5
WS_LOMBOK,RURHLDAS,shx,RURHLDAS_WS_LOMBOK.shx,1K0ZZXiclrOSlGXUuE4LtbWtq_zMBEWSO
WS_LOMBOK,RURHLDAS,prj,RURHLDAS_WS_LOMBOK.prj,1-qfGEpSh3l9cRSld-mONfh7Nd9Cql5Hg
WS_LOMBOK,RURHLDAS,shp,RURHLDAS_WS_LOMBOK.shp,1gZKGaaSCFl0wNUt_Gb6XE8oibrZ43hCm
WS_LOMBOK,TutupanLahan,cpg,TutupanLahan_WS_LOMBOK.cpg,1rJuQ4GcBxbqFwunffbq4XEB22EJjhcee
WS_LOMBOK,TutupanLahan,shp,TutupanLahan_WS_LOMBOK.shp,1mL3MpQdEdbi8Q_nELmfFWNI8rvi9X5Bb
WS_LOMBOK,TutupanLahan,shx,TutupanLahan_WS_LOMBOK.shx,19UsWRVwiw3PvL2Yf-Uj3LffJP0nx48Dh
WS_LOMBOK,TutupanLahan,prj,TutupanLahan_WS_LOMBOK.prj,1n7VKZCD9UjlFqTKjhk-xSBdMhE7Cl81J
WS_LOMBOK,TutupanLahan,dbf,TutupanLahan_WS_LOMBOK.dbf,1TqAa5yum2c8a0lboOevC9zYG1X7goJdW
WS_LOMBOK,KawasanHutan,prj,KawasanHutan_WS_LOMBOK.prj,1MoO6_UvGCVeXJvs7PWe-hnVH3WOChiUo
WS_LOMBOK,KawasanHutan,dbf,KawasanHutan_WS_LOMBOK.dbf,1Lw48k9Gs_uSHUGvsWf37BuF3XvYw-rxH
WS_LOMBOK,KawasanHutan,shp,KawasanHutan_WS_LOMBOK.shp,1Jv0vL8AzIjsefDppVvmUIeLZ63QEgytW
WS_LOMBOK,KawasanHutan,shx,KawasanHutan_WS_LOMBOK.shx,1VowDujJvwxb67J1wtURv99p2UGOiwGo0
WS_LOMBOK,KawasanHutan,cpg,KawasanHutan_WS_LOMBOK.cpg,1RxVUkEGts0myswxv-Sppbmn0_dhpzeJT
WS_LOMBOK,JenisTanah,prj,JenisTanah_WS_LOMBOK.prj,1PtyT5rnQTWg6rXbz4SZCh1ZdhehBH8rv
WS_LOMBOK,JenisTanah,cpg,JenisTanah_WS_LOMBOK.cpg,1tOonmK5Dwvr7Gpy5Zz-EsNO_YTggKZLI
WS_LOMBOK,JenisTanah,shx,JenisTanah_WS_LOMBOK.shx,1JBgdtx2P7tdOYGP5XZ_SjfMluD7NGO8X
WS_LOMBOK,JenisTanah,shp,JenisTanah_WS_LOMBOK.shp,126h3O3XoDHNq4beoUWie3ELb-FZFG0or
WS_LOMBOK,JenisTanah,dbf,JenisTanah_WS_LOMBOK.dbf,1OdfYO1rjfE_JJyKRhIGFoo9KZCOOFWf1
WS_LOMBOK,Erosi,shx,Erosi_WS_LOMBOK.shx,1Vhe6CeByAGF5He5D4zYFlj58VC4YSYxQ
WS_LOMBOK,Erosi,cpg,Erosi_WS_LOMBOK.cpg,1hl9NeyhI3Xh-x4pvL6CK9Xzae668gUko
WS_LOMBOK,Erosi,prj,Erosi_WS_LOMBOK.prj,1e-_B3ga92aTXvqzAkYpdh4gey29M8Lbu
WS_LOMBOK,Erosi,shp,Erosi_WS_LOMBOK.shp,1y_UBQPW8jmfAP-IVKE7Cmbbh4Cy6iirw
WS_LOMBOK,Erosi,dbf,Erosi_WS_LOMBOK.dbf,1R6GOreRnYgSzxg3qSAqZPWhF3qPAHl__
WS_LASOLO_KONAWEHA,RURHLDAS,prj,RURHLDAS_WS_LASOLO_KONAWEHA.prj,1Yp2SWuIgQXSuXP8hxTyZszfvOQ-m8Lsc
WS_LASOLO_KONAWEHA,RURHLDAS,dbf,RURHLDAS_WS_LASOLO_KONAWEHA.dbf,1Cj6194HOkzmps4OVCvqINcMA_nQYaWNB
WS_LASOLO_KONAWEHA,RURHLDAS,shp,RURHLDAS_WS_LASOLO_KONAWEHA.shp,1EZCnhvzDx9dABK1sFhai90K-0Qe4a2Fr
WS_LASOLO_KONAWEHA,RURHLDAS,shx,RURHLDAS_WS_LASOLO_KONAWEHA.shx,1wmzrPezsltbgS1IzJW4nG1rMLBAW3YLw
WS_LASOLO_KONAWEHA,RURHLDAS,cpg,RURHLDAS_WS_LASOLO_KONAWEHA.cpg,12GSlCus0ld2OdGWB-luAw4BKVEGeN9Iq
WS_LASOLO_KONAWEHA,TutupanLahan,shx,TutupanLahan_WS_LASOLO_KONAWEHA.shx,1-ct7tw0QoozT-v0RlUsF4GJtWqAIZnfS
WS_LASOLO_KONAWEHA,TutupanLahan,dbf,TutupanLahan_WS_LASOLO_KONAWEHA.dbf,1LJoK6_IjqXbEku59qogl5Q2hZ9g8z-4F
WS_LASOLO_KONAWEHA,TutupanLahan,shp,TutupanLahan_WS_LASOLO_KONAWEHA.shp,1w4y0cVq4mjnZYQU-VNC12r9tulu0FxNZ
WS_LASOLO_KONAWEHA,TutupanLahan,prj,TutupanLahan_WS_LASOLO_KONAWEHA.prj,1Wczmluuu5BH2SpI9cxfnGil89m_oF0SJ
WS_LASOLO_KONAWEHA,TutupanLahan,cpg,TutupanLahan_WS_LASOLO_KONAWEHA.cpg,1yl7tV8QepLtXphUWpdJi-NmzPVmZj8vC
WS_LASOLO_KONAWEHA,KawasanHutan,dbf,KawasanHutan_WS_LASOLO_KONAWEHA.dbf,1ehjmoroUR3NNVElK9kQJgpZe6Bf7JsOv
WS_LASOLO_KONAWEHA,KawasanHutan,prj,KawasanHutan_WS_LASOLO_KONAWEHA.prj,12N7T0i-RPuhZWgH38IWAbgGZEP86IY16
WS_LASOLO_KONAWEHA,KawasanHutan,shp,KawasanHutan_WS_LASOLO_KONAWEHA.shp,1xI6XVAzyRpNSWHWKZe7WlTzquWIAA-uW
WS_LASOLO_KONAWEHA,KawasanHutan,cpg,KawasanHutan_WS_LASOLO_KONAWEHA.cpg,129zlXt1bfOHge7fb--xP_5EEeulCxgzt
WS_LASOLO_KONAWEHA,KawasanHutan,shx,KawasanHutan_WS_LASOLO_KONAWEHA.shx,1B_GpljgxScgz54jlYGrNVc9q3QcR9Zts
WS_LASOLO_KONAWEHA,JenisTanah,shp,JenisTanah_WS_LASOLO_KONAWEHA.shp,1R8mkisOIOHkAASzW3u4Va51AfWutRhYF
WS_LASOLO_KONAWEHA,JenisTanah,dbf,JenisTanah_WS_LASOLO_KONAWEHA.dbf,1WWLK1bOdkMcYspSgT5BcSvpjHv68NeT5
WS_LASOLO_KONAWEHA,JenisTanah,cpg,JenisTanah_WS_LASOLO_KONAWEHA.cpg,1t957CK1HTANkXr1AkgNVMvGTcRSMzLi8
WS_LASOLO_KONAWEHA,JenisTanah,prj,JenisTanah_WS_LASOLO_KONAWEHA.prj,1TYp99CeWEQXeEAyzJFOWQdAtTPi_5Ao0
WS_LASOLO_KONAWEHA,JenisTanah,shx,JenisTanah_WS_LASOLO_KONAWEHA.shx,1i3QyaS0iTf06uZpfYSYgIPTY16h_iUZh
WS_LASOLO_KONAWEHA,Erosi,shx,Erosi_WS_LASOLO_KONAWEHA.shx,1LbNhziAbUm98CPn7cJQ9Ta9lpk0Nkp3n
WS_LASOLO_KONAWEHA,Erosi,prj,Erosi_WS_LASOLO_KONAWEHA.prj,1G1coCy6cxIZ-tGG_rI7z6o0FEHIPDieM
WS_LASOLO_KONAWEHA,Erosi,cpg,Erosi_WS_LASOLO_KONAWEHA.cpg,12TUtMHN45Vg6fbaDLnfSPUIjw_0jwSsS
WS_LASOLO_KONAWEHA,Erosi,shp,Erosi_WS_LASOLO_KONAWEHA.shp,1bauG26BVaU54btIE96L3ReYAa9yn0V2C
WS_LASOLO_KONAWEHA,Erosi,dbf,Erosi_WS_LASOLO_KONAWEHA.dbf,1lvqGr2LZrwjqPb8HgoVRmLhm5rD--Vu9
WS_LIMBOTO_BOLANGO_BONE,RURHLDAS,cpg,RURHLDAS_WS_LIMBOTO_BOLANGO_BONE.cpg,19qIopA1QLznGhGQ0jgKCs5JRvcKbDCFf
WS_LIMBOTO_BOLANGO_BONE,RURHLDAS,shp,RURHLDAS_WS_LIMBOTO_BOLANGO_BONE.shp,1QhW7fLoC4yiSSxBakOMAGaKGQNV8r_z5
WS_LIMBOTO_BOLANGO_BONE,RURHLDAS,prj,RURHLDAS_WS_LIMBOTO_BOLANGO_BONE.prj,1bCV-W2vK5P7_MoYI10QaDsUR3mFm2gci
WS_LIMBOTO_BOLANGO_BONE,RURHLDAS,dbf,RURHLDAS_WS_LIMBOTO_BOLANGO_BONE.dbf,1ZSmCJZOgZaUZEDc7SfzbxX1mTCNS2aJ4
WS_LIMBOTO_BOLANGO_BONE,RURHLDAS,shx,RURHLDAS_WS_LIMBOTO_BOLANGO_BONE.shx,1luPKML_MOW1lOapX8wk0AZ9QMtziAeLq
WS_LIMBOTO_BOLANGO_BONE,TutupanLahan,shx,TutupanLahan_WS_LIMBOTO_BOLANGO_BONE.shx,1M0MhR_Io-bjdXsQIeXlEw4PAXWRsrWk6
WS_LIMBOTO_BOLANGO_BONE,TutupanLahan,prj,TutupanLahan_WS_LIMBOTO_BOLANGO_BONE.prj,1tjWKswsHWuZcNrHux9GNrHoLfG-0H65q
WS_LIMBOTO_BOLANGO_BONE,TutupanLahan,cpg,TutupanLahan_WS_LIMBOTO_BOLANGO_BONE.cpg,1LWrX0-NpyAjmlvIsG1e_CKr9nTQeaF6M
WS_LIMBOTO_BOLANGO_BONE,TutupanLahan,dbf,TutupanLahan_WS_LIMBOTO_BOLANGO_BONE.dbf,1p10fJ8EOwlPyvLDs6ik20YydvdFEkntO
WS_LIMBOTO_BOLANGO_BONE,TutupanLahan,shp,TutupanLahan_WS_LIMBOTO_BOLANGO_BONE.shp,1wWADuYElmLsjch8fAYP8OzUOdSpiOlkG
WS_LIMBOTO_BOLANGO_BONE,KawasanHutan,prj,KawasanHutan_WS_LIMBOTO_BOLANGO_BONE.prj,1Jbx93JAbq77q9NZV2swQio3_VGRkIJAc
WS_LIMBOTO_BOLANGO_BONE,KawasanHutan,dbf,KawasanHutan_WS_LIMBOTO_BOLANGO_BONE.dbf,1fgkGJuk9LTogKO7UivL7Nyiv9y8AO9FC
WS_LIMBOTO_BOLANGO_BONE,KawasanHutan,cpg,KawasanHutan_WS_LIMBOTO_BOLANGO_BONE.cpg,1ADqXVP7gIfS4XadA-4kIfPh7loLE-0w-
WS_LIMBOTO_BOLANGO_BONE,KawasanHutan,shx,KawasanHutan_WS_LIMBOTO_BOLANGO_BONE.shx,1KneUF-2Lbgx02uc1ocQrr6hG5VCQ_Dmu
WS_LIMBOTO_BOLANGO_BONE,KawasanHutan,shp,KawasanHutan_WS_LIMBOTO_BOLANGO_BONE.shp,1kUxSZJvQEJpVbVkbJPIgMRBAAL4q2i7k
WS_LIMBOTO_BOLANGO_BONE,JenisTanah,dbf,JenisTanah_WS_LIMBOTO_BOLANGO_BONE.dbf,14dYMsH23WHV3qTrxPyhgLrq49KN00Ind
WS_LIMBOTO_BOLANGO_BONE,JenisTanah,shp,JenisTanah_WS_LIMBOTO_BOLANGO_BONE.shp,1UqB0pzaqheCgJHCeiEhlWhL9HUX4Jf22
WS_LIMBOTO_BOLANGO_BONE,JenisTanah,cpg,JenisTanah_WS_LIMBOTO_BOLANGO_BONE.cpg,1HVfBlR9GuZTcHFHAPtmIkqWmBG7YJJGD
WS_LIMBOTO_BOLANGO_BONE,JenisTanah,shx,JenisTanah_WS_LIMBOTO_BOLANGO_BONE.shx,1s1cgAiiqiBjEn_K_P2CffDVNKHliUEL_
WS_LIMBOTO_BOLANGO_BONE,JenisTanah,prj,JenisTanah_WS_LIMBOTO_BOLANGO_BONE.prj,1FWuWcuEEcPQzXo9dnN76vwBfEyybVLg6
WS_LIMBOTO_BOLANGO_BONE,Erosi,shp,Erosi_WS_LIMBOTO_BOLANGO_BONE.shp,15gQ3-xa2tg8WknaMRfUy78coEWX3lELG
WS_LIMBOTO_BOLANGO_BONE,Erosi,dbf,Erosi_WS_LIMBOTO_BOLANGO_BONE.dbf,1Lm_gkrAhhfBk4SI2nUHTOzAC6Ehu6wEP
WS_LIMBOTO_BOLANGO_BONE,Erosi,shx,Erosi_WS_LIMBOTO_BOLANGO_BONE.shx,13zY0lpqg2Opvi7aj871--4fpGpvkwIDW
WS_LIMBOTO_BOLANGO_BONE,Erosi,prj,Erosi_WS_LIMBOTO_BOLANGO_BONE.prj,1pZbwImMLm71OHeUDHf34MYQDX1gK1Iev
WS_LIMBOTO_BOLANGO_BONE,Erosi,cpg,Erosi_WS_LIMBOTO_BOLANGO_BONE.cpg,1W4zuHNphKcu1XJCx13erW4ZtS-NP5e0P
WS_MEMPAWAH,RURHLDAS,cpg,RURHLDAS_WS_MEMPAWAH.cpg,1qMFX2IqEpp0c2_8LimCCaLqT4PDXHfsw
WS_MEMPAWAH,RURHLDAS,shx,RURHLDAS_WS_MEMPAWAH.shx,1EXNd0gywzhsYKSGJYvSiDBGJY5jgsnfQ
WS_MEMPAWAH,RURHLDAS,prj,RURHLDAS_WS_MEMPAWAH.prj,1kxaa3JexcMRIJ_ueSgcKx_19IUN024so
WS_MEMPAWAH,RURHLDAS,shp,RURHLDAS_WS_MEMPAWAH.shp,1UmmrTch_AvjruQnTLfDqqLABYApjPupN
WS_MEMPAWAH,RURHLDAS,dbf,RURHLDAS_WS_MEMPAWAH.dbf,13-qVTbdU-FxGm7AJbrUhAauppxSNmAdj
WS_MEMPAWAH,TutupanLahan,prj,TutupanLahan_WS_MEMPAWAH.prj,1KG9MQxNUOGCL3Bn-ttrRm4vGYfRR2_6z
WS_MEMPAWAH,TutupanLahan,shp,TutupanLahan_WS_MEMPAWAH.shp,1wY0Ohaq3Td0J58jeVqSBpGwb4LhftFrv
WS_MEMPAWAH,TutupanLahan,shx,TutupanLahan_WS_MEMPAWAH.shx,10h_VfsLyAtdtuPJINX7toHpAe30q33Ya
WS_MEMPAWAH,TutupanLahan,dbf,TutupanLahan_WS_MEMPAWAH.dbf,1IBlhbA7Ka0kwHU9lnS-HQVyoW-3kePMs
WS_MEMPAWAH,TutupanLahan,cpg,TutupanLahan_WS_MEMPAWAH.cpg,1yMsURZGuf_7n5LFxTyh96ToRaj1aIieD
WS_MEMPAWAH,KawasanHutan,shp,KawasanHutan_WS_MEMPAWAH.shp,15KQldN09buw0rbjaUAAjAzIBs-2QJo9A
WS_MEMPAWAH,KawasanHutan,prj,KawasanHutan_WS_MEMPAWAH.prj,1wBHmUPUKsojEDYRNdkFhHqsPkRh2pFfA
WS_MEMPAWAH,KawasanHutan,cpg,KawasanHutan_WS_MEMPAWAH.cpg,1KhDb3ofEjhjiXu2qQKFHf_2fIwfvNPVE
WS_MEMPAWAH,KawasanHutan,shx,KawasanHutan_WS_MEMPAWAH.shx,156BQ1X_h4HCxrtf2D4JichyAp3vjc7GB
WS_MEMPAWAH,KawasanHutan,dbf,KawasanHutan_WS_MEMPAWAH.dbf,117urWVPvf1ewUn1o-4HHVbazg6RPn3gN
WS_MEMPAWAH,JenisTanah,shp,JenisTanah_WS_MEMPAWAH.shp,1eyKBkg5y3J4AfpEuqAM0Feo2KHQWylCX
WS_MEMPAWAH,JenisTanah,dbf,JenisTanah_WS_MEMPAWAH.dbf,1IYsC1mCa_nbsXIEkbCGTIhOfDM__aXTW
WS_MEMPAWAH,JenisTanah,shx,JenisTanah_WS_MEMPAWAH.shx,1k00NWzWlGq66oZeC6YDxlZzmj3S4fnL2
WS_MEMPAWAH,JenisTanah,cpg,JenisTanah_WS_MEMPAWAH.cpg,1v2L5lSIEl1vg53o8Yyly4qwYc1IB7Z_w
WS_MEMPAWAH,JenisTanah,prj,JenisTanah_WS_MEMPAWAH.prj,1WsVtqLNrhm9CWx1zbFj1KuDdsuue-_zf
WS_MEMPAWAH,Erosi,shp,Erosi_WS_MEMPAWAH.shp,1Ia41Az6sDyqbG4e1M5VLxksjVOWukWXq
WS_MEMPAWAH,Erosi,prj,Erosi_WS_MEMPAWAH.prj,1nAPk8_5ERLv0tmzx6fGaQUqSSJBawtAI
WS_MEMPAWAH,Erosi,dbf,Erosi_WS_MEMPAWAH.dbf,1SILg1qfn7mJDAFd53q7OQL26_XKqWWni
WS_MEMPAWAH,Erosi,cpg,Erosi_WS_MEMPAWAH.cpg,14trRwmLiVmMObgzNLe3lzWy5tiIpRejR
WS_MEMPAWAH,Erosi,shx,Erosi_WS_MEMPAWAH.shx,1AHskB083m0i1a8VLMyp8e8h55vGMulus
WS_MAHAKAM,RURHLDAS,shp,RURHLDAS_WS_MAHAKAM.shp,1tt8gSNEEFFJtS6DGmUtW70QBakEcViQw
WS_MAHAKAM,RURHLDAS,dbf,RURHLDAS_WS_MAHAKAM.dbf,1LRl6_k_pPat9rBXYSmQHOMizTIxyXavr
WS_MAHAKAM,RURHLDAS,shx,RURHLDAS_WS_MAHAKAM.shx,1pUNYrM_oT6AIpoMr5KtHtyrHp7-SMsVt
WS_MAHAKAM,RURHLDAS,cpg,RURHLDAS_WS_MAHAKAM.cpg,11cAu7rrD_1WxW4TlUeQlRKwekgdahxHh
WS_MAHAKAM,RURHLDAS,prj,RURHLDAS_WS_MAHAKAM.prj,1X7v-gpJHvadv9n9FR9o7TueaZSoKGP3b
WS_MAHAKAM,TutupanLahan,dbf,TutupanLahan_WS_MAHAKAM.dbf,1Z1V0SSIUm9WRn8J0CliP7Fd2t3Se7sQL
WS_MAHAKAM,TutupanLahan,shp,TutupanLahan_WS_MAHAKAM.shp,18HYfwrLV2C5thZYjfoQ8_8JAhNNrgNfX
WS_MAHAKAM,TutupanLahan,shx,TutupanLahan_WS_MAHAKAM.shx,1Ti4Zg1Pk7DZDZlcJBzUqT9ShB__veuFI
WS_MAHAKAM,TutupanLahan,cpg,TutupanLahan_WS_MAHAKAM.cpg,1CiQCGbt_ENy9hfDsPGvY16PiJ_VOwwHG
WS_MAHAKAM,TutupanLahan,prj,TutupanLahan_WS_MAHAKAM.prj,1arDuG9tt1pt7spq_LoJ1_PhjmwHdyFf-
WS_MAHAKAM,KawasanHutan,cpg,KawasanHutan_WS_MAHAKAM.cpg,1SxoGzJntd_mxlxZ3U-MsgEd11-6eeh5X
WS_MAHAKAM,KawasanHutan,dbf,KawasanHutan_WS_MAHAKAM.dbf,1yKpIyjBAGQr9QfqSJi2M0kfkfO_DdVRN
WS_MAHAKAM,KawasanHutan,shp,KawasanHutan_WS_MAHAKAM.shp,1WgDHy6bMj0pdmB9XzJOEEwH5u33c7sL4
WS_MAHAKAM,KawasanHutan,shx,KawasanHutan_WS_MAHAKAM.shx,1WGLHYrRnCVD5s5JJWQRwZmYBrEzlIjER
WS_MAHAKAM,KawasanHutan,prj,KawasanHutan_WS_MAHAKAM.prj,1wXw5h9uiTyLKsBIyIyuJ-cr5uY43WCv6
WS_MAHAKAM,JenisTanah,dbf,JenisTanah_WS_MAHAKAM.dbf,1oGOaRoFVi2iiFYZFJG-tiXIj04V2hXo0
WS_MAHAKAM,JenisTanah,shx,JenisTanah_WS_MAHAKAM.shx,160d-ynENCkcKUuRFK-uGUsNU5uLeGWyj
WS_MAHAKAM,JenisTanah,shp,JenisTanah_WS_MAHAKAM.shp,13gwMuVaNVEvBJvrgeg1G8xC8AoJc96FD
WS_MAHAKAM,JenisTanah,prj,JenisTanah_WS_MAHAKAM.prj,1oST0YAHlGRkVxMzBXogLM3wTg-jN5HJD
WS_MAHAKAM,JenisTanah,cpg,JenisTanah_WS_MAHAKAM.cpg,11394LGBnSGXhQY-Qf4QacTVc5X0_h74R
WS_MAHAKAM,Erosi,dbf,Erosi_WS_MAHAKAM.dbf,1IY35YnTNeGRXoceGtUWQut_uxNUZTCFu
WS_MAHAKAM,Erosi,shx,Erosi_WS_MAHAKAM.shx,1Z4idYyV-BjT1I218-x6vgB8Epu7bWyyy
WS_MAHAKAM,Erosi,shp,Erosi_WS_MAHAKAM.shp,1yHL5ttWLtksvcXoGqWwRIeUBzOxvT5Ea
WS_MAHAKAM,Erosi,prj,Erosi_WS_MAHAKAM.prj,1K7LEaN3ivpvBmMAbihHnwcANhXM2CnTQ
WS_MAHAKAM,Erosi,cpg,Erosi_WS_MAHAKAM.cpg,166X_TBW51Jc1-BMx1WIgT1HkXaHK2kCE
WS_MASANG_PASAMAN,RURHLDAS,prj,RURHLDAS_WS_MASANG_PASAMAN.prj,12BNm64T2aT-iyzWfrVyq-zCeWgcbO9MB
WS_MASANG_PASAMAN,RURHLDAS,dbf,RURHLDAS_WS_MASANG_PASAMAN.dbf,1SLqhkbTGh8T0QOSFkTOiA10xjljj8eqI
WS_MASANG_PASAMAN,RURHLDAS,shx,RURHLDAS_WS_MASANG_PASAMAN.shx,1xu7-t44sxWLehpbPuDq-Y32ZQfjLbjPG
WS_MASANG_PASAMAN,RURHLDAS,shp,RURHLDAS_WS_MASANG_PASAMAN.shp,1qxqS6JfJuM1Gsn20sYJs9Nhqtvv-xNGG
WS_MASANG_PASAMAN,RURHLDAS,cpg,RURHLDAS_WS_MASANG_PASAMAN.cpg,1iTDLcWDI-1uV78cL3-y-67OXCjcxqYOH
WS_MASANG_PASAMAN,TutupanLahan,shx,TutupanLahan_WS_MASANG_PASAMAN.shx,1NmaGr9OgPyAlEGKVmvb_LtstOohIa6Yv
WS_MASANG_PASAMAN,TutupanLahan,shp,TutupanLahan_WS_MASANG_PASAMAN.shp,1lWfj182RsZQ8rvHI3TIJ_pKdJ5gy6txq
WS_MASANG_PASAMAN,TutupanLahan,cpg,TutupanLahan_WS_MASANG_PASAMAN.cpg,1xyM2YfySb9CaGDQQrPEOWNd8xZNYYmVQ
WS_MASANG_PASAMAN,TutupanLahan,prj,TutupanLahan_WS_MASANG_PASAMAN.prj,1NXf7xlV9GycH-yYgkqllA87fldQ6xXvH
WS_MASANG_PASAMAN,TutupanLahan,dbf,TutupanLahan_WS_MASANG_PASAMAN.dbf,1bbZphhmrt78azgKA_iCYS4sXdNF0EQBH
WS_MASANG_PASAMAN,KawasanHutan,shx,KawasanHutan_WS_MASANG_PASAMAN.shx,1ik7T9hrKfbMAD_BMkZYRi2RhpJqWWKyO
WS_MASANG_PASAMAN,KawasanHutan,shp,KawasanHutan_WS_MASANG_PASAMAN.shp,1VgRRBy1oqJxex3zhJS7HIXJQJrMMgISw
WS_MASANG_PASAMAN,KawasanHutan,prj,KawasanHutan_WS_MASANG_PASAMAN.prj,1h8zVvACZQR9OYESZMZdlTf-KnLrzaC0P
WS_MASANG_PASAMAN,KawasanHutan,cpg,KawasanHutan_WS_MASANG_PASAMAN.cpg,1PtKpdJiPdh3jYpS9HTJ3wlfxt7G0mWQ9
WS_MASANG_PASAMAN,KawasanHutan,dbf,KawasanHutan_WS_MASANG_PASAMAN.dbf,129DndoPN1N1o2fhzzdy48S4GoqAEo-zT
WS_MASANG_PASAMAN,JenisTanah,dbf,JenisTanah_WS_MASANG_PASAMAN.dbf,1H42VCANJqtlwuNcTC_Spg2S08Ivs80CI
WS_MASANG_PASAMAN,JenisTanah,shx,JenisTanah_WS_MASANG_PASAMAN.shx,1re52RjivdUOEB2J0nzw195OR2Ic6ccz5
WS_MASANG_PASAMAN,JenisTanah,prj,JenisTanah_WS_MASANG_PASAMAN.prj,1ScUsfjJptD9wsGwpXpzVOom0OmVd1FfW
WS_MASANG_PASAMAN,JenisTanah,shp,JenisTanah_WS_MASANG_PASAMAN.shp,1zqGVnk7X6c1pQqBQOJj3z0zCBtbSoi3u
WS_MASANG_PASAMAN,JenisTanah,cpg,JenisTanah_WS_MASANG_PASAMAN.cpg,1vgYOUujBMVapXp7_cAeuLV_7CHy4BuNj
WS_MASANG_PASAMAN,Erosi,shx,Erosi_WS_MASANG_PASAMAN.shx,1SoF4jFiqD-2qIm11XbxtARC812w3gxAZ
WS_MASANG_PASAMAN,Erosi,cpg,Erosi_WS_MASANG_PASAMAN.cpg,1VaK_gODNiDCFtljx3cBW83zWM5Xe2VD3
WS_MASANG_PASAMAN,Erosi,prj,Erosi_WS_MASANG_PASAMAN.prj,1wpORgA2Qi-KjEaY5g0qpm7QZC5k7Hkkr
WS_MASANG_PASAMAN,Erosi,shp,Erosi_WS_MASANG_PASAMAN.shp,1YRx3DXk_KvycjCsYq7_wtbf6ykW2L34T
WS_MASANG_PASAMAN,Erosi,dbf,Erosi_WS_MASANG_PASAMAN.dbf,1BglCEkAG8NL_9SdGGT44pSTAaqbyEj5T
WS_MEMBERAMO_ANDAIWAIREN_SENTANI_TAMI,RURHLDAS,cpg,RURHLDAS_WS_MEMBERAMO_ANDAIWAIREN_SENTANI_TAMI.cpg,1Y5weo9AgnJax6NPpBQRUNQPMSCBEQHp_
WS_MEMBERAMO_ANDAIWAIREN_SENTANI_TAMI,RURHLDAS,shx,RURHLDAS_WS_MEMBERAMO_ANDAIWAIREN_SENTANI_TAMI.shx,1ZiYTzF8ghraX4QAPZll6e50Gn0u4weCp
WS_MEMBERAMO_ANDAIWAIREN_SENTANI_TAMI,RURHLDAS,prj,RURHLDAS_WS_MEMBERAMO_ANDAIWAIREN_SENTANI_TAMI.prj,1vS_6kxTQ8T2QZybW7B90gZUvG3i_un8z
WS_MEMBERAMO_ANDAIWAIREN_SENTANI_TAMI,RURHLDAS,shp,RURHLDAS_WS_MEMBERAMO_ANDAIWAIREN_SENTANI_TAMI.shp,1Etp9ZNmiLyEIYplh_IJP4_jsSBfU-8yf
WS_MEMBERAMO_ANDAIWAIREN_SENTANI_TAMI,RURHLDAS,dbf,RURHLDAS_WS_MEMBERAMO_ANDAIWAIREN_SENTANI_TAMI.dbf,12EH2rcd-0QXj06uoeoXvwPqmVjKbbe8B
WS_MEMBERAMO_ANDAIWAIREN_SENTANI_TAMI,TutupanLahan,dbf,TutupanLahan_WS_MEMBERAMO_ANDAIWAIREN_SENTANI_TAMI.dbf,1c7BtUY9KC6EvOAguBXk3zwc3BuCTeUNh
WS_MEMBERAMO_ANDAIWAIREN_SENTANI_TAMI,TutupanLahan,shp,TutupanLahan_WS_MEMBERAMO_ANDAIWAIREN_SENTANI_TAMI.shp,1K2DnjpXuD2D0IinV4aJ0yE65nSdaCXTk
WS_MEMBERAMO_ANDAIWAIREN_SENTANI_TAMI,TutupanLahan,cpg,TutupanLahan_WS_MEMBERAMO_ANDAIWAIREN_SENTANI_TAMI.cpg,1he4-neyJnSgI0oNMtMy0l_vvmNznim0B
WS_MEMBERAMO_ANDAIWAIREN_SENTANI_TAMI,TutupanLahan,shx,TutupanLahan_WS_MEMBERAMO_ANDAIWAIREN_SENTANI_TAMI.shx,1m-ZGRSYl1uxccGNUrVhn-YqxuL_AANGK
WS_MEMBERAMO_ANDAIWAIREN_SENTANI_TAMI,TutupanLahan,prj,TutupanLahan_WS_MEMBERAMO_ANDAIWAIREN_SENTANI_TAMI.prj,1ZvfU4Xuja69Qgc4QY9TDeyItL5T2HMam
WS_MEMBERAMO_ANDAIWAIREN_SENTANI_TAMI,KawasanHutan,prj,KawasanHutan_WS_MEMBERAMO_ANDAIWAIREN_SENTANI_TAMI.prj,1KNvBfGlGdA3PND55WMxF477j7KuhmQ2d
WS_MEMBERAMO_ANDAIWAIREN_SENTANI_TAMI,KawasanHutan,cpg,KawasanHutan_WS_MEMBERAMO_ANDAIWAIREN_SENTANI_TAMI.cpg,1h1272ggETpDnhiMt6oFoQ3-QVVuAx2wG
WS_MEMBERAMO_ANDAIWAIREN_SENTANI_TAMI,KawasanHutan,shx,KawasanHutan_WS_MEMBERAMO_ANDAIWAIREN_SENTANI_TAMI.shx,1IQQlJHxsDTbF1VSUY47KqdE5mIXSHhdr
WS_MEMBERAMO_ANDAIWAIREN_SENTANI_TAMI,KawasanHutan,shp,KawasanHutan_WS_MEMBERAMO_ANDAIWAIREN_SENTANI_TAMI.shp,1ozbwkbqiD_Dk25uPOABTiaBI1g7L8G67
WS_MEMBERAMO_ANDAIWAIREN_SENTANI_TAMI,KawasanHutan,dbf,KawasanHutan_WS_MEMBERAMO_ANDAIWAIREN_SENTANI_TAMI.dbf,1D295rBjTpTj5-MP7HxdKlvaoBkqQ-x0Y
WS_MEMBERAMO_ANDAIWAIREN_SENTANI_TAMI,JenisTanah,dbf,JenisTanah_WS_MEMBERAMO_ANDAIWAIREN_SENTANI_TAMI.dbf,1Nfnb3-_doxG-pW1mIBUinO7xQWulASR7
WS_MEMBERAMO_ANDAIWAIREN_SENTANI_TAMI,JenisTanah,shp,JenisTanah_WS_MEMBERAMO_ANDAIWAIREN_SENTANI_TAMI.shp,19R-wGMfGcAQKl5BUbSIDHL26n7hzFM0m
WS_MEMBERAMO_ANDAIWAIREN_SENTANI_TAMI,JenisTanah,shx,JenisTanah_WS_MEMBERAMO_ANDAIWAIREN_SENTANI_TAMI.shx,1kz4rlK8uyHLdCiSMbc2g6kT1z_ekxELt
WS_MEMBERAMO_ANDAIWAIREN_SENTANI_TAMI,JenisTanah,cpg,JenisTanah_WS_MEMBERAMO_ANDAIWAIREN_SENTANI_TAMI.cpg,1a3cdCUuqrAl8Ytas5cdz0Id36OfhG6R_
WS_MEMBERAMO_ANDAIWAIREN_SENTANI_TAMI,JenisTanah,prj,JenisTanah_WS_MEMBERAMO_ANDAIWAIREN_SENTANI_TAMI.prj,1ZwIpcRSp1NerOq-_Up0rq5iehcjBNCO4
WS_MEMBERAMO_ANDAIWAIREN_SENTANI_TAMI,Erosi,shp,Erosi_WS_MEMBERAMO_ANDAIWAIREN_SENTANI_TAMI.shp,1mdEWyTYQxEJMbdIfygIci2eIjiegoEig
WS_MEMBERAMO_ANDAIWAIREN_SENTANI_TAMI,Erosi,cpg,Erosi_WS_MEMBERAMO_ANDAIWAIREN_SENTANI_TAMI.cpg,1KWpoCeS2dutLiP6gORAi_Rj9KtapJYeq
WS_MEMBERAMO_ANDAIWAIREN_SENTANI_TAMI,Erosi,dbf,Erosi_WS_MEMBERAMO_ANDAIWAIREN_SENTANI_TAMI.dbf,1zagD7s8fkQh_HySpMT6AZuSFJOPfGp9Y
WS_MEMBERAMO_ANDAIWAIREN_SENTANI_TAMI,Erosi,shx,Erosi_WS_MEMBERAMO_ANDAIWAIREN_SENTANI_TAMI.shx,1A3gmkROpSTYkYKFgeALVZoS9Am5HCs8t
WS_MEMBERAMO_ANDAIWAIREN_SENTANI_TAMI,Erosi,prj,Erosi_WS_MEMBERAMO_ANDAIWAIREN_SENTANI_TAMI.prj,1yYqL5kCFKWpgO4TwbPAT1OEZsNuGky9W
WS_LARONA_MALILI,RURHLDAS,shp,RURHLDAS_WS_LARONA_MALILI.shp,1U_35UU9jRwGc08KqKXdeOMPBhzoJscR6
WS_LARONA_MALILI,RURHLDAS,prj,RURHLDAS_WS_LARONA_MALILI.prj,1cwJ1gA4kMh4C4WWaaz6a7eH3Aa26kgIO
WS_LARONA_MALILI,RURHLDAS,shx,RURHLDAS_WS_LARONA_MALILI.shx,1nZCiVRJSnoTtUptfqEsI8Gy_5j8qjrFs
WS_LARONA_MALILI,RURHLDAS,cpg,RURHLDAS_WS_LARONA_MALILI.cpg,1I5SP1nDZFxoZmRoPImKI1ZxMB4KeHe1l
WS_LARONA_MALILI,RURHLDAS,dbf,RURHLDAS_WS_LARONA_MALILI.dbf,1RrA6po6jyQfvoUBWuQhoHF_fgOepbfhM
WS_LARONA_MALILI,TutupanLahan,dbf,TutupanLahan_WS_LARONA_MALILI.dbf,1P5aXlLufnYwLXAHmOWGeFfX7iuXjxsRh
WS_LARONA_MALILI,TutupanLahan,cpg,TutupanLahan_WS_LARONA_MALILI.cpg,1cc-7b7Fben28uU2yeau_ucoempkMHU4C
WS_LARONA_MALILI,TutupanLahan,prj,TutupanLahan_WS_LARONA_MALILI.prj,1ZsWvr5RnXW38L6XIs8RuhsoO5pg9vWun
WS_LARONA_MALILI,TutupanLahan,shp,TutupanLahan_WS_LARONA_MALILI.shp,1V0MoG7kzR_Dq-vw7-wn2e5P7Nu4BhlJJ
WS_LARONA_MALILI,TutupanLahan,shx,TutupanLahan_WS_LARONA_MALILI.shx,1I91d1Nd9-fH9u4G4MbI-qetaoKfch_gE
WS_LARONA_MALILI,KawasanHutan,dbf,KawasanHutan_WS_LARONA_MALILI.dbf,1iPptdlEnevBIiFQxqxTAL2UfTttB-Eah
WS_LARONA_MALILI,KawasanHutan,prj,KawasanHutan_WS_LARONA_MALILI.prj,1B8YsNXLwB8uaBOtKcantgI-uc2E5UJvc
WS_LARONA_MALILI,KawasanHutan,shp,KawasanHutan_WS_LARONA_MALILI.shp,1j9BBv0g6VX3MBkNAfGjjIK5Mv_RhodOg
WS_LARONA_MALILI,KawasanHutan,shx,KawasanHutan_WS_LARONA_MALILI.shx,1IO9YukwNXBUtK2_6aCOedXjg-UhNR6_e
WS_LARONA_MALILI,KawasanHutan,cpg,KawasanHutan_WS_LARONA_MALILI.cpg,19enXGMb2DZxnPzYwpH6kx6PEUTqffzQ4
WS_LARONA_MALILI,JenisTanah,shx,JenisTanah_WS_LARONA_MALILI.shx,1Lb4hA99e-bKZaXj-UmYKndXxWGIjXZUG
WS_LARONA_MALILI,JenisTanah,shp,JenisTanah_WS_LARONA_MALILI.shp,1SGEKmaunAJBH72-G40NZnPcrfhbAn_3F
WS_LARONA_MALILI,JenisTanah,prj,JenisTanah_WS_LARONA_MALILI.prj,1uVkJZ-A3-XYDi7Ouzv4UBus17oph1nlr
WS_LARONA_MALILI,JenisTanah,cpg,JenisTanah_WS_LARONA_MALILI.cpg,1XMAZxBrK2lajNAjZ5e-p7qkCVP0lTrVF
WS_LARONA_MALILI,JenisTanah,dbf,JenisTanah_WS_LARONA_MALILI.dbf,1UdlJwznccoHHEqMjVEzKTeQqyXxMTwk4
WS_LARONA_MALILI,Erosi,shx,Erosi_WS_LARONA_MALILI.shx,15frKKNiEmZNmoHx5ON8l51RPdv2XWRC7
WS_LARONA_MALILI,Erosi,shp,Erosi_WS_LARONA_MALILI.shp,1Wtc999H9oS-crBaygWzCjwL1lR3vZCef
WS_LARONA_MALILI,Erosi,dbf,Erosi_WS_LARONA_MALILI.dbf,1iGZa4oTYNyxSJdbTVQjawJ6JPHk0ZC1d
WS_LARONA_MALILI,Erosi,cpg,Erosi_WS_LARONA_MALILI.cpg,12q_VxZWYG3Hbz5zNiGfKLwTif-pkkhGG
WS_LARONA_MALILI,Erosi,prj,Erosi_WS_LARONA_MALILI.prj,10n9Vtv598V4NB8QlphwzbWYb8GUEkiUE
WS_KEPULAUAN_SERIBU,RURHLDAS,dbf,RURHLDAS_WS_KEPULAUAN_SERIBU.dbf,11nFZXucEi1SeuiTBmiLn5ypRbYmLFbfN
WS_KEPULAUAN_SERIBU,RURHLDAS,shx,RURHLDAS_WS_KEPULAUAN_SERIBU.shx,18t-XJc-QTQ8hWjway93_c7jgoiw98IrY
WS_KEPULAUAN_SERIBU,RURHLDAS,shp,RURHLDAS_WS_KEPULAUAN_SERIBU.shp,1tq3h4RMp3vuOs4kXdJ3CXFxWeX_x6adn
WS_KEPULAUAN_SERIBU,RURHLDAS,cpg,RURHLDAS_WS_KEPULAUAN_SERIBU.cpg,1t030mAI8RMizBv3PGLzweCS5iXBwUqEE
WS_KEPULAUAN_SERIBU,RURHLDAS,prj,RURHLDAS_WS_KEPULAUAN_SERIBU.prj,1OgOC9TqvTWnhOjzPj_tand64O9-BsYc0
WS_KEPULAUAN_SERIBU,TutupanLahan,cpg,TutupanLahan_WS_KEPULAUAN_SERIBU.cpg,1tEz67Ovk3w7OPl-PhTZfVhXJ8vmER2LA
WS_KEPULAUAN_SERIBU,TutupanLahan,dbf,TutupanLahan_WS_KEPULAUAN_SERIBU.dbf,1S0YcGoQBzCiiULc3UFcK76DO13mSEZ6V
WS_KEPULAUAN_SERIBU,TutupanLahan,shp,TutupanLahan_WS_KEPULAUAN_SERIBU.shp,1oe14JGKvR8WVJ26Aty58ug_R3MT9ocWi
WS_KEPULAUAN_SERIBU,TutupanLahan,shx,TutupanLahan_WS_KEPULAUAN_SERIBU.shx,1-roSmNH0N4W6DBBtdqko-sHjRcid6z5p
WS_KEPULAUAN_SERIBU,TutupanLahan,prj,TutupanLahan_WS_KEPULAUAN_SERIBU.prj,1JbA_7_4-Z0R6W3yK9HQoDsCQkeAVqYcC
WS_KEPULAUAN_SERIBU,KawasanHutan,cpg,KawasanHutan_WS_KEPULAUAN_SERIBU.cpg,1PAsM8c7-RUYj5DzCYhB2zpn11Q0vcVPx
WS_KEPULAUAN_SERIBU,KawasanHutan,shp,KawasanHutan_WS_KEPULAUAN_SERIBU.shp,1UHWbfkXjxG6-gTiresSb7hK0gtkbJjmh
WS_KEPULAUAN_SERIBU,KawasanHutan,dbf,KawasanHutan_WS_KEPULAUAN_SERIBU.dbf,1KmcZYBQjVHvX02yeRr8hFKqVcipsMdyP
WS_KEPULAUAN_SERIBU,KawasanHutan,shx,KawasanHutan_WS_KEPULAUAN_SERIBU.shx,1A8RJnFyS551Y89PXfwC7iJwmWbEATECF
WS_KEPULAUAN_SERIBU,KawasanHutan,prj,KawasanHutan_WS_KEPULAUAN_SERIBU.prj,1vJdoebw5nIK0rLEHbt9NJGhBbv9Kp11Q
WS_KEPULAUAN_SERIBU,JenisTanah,cpg,JenisTanah_WS_KEPULAUAN_SERIBU.cpg,1weY73bKRxdP_X5G0DC15SMhl8kFJiwj-
WS_KEPULAUAN_SERIBU,JenisTanah,dbf,JenisTanah_WS_KEPULAUAN_SERIBU.dbf,1GHxiyQXc9vc-95Va3u5nYgkAwNkuomQt
WS_KEPULAUAN_SERIBU,JenisTanah,shp,JenisTanah_WS_KEPULAUAN_SERIBU.shp,1gi2F4BYAGBPNcRtOZ5mj3fO-Y1lZp9BL
WS_KEPULAUAN_SERIBU,JenisTanah,prj,JenisTanah_WS_KEPULAUAN_SERIBU.prj,1Sxhb16cXGivm8WKXR33dksnMZAkWiXPs
WS_KEPULAUAN_SERIBU,JenisTanah,shx,JenisTanah_WS_KEPULAUAN_SERIBU.shx,19S8FovQA9Ec3CPkskFMiAB63CLxws04x
WS_KEPULAUAN_SERIBU,Erosi,cpg,Erosi_WS_KEPULAUAN_SERIBU.cpg,1N97XkR-lCsz-s0cAj2F_kGQNGdI_A8Wm
WS_KEPULAUAN_SERIBU,Erosi,shp,Erosi_WS_KEPULAUAN_SERIBU.shp,1W8w99OlmPEmFs3PqQTYMgaK6P4-a-glP
WS_KEPULAUAN_SERIBU,Erosi,prj,Erosi_WS_KEPULAUAN_SERIBU.prj,1EKGO_Ls4g2m7a73CzPS3vKACDCCVkI7v
WS_KEPULAUAN_SERIBU,Erosi,dbf,Erosi_WS_KEPULAUAN_SERIBU.dbf,1TWuNVwIkEVXNzLWrAjmbJMh4M4kpcNzT
WS_KEPULAUAN_SERIBU,Erosi,shx,Erosi_WS_KEPULAUAN_SERIBU.shx,1V-w37OiO74QsqA5Eyqr5hBHVsjcxyvWC
WS_LAA_TAMBALAKO,RURHLDAS,dbf,RURHLDAS_WS_LAA_TAMBALAKO.dbf,1vTdsZTrcOc1CgOntOs4zXCc55Bnx13RU
WS_LAA_TAMBALAKO,RURHLDAS,prj,RURHLDAS_WS_LAA_TAMBALAKO.prj,1fln0a9Wc946zDH-gh4nx2fTlNZeQNDfh
WS_LAA_TAMBALAKO,RURHLDAS,cpg,RURHLDAS_WS_LAA_TAMBALAKO.cpg,1W_-4EIFwuaVktoj2XiE4vj-hP2m8UiyM
WS_LAA_TAMBALAKO,RURHLDAS,shp,RURHLDAS_WS_LAA_TAMBALAKO.shp,1OkcftHYWZUdypzfIjW_nUHqzq2fhpA-c
WS_LAA_TAMBALAKO,RURHLDAS,shx,RURHLDAS_WS_LAA_TAMBALAKO.shx,1baIHnGVFnDS3_Xlks2u8aCAqzfDg1PRU
WS_LAA_TAMBALAKO,TutupanLahan,prj,TutupanLahan_WS_LAA_TAMBALAKO.prj,1YVhhn725bjFtvc2D3SqakTGZwE8glKY1
WS_LAA_TAMBALAKO,TutupanLahan,cpg,TutupanLahan_WS_LAA_TAMBALAKO.cpg,1Sx4cV99O4qVudmdDOX8DwNA5oYfVaja0
WS_LAA_TAMBALAKO,TutupanLahan,shp,TutupanLahan_WS_LAA_TAMBALAKO.shp,1NODjgZCW1O-4cDm603WMmCK7hvIN9rj8
WS_LAA_TAMBALAKO,TutupanLahan,shx,TutupanLahan_WS_LAA_TAMBALAKO.shx,1Q70The6-T3XgvuCURJYfKszlpEjkIJWh
WS_LAA_TAMBALAKO,TutupanLahan,dbf,TutupanLahan_WS_LAA_TAMBALAKO.dbf,1sXMPvh6YuYJLIDKdUAZpG3zEy9GRkJjV
WS_LAA_TAMBALAKO,KawasanHutan,shp,KawasanHutan_WS_LAA_TAMBALAKO.shp,1BELzASc38A39oFYRezF4qYFY10rjAVvL
WS_LAA_TAMBALAKO,KawasanHutan,dbf,KawasanHutan_WS_LAA_TAMBALAKO.dbf,1HhHPREToIzz5v4ZFjbOhWv3yyuXaB6v3
WS_LAA_TAMBALAKO,KawasanHutan,shx,KawasanHutan_WS_LAA_TAMBALAKO.shx,1azEEZlDN00OZfuDQSifdbU8TG9DnwitE
WS_LAA_TAMBALAKO,KawasanHutan,prj,KawasanHutan_WS_LAA_TAMBALAKO.prj,1G6Np55doVhD1fUWrbPJ0mZErmqiHrul-
WS_LAA_TAMBALAKO,KawasanHutan,cpg,KawasanHutan_WS_LAA_TAMBALAKO.cpg,1YDIjIyowBGhs4zvSZWMa78vfc7vwu5u5
WS_LAA_TAMBALAKO,JenisTanah,dbf,JenisTanah_WS_LAA_TAMBALAKO.dbf,1Q6UPXjyX_vfz5U99xtJjn5v3aMLd1FIZ
WS_LAA_TAMBALAKO,JenisTanah,shp,JenisTanah_WS_LAA_TAMBALAKO.shp,1rEpu-vY9OTr6XN4X7POC6m2T3bh8l_sT
WS_LAA_TAMBALAKO,JenisTanah,cpg,JenisTanah_WS_LAA_TAMBALAKO.cpg,1-WiQ-IXv6BT3Ve8DNYTnMdyMdagNZfhZ
WS_LAA_TAMBALAKO,JenisTanah,prj,JenisTanah_WS_LAA_TAMBALAKO.prj,17Dp9VC-3GWE9QDQ2V613BZQ5hfEnWMEd
WS_LAA_TAMBALAKO,JenisTanah,shx,JenisTanah_WS_LAA_TAMBALAKO.shx,1MJWpLl0mnBHsH1kSG_Pih6OeByv2-GRF
WS_LAA_TAMBALAKO,Erosi,dbf,Erosi_WS_LAA_TAMBALAKO.dbf,1zPPMt2rbikqlOZIR_230UFbDVpsZUawE
WS_LAA_TAMBALAKO,Erosi,shx,Erosi_WS_LAA_TAMBALAKO.shx,1RT5VykjROubAG_IEN9gAB6qfF7vj6dJI
WS_LAA_TAMBALAKO,Erosi,cpg,Erosi_WS_LAA_TAMBALAKO.cpg,1WpGYDaO_J30tF_nDqsBcu05XvgZah3jH
WS_LAA_TAMBALAKO,Erosi,prj,Erosi_WS_LAA_TAMBALAKO.prj,1QqSBGxLHeV3ErQUrRqeAm0MZiaGE9sog
WS_LAA_TAMBALAKO,Erosi,shp,Erosi_WS_LAA_TAMBALAKO.shp,1IMNAi1Dfwkx0GaYv4DURZRC9XNcYFBTo
WS_KEPULAUAN_SULA_OBI,RURHLDAS,shp,RURHLDAS_WS_KEPULAUAN_SULA_OBI.shp,1VxhdjiCUnNElxquU9Wahgqqxqpoch0eD
WS_KEPULAUAN_SULA_OBI,RURHLDAS,shx,RURHLDAS_WS_KEPULAUAN_SULA_OBI.shx,1QzESHy5BKjw5DgemrTjiN24wFAVhGJKi
WS_KEPULAUAN_SULA_OBI,RURHLDAS,dbf,RURHLDAS_WS_KEPULAUAN_SULA_OBI.dbf,19U8PF0VqZ9zyiHiCWDsD4VtMRsgxNXRY
WS_KEPULAUAN_SULA_OBI,RURHLDAS,prj,RURHLDAS_WS_KEPULAUAN_SULA_OBI.prj,1Vvv_EXA51d8M8UOLTRW43dIRCjNBK5ED
WS_KEPULAUAN_SULA_OBI,RURHLDAS,cpg,RURHLDAS_WS_KEPULAUAN_SULA_OBI.cpg,1-0T3eXcLQPKocimKHol7haWh265edaCb
WS_KEPULAUAN_SULA_OBI,TutupanLahan,shp,TutupanLahan_WS_KEPULAUAN_SULA_OBI.shp,1w_TSIYnDZnwBfbbP7AF7jYnw0jR9lZJb
WS_KEPULAUAN_SULA_OBI,TutupanLahan,shx,TutupanLahan_WS_KEPULAUAN_SULA_OBI.shx,1-4nABKcjxjXPWa-OquYtFl_4ZY9uIy2e
WS_KEPULAUAN_SULA_OBI,TutupanLahan,prj,TutupanLahan_WS_KEPULAUAN_SULA_OBI.prj,17TjxzJKXWuj7r7uZ18T60Lbp1BTwW1Vb
WS_KEPULAUAN_SULA_OBI,TutupanLahan,dbf,TutupanLahan_WS_KEPULAUAN_SULA_OBI.dbf,1JlG0zXWJdiEGKNeSr4_7EV2JRXTTubEF
WS_KEPULAUAN_SULA_OBI,TutupanLahan,cpg,TutupanLahan_WS_KEPULAUAN_SULA_OBI.cpg,1_7jk5FuhC1XibIYhRYnuQTONb80tvwvM
WS_KEPULAUAN_SULA_OBI,KawasanHutan,dbf,KawasanHutan_WS_KEPULAUAN_SULA_OBI.dbf,1bPX8iAocBh6Ehzn78t84ckczYKNI5j_n
WS_KEPULAUAN_SULA_OBI,KawasanHutan,cpg,KawasanHutan_WS_KEPULAUAN_SULA_OBI.cpg,1bEoTpk710fEoYDh-sNP5elUqb04ypKGU
WS_KEPULAUAN_SULA_OBI,KawasanHutan,shp,KawasanHutan_WS_KEPULAUAN_SULA_OBI.shp,1ICikBdMeCYChXJv9b_-8NySkKOxGjlZn
WS_KEPULAUAN_SULA_OBI,KawasanHutan,prj,KawasanHutan_WS_KEPULAUAN_SULA_OBI.prj,1lWhghprjvufSNvLxWhsJnDcpPkA_1vWR
WS_KEPULAUAN_SULA_OBI,KawasanHutan,shx,KawasanHutan_WS_KEPULAUAN_SULA_OBI.shx,1dlTKrXD1wrS2igFkS8p-gAAsg-U1RLob
WS_KEPULAUAN_SULA_OBI,JenisTanah,shp,JenisTanah_WS_KEPULAUAN_SULA_OBI.shp,10PMEFbFjYxsPM46pLSSR0IOeSWc6v2C_
WS_KEPULAUAN_SULA_OBI,JenisTanah,dbf,JenisTanah_WS_KEPULAUAN_SULA_OBI.dbf,1yqMhDiNvT8z5P5uTjZg7go5UK4_YU5GB
WS_KEPULAUAN_SULA_OBI,JenisTanah,prj,JenisTanah_WS_KEPULAUAN_SULA_OBI.prj,1XYFvJeoH9p9AYbMiz7b7uagC3WA6tZNp
WS_KEPULAUAN_SULA_OBI,JenisTanah,shx,JenisTanah_WS_KEPULAUAN_SULA_OBI.shx,1eJS2iwXfqupnyO5m5azsPkFaH9wDMZUJ
WS_KEPULAUAN_SULA_OBI,JenisTanah,cpg,JenisTanah_WS_KEPULAUAN_SULA_OBI.cpg,1tCWk7r9DWc7voLK1KJB3mbi7StzKo5Gd
WS_KEPULAUAN_SULA_OBI,Erosi,shp,Erosi_WS_KEPULAUAN_SULA_OBI.shp,1UzKfva6qKE0o7H1hoYduLcmxWNo6HaLA
WS_KEPULAUAN_SULA_OBI,Erosi,dbf,Erosi_WS_KEPULAUAN_SULA_OBI.dbf,1r4V0uj1gReQVQyw7n4MZ1CzIkdydrjxL
WS_KEPULAUAN_SULA_OBI,Erosi,prj,Erosi_WS_KEPULAUAN_SULA_OBI.prj,1swHeIp2XrgAagoHpVDy_md2Jdf6icOMP
WS_KEPULAUAN_SULA_OBI,Erosi,shx,Erosi_WS_KEPULAUAN_SULA_OBI.shx,1O_EKLMk4gS6ZSwp7qh4csgvsg__sYB-g
WS_KEPULAUAN_SULA_OBI,Erosi,cpg,Erosi_WS_KEPULAUAN_SULA_OBI.cpg,1ra8dvn9QThm5RPaiDBhDCmoCC5ch9dMn
WS_LAMBUNU_BUOL,RURHLDAS,dbf,RURHLDAS_WS_LAMBUNU_BUOL.dbf,1KknV2bcOQR5gJ2wGbQG2qrzTO6rHCYrs
WS_LAMBUNU_BUOL,RURHLDAS,shp,RURHLDAS_WS_LAMBUNU_BUOL.shp,1LDUDif43y1kYG4Pw-UyW9dyjE0DtBpW5
WS_LAMBUNU_BUOL,RURHLDAS,cpg,RURHLDAS_WS_LAMBUNU_BUOL.cpg,1iER1vjot4_EXQAJ4bpxFiOxeGS3VkNR4
WS_LAMBUNU_BUOL,RURHLDAS,shx,RURHLDAS_WS_LAMBUNU_BUOL.shx,1csILipQvyEmIT52kNaJ9HBVfQLdhffa6
WS_LAMBUNU_BUOL,RURHLDAS,prj,RURHLDAS_WS_LAMBUNU_BUOL.prj,1vGjIHIQHUOqp-zYFoMxATwpEpobjyia-
WS_LAMBUNU_BUOL,TutupanLahan,prj,TutupanLahan_WS_LAMBUNU_BUOL.prj,1cPbCkf860rfwstkD6ur3SZvOvelFFNNX
WS_LAMBUNU_BUOL,TutupanLahan,dbf,TutupanLahan_WS_LAMBUNU_BUOL.dbf,1W4uVYUlVqBOC335Btcmp3EzyDIjFrDQq
WS_LAMBUNU_BUOL,TutupanLahan,shx,TutupanLahan_WS_LAMBUNU_BUOL.shx,1KfpdT9kdhXm0c5BoH62s6hxnKsQJWu9H
WS_LAMBUNU_BUOL,TutupanLahan,shp,TutupanLahan_WS_LAMBUNU_BUOL.shp,1Bo4Pr6-Dpvvxuvqj-2PgbTWTqh1Eo7nR
WS_LAMBUNU_BUOL,TutupanLahan,cpg,TutupanLahan_WS_LAMBUNU_BUOL.cpg,11QC0I_3jw1A5u_La6sYkC6ZCVmlj95Dt
WS_LAMBUNU_BUOL,KawasanHutan,cpg,KawasanHutan_WS_LAMBUNU_BUOL.cpg,18slrNX6fLgWb1bUL9L6NSGg__43YKGaf
WS_LAMBUNU_BUOL,KawasanHutan,dbf,KawasanHutan_WS_LAMBUNU_BUOL.dbf,1YdQBijqYeB8yKHNnk9CePiCaLtd22hxd
WS_LAMBUNU_BUOL,KawasanHutan,shp,KawasanHutan_WS_LAMBUNU_BUOL.shp,1tqQr6LrrudTc2UihZAXQ0jbRhJzNnEJj
WS_LAMBUNU_BUOL,KawasanHutan,shx,KawasanHutan_WS_LAMBUNU_BUOL.shx,1LeEQWABLQVZFQ37a1QDgrezOapBKYpua
WS_LAMBUNU_BUOL,KawasanHutan,prj,KawasanHutan_WS_LAMBUNU_BUOL.prj,1lvbgVDzQMa4X2elMKfWS_AzUTCGg1WQx
WS_LAMBUNU_BUOL,JenisTanah,shx,JenisTanah_WS_LAMBUNU_BUOL.shx,1z02laqbnG-tyRZwIThYXTBF3dHLoE85c
WS_LAMBUNU_BUOL,JenisTanah,prj,JenisTanah_WS_LAMBUNU_BUOL.prj,17XIMiadPJ6W0SN-JH-r9XWfHwgOUd_eG
WS_LAMBUNU_BUOL,JenisTanah,dbf,JenisTanah_WS_LAMBUNU_BUOL.dbf,1dIDhTUXZF6UajBAA5OvzILFKw1tJxblk
WS_LAMBUNU_BUOL,JenisTanah,cpg,JenisTanah_WS_LAMBUNU_BUOL.cpg,1YxpeIWJMiyO6OPEMWiifG7oAA_UViCOm
WS_LAMBUNU_BUOL,JenisTanah,shp,JenisTanah_WS_LAMBUNU_BUOL.shp,1-Pjwq38fGSHAH2jgfpep_0MuVOfWXsf_
WS_LAMBUNU_BUOL,Erosi,shx,Erosi_WS_LAMBUNU_BUOL.shx,1nMlVpCAYCOgQA5P7Xqw9vJdgyEPvRiCF
WS_LAMBUNU_BUOL,Erosi,cpg,Erosi_WS_LAMBUNU_BUOL.cpg,1R-FTr40vwlUxJyRtanPpcsO3LfjlgvlM
WS_LAMBUNU_BUOL,Erosi,prj,Erosi_WS_LAMBUNU_BUOL.prj,1dWjuBmZBLDo6bbO1HI7qLPWp9wkfggxN
WS_LAMBUNU_BUOL,Erosi,dbf,Erosi_WS_LAMBUNU_BUOL.dbf,1t5D3SLpeDWyrP_AHjiS4ezUfM1VI5yvh
WS_LAMBUNU_BUOL,Erosi,shp,Erosi_WS_LAMBUNU_BUOL.shp,1KeOkOVLAli_K8-kWU2FGVld9vN5ESzMv
WS_KEPULAUAN_YAMDENA_WETAR_KEI_ARU,RURHLDAS,dbf,RURHLDAS_WS_KEPULAUAN_YAMDENA_WETAR_KEI_ARU.dbf,1qo_gE7XCtHYviiJJpBOjN7yEat-EfnT9
WS_KEPULAUAN_YAMDENA_WETAR_KEI_ARU,RURHLDAS,cpg,RURHLDAS_WS_KEPULAUAN_YAMDENA_WETAR_KEI_ARU.cpg,1RH73o_RQe09XNEljZV6FSMOB7ghU_3M0
WS_KEPULAUAN_YAMDENA_WETAR_KEI_ARU,RURHLDAS,prj,RURHLDAS_WS_KEPULAUAN_YAMDENA_WETAR_KEI_ARU.prj,11kEyI-5ZN4Jv449HaPgL2lSt4wn9r8l1
WS_KEPULAUAN_YAMDENA_WETAR_KEI_ARU,RURHLDAS,shp,RURHLDAS_WS_KEPULAUAN_YAMDENA_WETAR_KEI_ARU.shp,14x0B4EygEJAEFlvTEtF-_9zdmzqo6TOo
WS_KEPULAUAN_YAMDENA_WETAR_KEI_ARU,RURHLDAS,shx,RURHLDAS_WS_KEPULAUAN_YAMDENA_WETAR_KEI_ARU.shx,1gamlVRtwEWgKplaQmNRQly9-LrgvChB_
WS_KEPULAUAN_YAMDENA_WETAR_KEI_ARU,TutupanLahan,cpg,TutupanLahan_WS_KEPULAUAN_YAMDENA_WETAR_KEI_ARU.cpg,1HhsW3Z4h11J2xGznh6q2rfjoZLcmcZHI
WS_KEPULAUAN_YAMDENA_WETAR_KEI_ARU,TutupanLahan,shp,TutupanLahan_WS_KEPULAUAN_YAMDENA_WETAR_KEI_ARU.shp,1G32rGRzAfRl9ad2B0vJpqDnFURIUS_yP
WS_KEPULAUAN_YAMDENA_WETAR_KEI_ARU,TutupanLahan,dbf,TutupanLahan_WS_KEPULAUAN_YAMDENA_WETAR_KEI_ARU.dbf,1LDuROGMZE-hPW04CImMY96dXKy3PQ-uj
WS_KEPULAUAN_YAMDENA_WETAR_KEI_ARU,TutupanLahan,prj,TutupanLahan_WS_KEPULAUAN_YAMDENA_WETAR_KEI_ARU.prj,1bVDWsCQJrXQAGvQvF1ODvYPt5Wn3ddMU
WS_KEPULAUAN_YAMDENA_WETAR_KEI_ARU,TutupanLahan,shx,TutupanLahan_WS_KEPULAUAN_YAMDENA_WETAR_KEI_ARU.shx,1E-wQPvrIYiIzLplPnSf_it_4GKx6Urm3
WS_KEPULAUAN_YAMDENA_WETAR_KEI_ARU,KawasanHutan,dbf,KawasanHutan_WS_KEPULAUAN_YAMDENA_WETAR_KEI_ARU.dbf,1Zz8igpjZDXFhmH08cTjh_h4LpAXUz4nn
WS_KEPULAUAN_YAMDENA_WETAR_KEI_ARU,KawasanHutan,shp,KawasanHutan_WS_KEPULAUAN_YAMDENA_WETAR_KEI_ARU.shp,1cQzfcjSE3ROsvTekGaOm489vZDptt2aN
WS_KEPULAUAN_YAMDENA_WETAR_KEI_ARU,KawasanHutan,prj,KawasanHutan_WS_KEPULAUAN_YAMDENA_WETAR_KEI_ARU.prj,1XAxTLEGot84MiSVUY-70m602vocsZo0u
WS_KEPULAUAN_YAMDENA_WETAR_KEI_ARU,KawasanHutan,shx,KawasanHutan_WS_KEPULAUAN_YAMDENA_WETAR_KEI_ARU.shx,10aeA-Q4I7-aZjPVGMBCFGDVPyVLs_QCN
WS_KEPULAUAN_YAMDENA_WETAR_KEI_ARU,KawasanHutan,cpg,KawasanHutan_WS_KEPULAUAN_YAMDENA_WETAR_KEI_ARU.cpg,1e7Cz3zPmyUDsc1N77JJEYy4MfZt_bWtT
WS_KEPULAUAN_YAMDENA_WETAR_KEI_ARU,JenisTanah,shx,JenisTanah_WS_KEPULAUAN_YAMDENA_WETAR_KEI_ARU.shx,1AmJx1gRdZmYXcAf7679RMeORX0hWjc9Q
WS_KEPULAUAN_YAMDENA_WETAR_KEI_ARU,JenisTanah,shp,JenisTanah_WS_KEPULAUAN_YAMDENA_WETAR_KEI_ARU.shp,1tir-Tc_RyUfNtR6O9ltwbsoI0-863igh
WS_KEPULAUAN_YAMDENA_WETAR_KEI_ARU,JenisTanah,dbf,JenisTanah_WS_KEPULAUAN_YAMDENA_WETAR_KEI_ARU.dbf,1_xxgO7X9f7xjrxO2z0Odz2X1wmy060yT
WS_KEPULAUAN_YAMDENA_WETAR_KEI_ARU,JenisTanah,cpg,JenisTanah_WS_KEPULAUAN_YAMDENA_WETAR_KEI_ARU.cpg,1ahGPT8Mwg4w3OtSIjJHRl0rxTHc93bRB
WS_KEPULAUAN_YAMDENA_WETAR_KEI_ARU,JenisTanah,prj,JenisTanah_WS_KEPULAUAN_YAMDENA_WETAR_KEI_ARU.prj,1odXpn7EAgW8ikKbKANjXK4pcufpk4MrH
WS_KEPULAUAN_YAMDENA_WETAR_KEI_ARU,Erosi,cpg,Erosi_WS_KEPULAUAN_YAMDENA_WETAR_KEI_ARU.cpg,1YZNHKGE0eSl1PsIRi2mvLKhqTFLvR93h
WS_KEPULAUAN_YAMDENA_WETAR_KEI_ARU,Erosi,prj,Erosi_WS_KEPULAUAN_YAMDENA_WETAR_KEI_ARU.prj,1gVDHMcKst0qf7b6erDIeq-6klWaYguQ5
WS_KEPULAUAN_YAMDENA_WETAR_KEI_ARU,Erosi,shx,Erosi_WS_KEPULAUAN_YAMDENA_WETAR_KEI_ARU.shx,1KKp_C8Q5caPheGO2N4zaPRNlolk6qify
WS_KEPULAUAN_YAMDENA_WETAR_KEI_ARU,Erosi,dbf,Erosi_WS_KEPULAUAN_YAMDENA_WETAR_KEI_ARU.dbf,1sjQ1vNtKuFR8iblAitlkQ4yjkEYchTBG
WS_KEPULAUAN_YAMDENA_WETAR_KEI_ARU,Erosi,shp,Erosi_WS_KEPULAUAN_YAMDENA_WETAR_KEI_ARU.shp,1M5kkUd12nTdtDdBM20nHSvPjsS-xBxFw
WS_KUBU,RURHLDAS,cpg,RURHLDAS_WS_KUBU.cpg,1M_S2dAQbfMe4XPYrKVlQQz1OaELlFSQK
WS_KUBU,RURHLDAS,shx,RURHLDAS_WS_KUBU.shx,1I0_GfMA2oR3I0CpSx0aFQKFnsGkhsX_B
WS_KUBU,RURHLDAS,dbf,RURHLDAS_WS_KUBU.dbf,1nC5tNMccqSwVbkPuQ1sK1RcUhkMcsnLr
WS_KUBU,RURHLDAS,shp,RURHLDAS_WS_KUBU.shp,1eTTWsuYGEMOJ9g5IWl3rfplz07O0fceu
WS_KUBU,RURHLDAS,prj,RURHLDAS_WS_KUBU.prj,1ycmUL2UiFhkilOHkFBQFNoMPSHHrR6ds
WS_KUBU,TutupanLahan,shx,TutupanLahan_WS_KUBU.shx,1dHicPT7NMhLGpCaAiR1hknuVtQPqQoS3
WS_KUBU,TutupanLahan,dbf,TutupanLahan_WS_KUBU.dbf,1f_nnBU9ZbUhOykAhiva-gbEQvojauzvt
WS_KUBU,TutupanLahan,cpg,TutupanLahan_WS_KUBU.cpg,15p00GmCIgscVNLpCW3vHYGTLsBuXmL0k
WS_KUBU,TutupanLahan,prj,TutupanLahan_WS_KUBU.prj,1CQvpm1kiSzm1jqDBTgfHEr1csaq6mK_4
WS_KUBU,TutupanLahan,shp,TutupanLahan_WS_KUBU.shp,1_o8jtCA1twH-EDcgOHe9EZ1kBYkvxIXv
WS_KUBU,KawasanHutan,cpg,KawasanHutan_WS_KUBU.cpg,1k31BtwYy4h5nP7ziPsWWnx9lVFMhs-wK
WS_KUBU,KawasanHutan,dbf,KawasanHutan_WS_KUBU.dbf,1H9sySTJSqy9yRyEOUzbKasOEFcuoEraS
WS_KUBU,KawasanHutan,shx,KawasanHutan_WS_KUBU.shx,1zYSu44ABbrqz_XjO3PZkNuyX2ohvW9ck
WS_KUBU,KawasanHutan,prj,KawasanHutan_WS_KUBU.prj,1byO-PDmyt5aDxFgOjIm1ixcIBoBgp4PD
WS_KUBU,KawasanHutan,shp,KawasanHutan_WS_KUBU.shp,1dY9OzIvG3s5zSwS02TNWkEzcA0kiyM26
WS_KUBU,JenisTanah,shx,JenisTanah_WS_KUBU.shx,1eVS3ka3T5g5_twxhz0cFmcKf9jzt4qaJ
WS_KUBU,JenisTanah,prj,JenisTanah_WS_KUBU.prj,1PF4OxjikYZg4Uhl6J1REeWD4QgR1cEvh
WS_KUBU,JenisTanah,shp,JenisTanah_WS_KUBU.shp,1dK45GtuDhXl3yGx9Fs7aAQUSyPdjpKQb
WS_KUBU,JenisTanah,dbf,JenisTanah_WS_KUBU.dbf,1HMF8j0jG9E2c2JlaIMlYc7zDt8Gtx7zi
WS_KUBU,JenisTanah,cpg,JenisTanah_WS_KUBU.cpg,1sk0sW_ienacu3zmeQWtIfWIp7T9aUDMe
WS_KUBU,Erosi,cpg,Erosi_WS_KUBU.cpg,1hIXsNsn-YG-P0i7_06dLeFpAgplF2BdW
WS_KUBU,Erosi,shx,Erosi_WS_KUBU.shx,1ZiJwCJS8vCEGAsbeTgM-fk4tKjjLbZyL
WS_KUBU,Erosi,dbf,Erosi_WS_KUBU.dbf,13vpnOxXB9ZSAUBorVoGm-8FoZGKtFa6C
WS_KUBU,Erosi,shp,Erosi_WS_KUBU.shp,1aS1qFeQ3-yb36bezLrVGv-6rf-Mc_Wmb
WS_KUBU,Erosi,prj,Erosi_WS_KUBU.prj,1JBiRpKwp5sDQDriFM2_xLhmab-ndMaYx
WS_KEPULAUAN_MADURA,RURHLDAS,cpg,RURHLDAS_WS_KEPULAUAN_MADURA.cpg,1no1FP9ZF7BAAt9ofJJ4lE07pL5Lx_FCh
WS_KEPULAUAN_MADURA,RURHLDAS,shx,RURHLDAS_WS_KEPULAUAN_MADURA.shx,1aX7nxZNMECSn80SCp1yUBID2YK-ij4Sj
WS_KEPULAUAN_MADURA,RURHLDAS,shp,RURHLDAS_WS_KEPULAUAN_MADURA.shp,1vWhbMstBltZfrh8cETexhVkYqffhk8EX
WS_KEPULAUAN_MADURA,RURHLDAS,dbf,RURHLDAS_WS_KEPULAUAN_MADURA.dbf,1UIhO1MK1_PP7Jk49yiY0g4xgEPcY2b9M
WS_KEPULAUAN_MADURA,RURHLDAS,prj,RURHLDAS_WS_KEPULAUAN_MADURA.prj,1M4-LHByARg6IJsHFwaVImkqbPzlDrfsv
WS_KEPULAUAN_MADURA,TutupanLahan,shp,TutupanLahan_WS_KEPULAUAN_MADURA.shp,1enslX6D2lnqViH8HP3Aa_ZJKb1RPeuFr
WS_KEPULAUAN_MADURA,TutupanLahan,prj,TutupanLahan_WS_KEPULAUAN_MADURA.prj,1YytGqQ-P_pKUhlJny5mMlxbr9cJCgss4
WS_KEPULAUAN_MADURA,TutupanLahan,shx,TutupanLahan_WS_KEPULAUAN_MADURA.shx,1KpkM6oBQtxARFWphuvZDodG9aNqdTgyF
WS_KEPULAUAN_MADURA,TutupanLahan,dbf,TutupanLahan_WS_KEPULAUAN_MADURA.dbf,1MddDAfT23A9L2a9SDXCIestGyhPOfIS5
WS_KEPULAUAN_MADURA,TutupanLahan,cpg,TutupanLahan_WS_KEPULAUAN_MADURA.cpg,1j729vTtbsmk9Teqx2dcurGL90tobPflW
WS_KEPULAUAN_MADURA,KawasanHutan,shp,KawasanHutan_WS_KEPULAUAN_MADURA.shp,13YvFF1Oqf2RAZu7JyGvb0knKqsheVK1H
WS_KEPULAUAN_MADURA,KawasanHutan,cpg,KawasanHutan_WS_KEPULAUAN_MADURA.cpg,1YGBUKFf9dVcGqxLMF9ClVTGt60_3s-52
WS_KEPULAUAN_MADURA,KawasanHutan,shx,KawasanHutan_WS_KEPULAUAN_MADURA.shx,1l3UpFL9kKQj8Vc_pWKzeWQG9b9PutDFJ
WS_KEPULAUAN_MADURA,KawasanHutan,dbf,KawasanHutan_WS_KEPULAUAN_MADURA.dbf,1RbQ5ScfXi4b7pvzgIWqxwehymYfbAp1l
WS_KEPULAUAN_MADURA,KawasanHutan,prj,KawasanHutan_WS_KEPULAUAN_MADURA.prj,1Zc6a7O6noVYEOM0nmtWlKOfGBvWdyirq
WS_KEPULAUAN_MADURA,JenisTanah,dbf,JenisTanah_WS_KEPULAUAN_MADURA.dbf,1PCQsd0cKlPrX-qoBrijn2p-qR6vJ6kCB
WS_KEPULAUAN_MADURA,JenisTanah,prj,JenisTanah_WS_KEPULAUAN_MADURA.prj,1orEF30y9_DNpUCQ3G305_Cvll2TVS3UI
WS_KEPULAUAN_MADURA,JenisTanah,shx,JenisTanah_WS_KEPULAUAN_MADURA.shx,1tlu9nlnNfjgf5y6GC-BW9qL2x2rNgY_H
WS_KEPULAUAN_MADURA,JenisTanah,cpg,JenisTanah_WS_KEPULAUAN_MADURA.cpg,17Y100ny7uSSkKedWcBwMn6Vf475dgngS
WS_KEPULAUAN_MADURA,JenisTanah,shp,JenisTanah_WS_KEPULAUAN_MADURA.shp,19qTMNPy-OT8epDMfuTLcigodj9QNgOnq
WS_KEPULAUAN_MADURA,Erosi,shx,Erosi_WS_KEPULAUAN_MADURA.shx,1VMnSfsuV7mZ8zgIVU0N_PrcqMQd9zsdU
WS_KEPULAUAN_MADURA,Erosi,dbf,Erosi_WS_KEPULAUAN_MADURA.dbf,1g_nZTISTKNwBD0HCPPd1WHS8BMCSpiwj
WS_KEPULAUAN_MADURA,Erosi,shp,Erosi_WS_KEPULAUAN_MADURA.shp,11tD75SsRJHf0UGXZ-zDGgFCyXwLaFs48
WS_KEPULAUAN_MADURA,Erosi,cpg,Erosi_WS_KEPULAUAN_MADURA.cpg,1s84lWzEdcc0L60-quyY2PVEIzdWcfcfS
WS_KEPULAUAN_MADURA,Erosi,prj,Erosi_WS_KEPULAUAN_MADURA.prj,1WwjsnuyYqVavN_KfSoMgKyF1IudiQbO3
WS_KEPULAUAN_RIAU,RURHLDAS,shp,RURHLDAS_WS_KEPULAUAN_RIAU.shp,1lnjWL2Xc2msDsy1z1dIw_oEUL8h79Yzw
WS_KEPULAUAN_RIAU,RURHLDAS,dbf,RURHLDAS_WS_KEPULAUAN_RIAU.dbf,1EcGKCTKqqS-6uygku9paCdnxYR_DfmWx
WS_KEPULAUAN_RIAU,RURHLDAS,shx,RURHLDAS_WS_KEPULAUAN_RIAU.shx,13jfhs5AjpshwsD7vLJe66S7YhinN-vYc
WS_KEPULAUAN_RIAU,RURHLDAS,cpg,RURHLDAS_WS_KEPULAUAN_RIAU.cpg,18BbGJNL9tMp5yqVIPtnVVYBTsJzhxCTq
WS_KEPULAUAN_RIAU,RURHLDAS,prj,RURHLDAS_WS_KEPULAUAN_RIAU.prj,1smHvpWQTKAx75e-4bwMPMfxabaXY5kVp
WS_KEPULAUAN_RIAU,TutupanLahan,dbf,TutupanLahan_WS_KEPULAUAN_RIAU.dbf,11Nw5qmuZhtV_cvD95CYRiMeI1acRKrUh
WS_KEPULAUAN_RIAU,TutupanLahan,shp,TutupanLahan_WS_KEPULAUAN_RIAU.shp,1iZXS_lziEX31wOIkVnnGWoR14nxMlkpo
WS_KEPULAUAN_RIAU,TutupanLahan,shx,TutupanLahan_WS_KEPULAUAN_RIAU.shx,1DtU1OHuDnKNvy3GKTRaX8YiftJhsfkrJ
WS_KEPULAUAN_RIAU,TutupanLahan,cpg,TutupanLahan_WS_KEPULAUAN_RIAU.cpg,1zmXcFoP53jR-oyPO7RWYwwIblTJDf85y
WS_KEPULAUAN_RIAU,TutupanLahan,prj,TutupanLahan_WS_KEPULAUAN_RIAU.prj,1QtGaw_UJeD1xxxsazcLpoZfBn2qBBkwm
WS_KEPULAUAN_RIAU,KawasanHutan,cpg,KawasanHutan_WS_KEPULAUAN_RIAU.cpg,1Jb8bPKWAWJ9e1ETVDT6RQbd5aj-94khS
WS_KEPULAUAN_RIAU,KawasanHutan,prj,KawasanHutan_WS_KEPULAUAN_RIAU.prj,1CcmAmw2H0T_whPlHqstx0wMoDlmx7We4
WS_KEPULAUAN_RIAU,KawasanHutan,shp,KawasanHutan_WS_KEPULAUAN_RIAU.shp,1eocKgc_fUk3Xw2LZaDGWZJnTcFDuiV_x
WS_KEPULAUAN_RIAU,KawasanHutan,dbf,KawasanHutan_WS_KEPULAUAN_RIAU.dbf,18V6XEkD091UE13eS2cEHNTbMYHdWFqqK
WS_KEPULAUAN_RIAU,KawasanHutan,shx,KawasanHutan_WS_KEPULAUAN_RIAU.shx,16pFUt2Tz4PkSQAgiHH38n3UobjQc8h8Z
WS_KEPULAUAN_RIAU,JenisTanah,shp,JenisTanah_WS_KEPULAUAN_RIAU.shp,17m70cdfTjGrS1-BqvFUXxWLGF3AmwgMQ
WS_KEPULAUAN_RIAU,JenisTanah,cpg,JenisTanah_WS_KEPULAUAN_RIAU.cpg,1g7LpWK7P28Km64TD4kqXtThnHPArtDCW
WS_KEPULAUAN_RIAU,JenisTanah,shx,JenisTanah_WS_KEPULAUAN_RIAU.shx,1XFhgCqcusjl9Enuml8QYLaTBUt_5kKVW
WS_KEPULAUAN_RIAU,JenisTanah,dbf,JenisTanah_WS_KEPULAUAN_RIAU.dbf,1JUkHeLsj7bgt07nXAF3hv7WaMGg_TsNP
WS_KEPULAUAN_RIAU,JenisTanah,prj,JenisTanah_WS_KEPULAUAN_RIAU.prj,1A92Ca4mzUmIyKK7-lc_YFs3Z8SIisA0L
WS_KEPULAUAN_RIAU,Erosi,prj,Erosi_WS_KEPULAUAN_RIAU.prj,1CxR0wncjWRDgQsJG4CMxoBV6U3L2Dhbp
WS_KEPULAUAN_RIAU,Erosi,dbf,Erosi_WS_KEPULAUAN_RIAU.dbf,19-aUoYPAPd75KPzZPqKJvbSnKEu_DEsc
WS_KEPULAUAN_RIAU,Erosi,shp,Erosi_WS_KEPULAUAN_RIAU.shp,18DVnuJXm5AsZnwSog6b8fSmjJ_mDSkdh
WS_KEPULAUAN_RIAU,Erosi,cpg,Erosi_WS_KEPULAUAN_RIAU.cpg,1ZUlGnHNapreVDFYAu7BRc0FlLKZ8BCyD
WS_KEPULAUAN_RIAU,Erosi,shx,Erosi_WS_KEPULAUAN_RIAU.shx,1rXnzk8w5N0E26B4CSryLcXEY-wx2lZ7i
WS_KEPULAUAN_BANGGAI,RURHLDAS,shx,RURHLDAS_WS_KEPULAUAN_BANGGAI.shx,10Ve24ZZyCHs1oboev_uEwR7VLvD2-Cnl
WS_KEPULAUAN_BANGGAI,RURHLDAS,prj,RURHLDAS_WS_KEPULAUAN_BANGGAI.prj,1SkwUyOcp3iKcKROto-vMIpCMIBdEPSBY
WS_KEPULAUAN_BANGGAI,RURHLDAS,dbf,RURHLDAS_WS_KEPULAUAN_BANGGAI.dbf,1NTpuBbjrbGTf8nynUFjVAui_bqGlqq2H
WS_KEPULAUAN_BANGGAI,RURHLDAS,cpg,RURHLDAS_WS_KEPULAUAN_BANGGAI.cpg,1f887Z5z3IEhd03bSU3Nuj-du6DcwGmuj
WS_KEPULAUAN_BANGGAI,RURHLDAS,shp,RURHLDAS_WS_KEPULAUAN_BANGGAI.shp,11gIiqtD3DnXWZXw50UcR3w8NvdMFTJ2F
WS_KEPULAUAN_BANGGAI,TutupanLahan,shp,TutupanLahan_WS_KEPULAUAN_BANGGAI.shp,1PeYe8lCHD2o1NbmhCDAAZtHhiU5EdVjH
WS_KEPULAUAN_BANGGAI,TutupanLahan,dbf,TutupanLahan_WS_KEPULAUAN_BANGGAI.dbf,1fAVLQ6UGqCaH2XI6Z39RhoaVaGyrx0bP
WS_KEPULAUAN_BANGGAI,TutupanLahan,prj,TutupanLahan_WS_KEPULAUAN_BANGGAI.prj,1-K4Awg-HYGc4MqTNJL0_MUpdsUsHiJXM
WS_KEPULAUAN_BANGGAI,TutupanLahan,shx,TutupanLahan_WS_KEPULAUAN_BANGGAI.shx,1HVXileiIHmoDVE815fIb6Hm5cVs-k-UC
WS_KEPULAUAN_BANGGAI,TutupanLahan,cpg,TutupanLahan_WS_KEPULAUAN_BANGGAI.cpg,1KQ0EpmIk8Wbll_MYRf8X_UsomT3_Itpj
WS_KEPULAUAN_BANGGAI,KawasanHutan,dbf,KawasanHutan_WS_KEPULAUAN_BANGGAI.dbf,1NDBBzbnJVA3aopD751yZqxoOczhXjRvG
WS_KEPULAUAN_BANGGAI,KawasanHutan,cpg,KawasanHutan_WS_KEPULAUAN_BANGGAI.cpg,1kOmcilu3pnHc17qyF3bMzJw9ARuoxFzt
WS_KEPULAUAN_BANGGAI,KawasanHutan,prj,KawasanHutan_WS_KEPULAUAN_BANGGAI.prj,1wM2mYxeC-6iGz0wOwwN3VKYSwqD8NTrB
WS_KEPULAUAN_BANGGAI,KawasanHutan,shx,KawasanHutan_WS_KEPULAUAN_BANGGAI.shx,1XKxZ7GjEVE00t0yEtsGdkp5J6nUPt76t
WS_KEPULAUAN_BANGGAI,KawasanHutan,shp,KawasanHutan_WS_KEPULAUAN_BANGGAI.shp,19Bjsn3xgKUGCv2peXY5FLAscQtyQJaCz
WS_KEPULAUAN_BANGGAI,JenisTanah,shp,JenisTanah_WS_KEPULAUAN_BANGGAI.shp,1pRejnTnWiZiZMN0RmorgM28-rv9xBPhx
WS_KEPULAUAN_BANGGAI,JenisTanah,cpg,JenisTanah_WS_KEPULAUAN_BANGGAI.cpg,1wM2p1IumZIghDyqlqMduwn0W1TqbLtSl
WS_KEPULAUAN_BANGGAI,JenisTanah,prj,JenisTanah_WS_KEPULAUAN_BANGGAI.prj,1dtm8bfOlHeJ1ao7lgjhrZQyvduzUIkQr
WS_KEPULAUAN_BANGGAI,JenisTanah,dbf,JenisTanah_WS_KEPULAUAN_BANGGAI.dbf,1RSz1dugaunc9dsbuD1_vQ3YOCnqh5Skt
WS_KEPULAUAN_BANGGAI,JenisTanah,shx,JenisTanah_WS_KEPULAUAN_BANGGAI.shx,1BFfjtkAekdtima44pDSP1E4Mxif7GrDH
WS_KEPULAUAN_BANGGAI,Erosi,shx,Erosi_WS_KEPULAUAN_BANGGAI.shx,1JuUM8YF9QrGKzlpgbNjL6RkXnSIhIaFX
WS_KEPULAUAN_BANGGAI,Erosi,cpg,Erosi_WS_KEPULAUAN_BANGGAI.cpg,1KFFgFwQc-pPZtillV8rjZs9r8ErgV0UG
WS_KEPULAUAN_BANGGAI,Erosi,prj,Erosi_WS_KEPULAUAN_BANGGAI.prj,1mOSw6KzBvnbDONuxl7I-SXXPkrKkyysX
WS_KEPULAUAN_BANGGAI,Erosi,dbf,Erosi_WS_KEPULAUAN_BANGGAI.dbf,1Y8G_elFaYMDf6YgotAc_nRvBvrzNoPVV
WS_KEPULAUAN_BANGGAI,Erosi,shp,Erosi_WS_KEPULAUAN_BANGGAI.shp,13RvM_YxpYgDtzKznp4o326e8s3wAtxJM
WS_KEPULAUAN_KARIMUNJAWA,RURHLDAS,shx,RURHLDAS_WS_KEPULAUAN_KARIMUNJAWA.shx,1QkjAmay6L9yig3-I5nIC_c40J2mZlBvO
WS_KEPULAUAN_KARIMUNJAWA,RURHLDAS,prj,RURHLDAS_WS_KEPULAUAN_KARIMUNJAWA.prj,1nbS0s5kvHUu6DvhMWFyJwVyvOuZso6dN
WS_KEPULAUAN_KARIMUNJAWA,RURHLDAS,shp,RURHLDAS_WS_KEPULAUAN_KARIMUNJAWA.shp,1Dr3pDYdzX5LB_T36RIQtSMvPNix5Hmvs
WS_KEPULAUAN_KARIMUNJAWA,RURHLDAS,cpg,RURHLDAS_WS_KEPULAUAN_KARIMUNJAWA.cpg,1keP2FcDh8cADkUlaKCPZqFetaSsuvlJu
WS_KEPULAUAN_KARIMUNJAWA,RURHLDAS,dbf,RURHLDAS_WS_KEPULAUAN_KARIMUNJAWA.dbf,1yLThIf_0u7_X2VzwtmFALZJRuTKcnzKH
WS_KEPULAUAN_KARIMUNJAWA,TutupanLahan,shp,TutupanLahan_WS_KEPULAUAN_KARIMUNJAWA.shp,1Nd73YwhuY4JxTR9oX91aTmlbFfSJdYSu
WS_KEPULAUAN_KARIMUNJAWA,TutupanLahan,dbf,TutupanLahan_WS_KEPULAUAN_KARIMUNJAWA.dbf,1AbVk3cFKHSTT-g0Leh7zwDnEAsIowg8e
WS_KEPULAUAN_KARIMUNJAWA,TutupanLahan,shx,TutupanLahan_WS_KEPULAUAN_KARIMUNJAWA.shx,1cwbhLL6cLOwQN1CCpuNMWoJUKBbdS2Bs
WS_KEPULAUAN_KARIMUNJAWA,TutupanLahan,cpg,TutupanLahan_WS_KEPULAUAN_KARIMUNJAWA.cpg,1tvK1Er5rISCK8x2EfQSyln5HwxfO02df
WS_KEPULAUAN_KARIMUNJAWA,TutupanLahan,prj,TutupanLahan_WS_KEPULAUAN_KARIMUNJAWA.prj,1uIV8sDbQS6qSQfJnKiMy24bbZaJ3JzdO
WS_KEPULAUAN_KARIMUNJAWA,KawasanHutan,cpg,KawasanHutan_WS_KEPULAUAN_KARIMUNJAWA.cpg,1tGOrtegDFKNuz20Wo_JXlfOPFtmPiPBo
WS_KEPULAUAN_KARIMUNJAWA,KawasanHutan,dbf,KawasanHutan_WS_KEPULAUAN_KARIMUNJAWA.dbf,1dk-6fAASeaBvH715GeIT39BdtRCTHbSM
WS_KEPULAUAN_KARIMUNJAWA,KawasanHutan,shp,KawasanHutan_WS_KEPULAUAN_KARIMUNJAWA.shp,1cc9N6RG0852rGd4W7qCPGMEuVyXa-dz4
WS_KEPULAUAN_KARIMUNJAWA,KawasanHutan,shx,KawasanHutan_WS_KEPULAUAN_KARIMUNJAWA.shx,1mCgj6ulW6fkfzQocHtMLwBsAG-HpKHi0
WS_KEPULAUAN_KARIMUNJAWA,KawasanHutan,prj,KawasanHutan_WS_KEPULAUAN_KARIMUNJAWA.prj,1zW2BMGYDR8XFbjWZcUZyP0T6-7vnkKXb
WS_KEPULAUAN_KARIMUNJAWA,Erosi,shx,Erosi_WS_KEPULAUAN_KARIMUNJAWA.shx,1MIqJn1ErvyFOLOq5dE457BMFMgbh2D2O
WS_KEPULAUAN_KARIMUNJAWA,Erosi,shp,Erosi_WS_KEPULAUAN_KARIMUNJAWA.shp,1mii4iP2Uu9OyRAPNf-y6mMcvUUzjikkv
WS_KEPULAUAN_KARIMUNJAWA,Erosi,dbf,Erosi_WS_KEPULAUAN_KARIMUNJAWA.dbf,1qhXiD7T7jwoT9lE7suhElepAbuyGD-qJ
WS_KEPULAUAN_KARIMUNJAWA,Erosi,prj,Erosi_WS_KEPULAUAN_KARIMUNJAWA.prj,1nCpOt9FnRax_6mXStNiMsO55P-XWMQbR
WS_KEPULAUAN_KARIMUNJAWA,Erosi,cpg,Erosi_WS_KEPULAUAN_KARIMUNJAWA.cpg,1fcbNjtttoBm94hJPvk30KdUqMGmK6dKA
WS_KAPUAS,RURHLDAS,dbf,RURHLDAS_WS_KAPUAS.dbf,14qiYD9zUeyhs-KvXI-rOJoWi6mBzvzc8
WS_KAPUAS,RURHLDAS,shp,RURHLDAS_WS_KAPUAS.shp,1OivRkkX8fNFOgYEPbGRlAx4IeDQdwpI3
WS_KAPUAS,RURHLDAS,cpg,RURHLDAS_WS_KAPUAS.cpg,1OwUJYbh0T5lz0IP1NZdW4rAcVD4cCGzm
WS_KAPUAS,RURHLDAS,prj,RURHLDAS_WS_KAPUAS.prj,1_wwuSyc8Yij1VTH0XDiOqQghWwXqxQwz
WS_KAPUAS,RURHLDAS,shx,RURHLDAS_WS_KAPUAS.shx,1tsxVggQS0kVOFRgxJ_tYiw5Fh3y6XmEn
WS_KAPUAS,TutupanLahan,prj,TutupanLahan_WS_KAPUAS.prj,1-dEBAdo9r1n4mA04SjRgC3s-aTLx4WMj
WS_KAPUAS,TutupanLahan,shx,TutupanLahan_WS_KAPUAS.shx,1e4R5bTp213uiLJWlBanDBbRMaQ1_ukcF
WS_KAPUAS,TutupanLahan,shp,TutupanLahan_WS_KAPUAS.shp,1XQZHLO3DP8WXxZMR1i0lZg82Mw5tf-Zm
WS_KAPUAS,TutupanLahan,dbf,TutupanLahan_WS_KAPUAS.dbf,1614QJpJbIWHD9I6tnQLYbZs0Mge-FS4E
WS_KAPUAS,TutupanLahan,cpg,TutupanLahan_WS_KAPUAS.cpg,1piSDFAzt1yJkHlAyW6bHoSnhUtf0c5eP
WS_KAPUAS,KawasanHutan,dbf,KawasanHutan_WS_KAPUAS.dbf,1liXIQryXZZQAvsyupZhprIxn8OPuuYbR
WS_KAPUAS,KawasanHutan,cpg,KawasanHutan_WS_KAPUAS.cpg,1pTLl0Wo5UUpAZ7POkO2OQTJPC33HxRpf
WS_KAPUAS,KawasanHutan,shp,KawasanHutan_WS_KAPUAS.shp,1L25sSB7xrr49Pl94pAjxRvXD7kqeSdFH
WS_KAPUAS,KawasanHutan,prj,KawasanHutan_WS_KAPUAS.prj,1tV9HLVFKLBRt7E6vloourt7-goUNNkJV
WS_KAPUAS,KawasanHutan,shx,KawasanHutan_WS_KAPUAS.shx,1sPETGnUnuPtrWJm9JzTf9c8o-2ahP26c
WS_KAPUAS,JenisTanah,dbf,JenisTanah_WS_KAPUAS.dbf,1SEDjygQyhubG3TwlsJ7x1AW-7k19BmPC
WS_KAPUAS,JenisTanah,shx,JenisTanah_WS_KAPUAS.shx,1xvhHhoHwBl00bGmXHoz5euj5Xkdb0yh3
WS_KAPUAS,JenisTanah,shp,JenisTanah_WS_KAPUAS.shp,1mcZpGfFgEiHwjITaXRlQ8y6C6rELwSdc
WS_KAPUAS,JenisTanah,prj,JenisTanah_WS_KAPUAS.prj,13GuTcGKmngAi48LLj9OjnxiGoPSLSb67
WS_KAPUAS,JenisTanah,cpg,JenisTanah_WS_KAPUAS.cpg,1XhqiDWDqMx0vi0E56445ntKadB5KNbC5
WS_KAPUAS,Erosi,shp,Erosi_WS_KAPUAS.shp,1Z0pE5981BDmjRUgYT6fA9zqr_nFwOoxn
WS_KAPUAS,Erosi,dbf,Erosi_WS_KAPUAS.dbf,1zL2ohWphfCJLLnWEJFggushmRAXcs5eM
WS_KAPUAS,Erosi,shx,Erosi_WS_KAPUAS.shx,1aGNsPS6TTO7MOYjbo3l7kL4aYg58bQ8i
WS_KAPUAS,Erosi,cpg,Erosi_WS_KAPUAS.cpg,1ZxgkmvuS1BvrgjCbq3IhaTBupFTnIWUq
WS_KAPUAS,Erosi,prj,Erosi_WS_KAPUAS.prj,1HbzA00wvcPIW9HWYEQmumhk1k0bPTfnB
WS_KAYAN_BELAYAU,RURHLDAS,shx,RURHLDAS_WS_KAYAN_BELAYAU.shx,1_yt6UihWGBbsmbWn44WVSBUUmLHVAkD1
WS_KAYAN_BELAYAU,RURHLDAS,cpg,RURHLDAS_WS_KAYAN_BELAYAU.cpg,1yl5FFnvVsQx4aNoQ8ymLgd9oDQX49ZAL
WS_KAYAN_BELAYAU,RURHLDAS,dbf,RURHLDAS_WS_KAYAN_BELAYAU.dbf,1YGV_cRPHPF84N30AuSDl8hmanm7oYhHq
WS_KAYAN_BELAYAU,RURHLDAS,prj,RURHLDAS_WS_KAYAN_BELAYAU.prj,12FDowP-UJjlOn42qYJbxHSQ_p_HUMn7z
WS_KAYAN_BELAYAU,RURHLDAS,shp,RURHLDAS_WS_KAYAN_BELAYAU.shp,1wRrlL4rcKyN9uIK43xm6SFIJejDvZmd8
WS_KAYAN_BELAYAU,TutupanLahan,shx,TutupanLahan_WS_KAYAN_BELAYAU.shx,1e5KatOE6plgSz2kScewe-q0ha77kyv6e
WS_KAYAN_BELAYAU,TutupanLahan,shp,TutupanLahan_WS_KAYAN_BELAYAU.shp,16NcjlDskjtZ_UcEAerkJLIij7hATKFGs
WS_KAYAN_BELAYAU,TutupanLahan,dbf,TutupanLahan_WS_KAYAN_BELAYAU.dbf,1R8hOzSiRN_jUbYn9zDN7I8onLpXS6koZ
WS_KAYAN_BELAYAU,TutupanLahan,prj,TutupanLahan_WS_KAYAN_BELAYAU.prj,1gc1gvCsNqO9sQD_Qa6f-7JigH2kSgtkj
WS_KAYAN_BELAYAU,TutupanLahan,cpg,TutupanLahan_WS_KAYAN_BELAYAU.cpg,1qwojHPeXWS8_VlmclVO7-S-tvmmYS5gL
WS_KAYAN_BELAYAU,KawasanHutan,shp,KawasanHutan_WS_KAYAN_BELAYAU.shp,1Occ1vt3qvmm4qnrf1QU6e_7_w_C8ANtU
WS_KAYAN_BELAYAU,KawasanHutan,dbf,KawasanHutan_WS_KAYAN_BELAYAU.dbf,1vfAy6Wu8h9PBWaQyiWJsIKsEejnMcA0Y
WS_KAYAN_BELAYAU,KawasanHutan,prj,KawasanHutan_WS_KAYAN_BELAYAU.prj,1ezOJs6ze52LiGvwXjvL8aJ544ZAv81CB
WS_KAYAN_BELAYAU,KawasanHutan,shx,KawasanHutan_WS_KAYAN_BELAYAU.shx,17--6OcvIsnPi-iWV9_aCcBmZMaOqRz97
WS_KAYAN_BELAYAU,KawasanHutan,cpg,KawasanHutan_WS_KAYAN_BELAYAU.cpg,1iXPCzMXlg0R0wRJaKISz72rBdZ1ioQlG
WS_KAYAN_BELAYAU,JenisTanah,cpg,JenisTanah_WS_KAYAN_BELAYAU.cpg,1H7oaKMt2CLgA6C2y9-T-lAqrm29SnUKF
WS_KAYAN_BELAYAU,JenisTanah,dbf,JenisTanah_WS_KAYAN_BELAYAU.dbf,11BaSrkGbk1xstr4Yx8MpdPr66lnTDPdC
WS_KAYAN_BELAYAU,JenisTanah,prj,JenisTanah_WS_KAYAN_BELAYAU.prj,1uOfK3w3cnj-B5S1KcxLExmMa5xIGW0FJ
WS_KAYAN_BELAYAU,JenisTanah,shp,JenisTanah_WS_KAYAN_BELAYAU.shp,17lKTtuBvzdgc9J5dbIY6hlG2UL2loDSk
WS_KAYAN_BELAYAU,JenisTanah,shx,JenisTanah_WS_KAYAN_BELAYAU.shx,1bv3irqlGH3uPlI--_fHB6Fla4moG83Fo
WS_KAYAN_BELAYAU,Erosi,shp,Erosi_WS_KAYAN_BELAYAU.shp,1MpGKjrRiz1GI3XH8bOgBRwFy09RiT5O_
WS_KAYAN_BELAYAU,Erosi,dbf,Erosi_WS_KAYAN_BELAYAU.dbf,1BM8jNJut4QyHuubRF7GgXUyq4BTMFXVY
WS_KAYAN_BELAYAU,Erosi,prj,Erosi_WS_KAYAN_BELAYAU.prj,1Yl_yVYHwSsUUj8x-hMxixaWQiZQ6JCzP
WS_KAYAN_BELAYAU,Erosi,cpg,Erosi_WS_KAYAN_BELAYAU.cpg,1qiK32sww9OLRDhFljccp2z_HhdjNqXNA
WS_KAYAN_BELAYAU,Erosi,shx,Erosi_WS_KAYAN_BELAYAU.shx,1VlwvAM56N5znKLPfqVwvpkXx43Q8tU2V
WS_KALUKKU_KARAMA,RURHLDAS,shx,RURHLDAS_WS_KALUKKU_KARAMA.shx,15z6BRaMbadgWMDlx3kLsvFPVGqkzd4WN
WS_KALUKKU_KARAMA,RURHLDAS,shp,RURHLDAS_WS_KALUKKU_KARAMA.shp,1jMRzRFIzN9gJssstV2bUXzD4gyaHGgSW
WS_KALUKKU_KARAMA,RURHLDAS,dbf,RURHLDAS_WS_KALUKKU_KARAMA.dbf,10NEjPXztpSif9QYgFaDKT54lFY1kic6Z
WS_KALUKKU_KARAMA,RURHLDAS,prj,RURHLDAS_WS_KALUKKU_KARAMA.prj,1H4M-y5pw6LNpA08HJYkTy01thgtfZEEh
WS_KALUKKU_KARAMA,RURHLDAS,cpg,RURHLDAS_WS_KALUKKU_KARAMA.cpg,1JHQHDFd-o4V3Qni_JYYXt0VtEC92jp8W
WS_KALUKKU_KARAMA,TutupanLahan,shx,TutupanLahan_WS_KALUKKU_KARAMA.shx,1xhkIXdOJ6b3mp56XiO5uyPqLdH775yLr
WS_KALUKKU_KARAMA,TutupanLahan,dbf,TutupanLahan_WS_KALUKKU_KARAMA.dbf,1RQ4L2rbyJiM61Y5hTtNcniglVdsT6ihZ
WS_KALUKKU_KARAMA,TutupanLahan,shp,TutupanLahan_WS_KALUKKU_KARAMA.shp,1UqdxdExK0paSqmfas3AZxaywtrMXcZ0D
WS_KALUKKU_KARAMA,TutupanLahan,cpg,TutupanLahan_WS_KALUKKU_KARAMA.cpg,1a-9TX7cr6Bt72S9uHP0pT5dhE-U2Avqg
WS_KALUKKU_KARAMA,TutupanLahan,prj,TutupanLahan_WS_KALUKKU_KARAMA.prj,1Jt-HLQgy59idcUv5g42Lit8C36Zqqj01
WS_KALUKKU_KARAMA,KawasanHutan,shx,KawasanHutan_WS_KALUKKU_KARAMA.shx,1Vts784x2N7lASz2qxbvLy04ta4rCZ0Nr
WS_KALUKKU_KARAMA,KawasanHutan,dbf,KawasanHutan_WS_KALUKKU_KARAMA.dbf,1n18FKX3H-JCm-QowoLVYvZIK5P0ZGwOU
WS_KALUKKU_KARAMA,KawasanHutan,cpg,KawasanHutan_WS_KALUKKU_KARAMA.cpg,1GF-xJCt65M2XkLDqijzSUdYxvxwjPeub
WS_KALUKKU_KARAMA,KawasanHutan,shp,KawasanHutan_WS_KALUKKU_KARAMA.shp,1Gqk1QMh9ZNDiee7Q9FS93plGH3o32xE1
WS_KALUKKU_KARAMA,KawasanHutan,prj,KawasanHutan_WS_KALUKKU_KARAMA.prj,1xHYpjrSOLYqFe_fa-FBH_nHloLjRODvc
WS_KALUKKU_KARAMA,JenisTanah,prj,JenisTanah_WS_KALUKKU_KARAMA.prj,1SllpD_yJ0knQ4LvWK3O1Pf529HVKbLmH
WS_KALUKKU_KARAMA,JenisTanah,dbf,JenisTanah_WS_KALUKKU_KARAMA.dbf,14I6IuGui_QW949ZuERJNcnKTm1VO2My7
WS_KALUKKU_KARAMA,JenisTanah,shx,JenisTanah_WS_KALUKKU_KARAMA.shx,113L6uOkceKvzAwmYG04IUgry10QO-J_4
WS_KALUKKU_KARAMA,JenisTanah,shp,JenisTanah_WS_KALUKKU_KARAMA.shp,1LE62PfO-osGgIYEy8tQefoFB4-vRp3bU
WS_KALUKKU_KARAMA,JenisTanah,cpg,JenisTanah_WS_KALUKKU_KARAMA.cpg,1myuhOfFA15OdHxdwEIRfCY7-5Doud89f
WS_KALUKKU_KARAMA,Erosi,prj,Erosi_WS_KALUKKU_KARAMA.prj,19iOu0hMHHIRNyXdyVXW75i5BnBcvB6Hh
WS_KALUKKU_KARAMA,Erosi,shx,Erosi_WS_KALUKKU_KARAMA.shx,1KfVbH2F20mjTriuomaaTqq8I81WHQ-8C
WS_KALUKKU_KARAMA,Erosi,cpg,Erosi_WS_KALUKKU_KARAMA.cpg,1dffZpyihqqOMsiu33vs496famqOeVskp
WS_KALUKKU_KARAMA,Erosi,shp,Erosi_WS_KALUKKU_KARAMA.shp,1Xr72_Iwv7m1gXQr7frE2Bh6hJnP-8bKG
WS_KALUKKU_KARAMA,Erosi,dbf,Erosi_WS_KALUKKU_KARAMA.dbf,1sVIlQr5F0QRzwfp9EUY56Qe6HljrjHrY
WS_KAMUNDAN_SEBYAR,RURHLDAS,cpg,RURHLDAS_WS_KAMUNDAN_SEBYAR.cpg,1K_YeR0HJfj-IjuiUxc2k65TkPeQzOlbw
WS_KAMUNDAN_SEBYAR,RURHLDAS,prj,RURHLDAS_WS_KAMUNDAN_SEBYAR.prj,1iS0F4s4RVKTULtHWgosyG1-ZPuH1dLuz
WS_KAMUNDAN_SEBYAR,RURHLDAS,shx,RURHLDAS_WS_KAMUNDAN_SEBYAR.shx,1OYp-3TEfmqbDYXFqeNuCZXPeWpHqoHZA
WS_KAMUNDAN_SEBYAR,RURHLDAS,dbf,RURHLDAS_WS_KAMUNDAN_SEBYAR.dbf,10GoBniq-Qn-Pt9PHQN0JDO-hwsylDm9I
WS_KAMUNDAN_SEBYAR,RURHLDAS,shp,RURHLDAS_WS_KAMUNDAN_SEBYAR.shp,1vXAHVAwj9GAAw5lsYxGE_1yx1VEb022e
WS_KAMUNDAN_SEBYAR,TutupanLahan,dbf,TutupanLahan_WS_KAMUNDAN_SEBYAR.dbf,1O65yYl0oZpX0jnBdsl_zAl8250ThqzDO
WS_KAMUNDAN_SEBYAR,TutupanLahan,shx,TutupanLahan_WS_KAMUNDAN_SEBYAR.shx,1DaRqvHpMo60ixOWFwiheCKtQcm687zKE
WS_KAMUNDAN_SEBYAR,TutupanLahan,shp,TutupanLahan_WS_KAMUNDAN_SEBYAR.shp,1tDoXrDypVYNW8gRpZiwBT66UWzN5FJJ8
WS_KAMUNDAN_SEBYAR,TutupanLahan,cpg,TutupanLahan_WS_KAMUNDAN_SEBYAR.cpg,1JGhfveDSV8QcXTOqt3I_FcxUVczGKGE-
WS_KAMUNDAN_SEBYAR,TutupanLahan,prj,TutupanLahan_WS_KAMUNDAN_SEBYAR.prj,1wgMsMrVYH2HBhNUo-QbVSjIgvoGo-FAj
WS_KAMUNDAN_SEBYAR,KawasanHutan,shx,KawasanHutan_WS_KAMUNDAN_SEBYAR.shx,1HAVePBK_uQOrO3C_joWyr-tv9OGfJvoD
WS_KAMUNDAN_SEBYAR,KawasanHutan,shp,KawasanHutan_WS_KAMUNDAN_SEBYAR.shp,1FiUuN5kTPezX_Uqf7x0lBnxhk-NB1V6y
WS_KAMUNDAN_SEBYAR,KawasanHutan,dbf,KawasanHutan_WS_KAMUNDAN_SEBYAR.dbf,1q9ZNm392g8S6zy54qO9b7nvVqK70iAcG
WS_KAMUNDAN_SEBYAR,KawasanHutan,prj,KawasanHutan_WS_KAMUNDAN_SEBYAR.prj,1z32RuITd6h1woxr5wnu_lHnOX85zNgc0
WS_KAMUNDAN_SEBYAR,KawasanHutan,cpg,KawasanHutan_WS_KAMUNDAN_SEBYAR.cpg,1LYx-79mxqSBabCn927_BEqLgJdoTlbBe
WS_KAMUNDAN_SEBYAR,JenisTanah,prj,JenisTanah_WS_KAMUNDAN_SEBYAR.prj,13lDiRXEEjoLxnhsv83A4G6WVc_UfWzhU
WS_KAMUNDAN_SEBYAR,JenisTanah,shx,JenisTanah_WS_KAMUNDAN_SEBYAR.shx,1mh7wR39EGjJejbmF3cbVC5hUcA-tN4o9
WS_KAMUNDAN_SEBYAR,JenisTanah,cpg,JenisTanah_WS_KAMUNDAN_SEBYAR.cpg,1LTCtkChyzUfBpSa8kp9grOSxxNmxQ1OA
WS_KAMUNDAN_SEBYAR,JenisTanah,shp,JenisTanah_WS_KAMUNDAN_SEBYAR.shp,1AVp9bmQysVndCJK3ZyzrG3dIoQ6RJR5U
WS_KAMUNDAN_SEBYAR,JenisTanah,dbf,JenisTanah_WS_KAMUNDAN_SEBYAR.dbf,1At6CqJbbnJOKoeWAgHjaouw_LX09MkqE
WS_KAMUNDAN_SEBYAR,Erosi,dbf,Erosi_WS_KAMUNDAN_SEBYAR.dbf,1PZJ0WoVOPYBcP_FYZjgKjs-fIiGGkJnd
WS_KAMUNDAN_SEBYAR,Erosi,prj,Erosi_WS_KAMUNDAN_SEBYAR.prj,1Fjpieif9QwNNa1KtLMSbwYIzJOcP_XBf
WS_KAMUNDAN_SEBYAR,Erosi,shp,Erosi_WS_KAMUNDAN_SEBYAR.shp,15UP8XmHbu2HskMS_Adun3dboUmbjXKqH
WS_KAMUNDAN_SEBYAR,Erosi,shx,Erosi_WS_KAMUNDAN_SEBYAR.shx,1F2dj_MXTjD8YdaaBugaeBDThRbEyUMCX
WS_KAMUNDAN_SEBYAR,Erosi,cpg,Erosi_WS_KAMUNDAN_SEBYAR.cpg,1qrmdo4FV4j2mFldW4WFhWcqtgNSCSezw
WS_KENDILO,RURHLDAS,shx,RURHLDAS_WS_KENDILO.shx,1Wz3OT9aJrbH4Q1zFmyfzJyMkkN-h9Unv
WS_KENDILO,RURHLDAS,prj,RURHLDAS_WS_KENDILO.prj,1yb_wAhlDBdaA_vHJxPBUpkzNzyaqnH6g
WS_KENDILO,RURHLDAS,cpg,RURHLDAS_WS_KENDILO.cpg,1bF5E4pLwtFJhbUOG-TFZYO08RAuoWT0H
WS_KENDILO,RURHLDAS,shp,RURHLDAS_WS_KENDILO.shp,1t6wKNLjKo7ZRT5ey1Lg-k7nYZ4NEWfR_
WS_KENDILO,RURHLDAS,dbf,RURHLDAS_WS_KENDILO.dbf,1xOMRzTugqyMVubGvTNSdmZhG1AARmJBE
WS_KENDILO,TutupanLahan,dbf,TutupanLahan_WS_KENDILO.dbf,1ToLHymwEnk4ZLQDYJg-nGoTcGENJT79W
WS_KENDILO,TutupanLahan,cpg,TutupanLahan_WS_KENDILO.cpg,1LHOx9dQ1ZcPEVIZSJDHiyDRav6JiBGDf
WS_KENDILO,TutupanLahan,prj,TutupanLahan_WS_KENDILO.prj,1bMx5gBtGqVFAk9feasJejj7w98ZkoR33
WS_KENDILO,TutupanLahan,shp,TutupanLahan_WS_KENDILO.shp,1nnMcNqKJo3pd1C9keFrUkVMRVwJcme0_
WS_KENDILO,TutupanLahan,shx,TutupanLahan_WS_KENDILO.shx,19-22HZA77kYOm1uBbRenzdhDcD1XmQ9A
WS_KENDILO,KawasanHutan,shx,KawasanHutan_WS_KENDILO.shx,1us2x0nSuMJ6WCOl3tVGFrwXf4HrS1mWc
WS_KENDILO,KawasanHutan,dbf,KawasanHutan_WS_KENDILO.dbf,179vSidt5Qs1ahTysmxUoWEZgHApC8wIE
WS_KENDILO,KawasanHutan,shp,KawasanHutan_WS_KENDILO.shp,1Amf4WxRwQNfzVheI_bW68t5LD60SK1dl
WS_KENDILO,KawasanHutan,prj,KawasanHutan_WS_KENDILO.prj,1dc9Qd0NdLDvzD6cv2o_cZhdvjhB6pJW-
WS_KENDILO,KawasanHutan,cpg,KawasanHutan_WS_KENDILO.cpg,1Rk1d2dagREeWsNZSHxqmDx78_S28yvDK
WS_KENDILO,JenisTanah,shp,JenisTanah_WS_KENDILO.shp,1tQ7Lu8uvoQSERYZH6d4JkAbHy8pRWY2O
WS_KENDILO,JenisTanah,shx,JenisTanah_WS_KENDILO.shx,180iC5NqFcdgVfZrw-r0FZk01hJTlsUpP
WS_KENDILO,JenisTanah,dbf,JenisTanah_WS_KENDILO.dbf,1Up97N1lrR-I3FuC9ASbdHumJOH6LjIr2
WS_KENDILO,JenisTanah,cpg,JenisTanah_WS_KENDILO.cpg,1-DMJsOI1EXT0lMoapvljxTEoKa1mOPda
WS_KENDILO,JenisTanah,prj,JenisTanah_WS_KENDILO.prj,1zo3C08yzwik6F2MoF-cB5xptp8v1HL2P
WS_KENDILO,Erosi,prj,Erosi_WS_KENDILO.prj,16nbq2dcsN_pMEs4oBS_wtqktswdo3vFW
WS_KENDILO,Erosi,dbf,Erosi_WS_KENDILO.dbf,1F8iSEQfiwZ16DnAdKSd3vTYMV2RAdghq
WS_KENDILO,Erosi,cpg,Erosi_WS_KENDILO.cpg,1iUDAOXuP76IIFKciXhrh53przzEA6g55
WS_KENDILO,Erosi,shp,Erosi_WS_KENDILO.shp,1xhX1faQNNbpwDHpVrWaMh6j6j6mJzcD0
WS_KENDILO,Erosi,shx,Erosi_WS_KENDILO.shx,1uarhhaDWknUUgATc5yvdER0GB_T2SVYq
WS_JENEBERANG,RURHLDAS,dbf,RURHLDAS_WS_JENEBERANG.dbf,1EQqddHFB1GJMlvX00oCK7Pbc3Eowdiqr
WS_JENEBERANG,RURHLDAS,shp,RURHLDAS_WS_JENEBERANG.shp,1OE-JnMFZIQI_quc92ol0G-xtJ94xSX7w
WS_JENEBERANG,RURHLDAS,prj,RURHLDAS_WS_JENEBERANG.prj,145UZG_y1xylbYzJZiiuUK02d7UM1F1Ax
WS_JENEBERANG,RURHLDAS,cpg,RURHLDAS_WS_JENEBERANG.cpg,11sqxP5JYPdBjBu5yxsW534HUOpREC3Nt
WS_JENEBERANG,RURHLDAS,shx,RURHLDAS_WS_JENEBERANG.shx,1UA7_NKXey64D-GNloSLHHE4BXeWr4fvO
WS_JENEBERANG,TutupanLahan,prj,TutupanLahan_WS_JENEBERANG.prj,1MRvXLFEUgjGkqqFjFB9cdrOAbuI8Mv_W
WS_JENEBERANG,TutupanLahan,dbf,TutupanLahan_WS_JENEBERANG.dbf,1ZvtW-s14UiHfj5tLRAP-eccQwJt3ntos
WS_JENEBERANG,TutupanLahan,shp,TutupanLahan_WS_JENEBERANG.shp,19H5V1STjiWmI_2lnfQMLi0r4NxuIBBTj
WS_JENEBERANG,TutupanLahan,cpg,TutupanLahan_WS_JENEBERANG.cpg,1L9gwNf-IaIoUBl7rSkCUEacJgXS0e1jd
WS_JENEBERANG,TutupanLahan,shx,TutupanLahan_WS_JENEBERANG.shx,1ma4felFavaoCsX6nFQDvgia5hurubzGI
WS_JENEBERANG,KawasanHutan,dbf,KawasanHutan_WS_JENEBERANG.dbf,1rwM9umaLqGmsj3TKHQU1ieHtyzgePOH9
WS_JENEBERANG,KawasanHutan,shx,KawasanHutan_WS_JENEBERANG.shx,1ZV_i8VjMJeYbiwW8AUZUgmtZuZg3zehf
WS_JENEBERANG,KawasanHutan,prj,KawasanHutan_WS_JENEBERANG.prj,1nLtKvHDxLWJAm1dSZYbtzW-uzUIf9Tab
WS_JENEBERANG,KawasanHutan,shp,KawasanHutan_WS_JENEBERANG.shp,1pCaWI-ZrKYb3I4idh5qv-cSg3NO7zT8l
WS_JENEBERANG,KawasanHutan,cpg,KawasanHutan_WS_JENEBERANG.cpg,1bOSZvvzLy59aI5qztrBgPeSskcE8mbX9
WS_JENEBERANG,JenisTanah,cpg,JenisTanah_WS_JENEBERANG.cpg,1M66tF7u4IbuM1BjMJzLs-OkI9H3lqKfN
WS_JENEBERANG,JenisTanah,shx,JenisTanah_WS_JENEBERANG.shx,1Oz9hGPdiphqhCLAG0ySs931BKbgeTLom
WS_JENEBERANG,JenisTanah,shp,JenisTanah_WS_JENEBERANG.shp,1jk-nZcooMTYkYukuNbdm2RfxsuoyadXO
WS_JENEBERANG,JenisTanah,dbf,JenisTanah_WS_JENEBERANG.dbf,138eOAChD9no2DxYeT7UFCreVdR--DhOJ
WS_JENEBERANG,JenisTanah,prj,JenisTanah_WS_JENEBERANG.prj,1yRSRHCwnjeZr2kPY9O_JAA7pRWR1rYdR
WS_JENEBERANG,Erosi,shx,Erosi_WS_JENEBERANG.shx,11QSGbACduYgWa8c1Wu8RlIC8AnwoyQmG
WS_JENEBERANG,Erosi,shp,Erosi_WS_JENEBERANG.shp,1dm2mch1iynVHrPyVfg-N9M3ho8PE8j86
WS_JENEBERANG,Erosi,prj,Erosi_WS_JENEBERANG.prj,1Uk0sqPIz995CaCj5uOVPiUBqHqnlnO04
WS_JENEBERANG,Erosi,cpg,Erosi_WS_JENEBERANG.cpg,1pJ5UZffihq9YXQX3Uw8jiYZmRSEdvAdG
WS_JENEBERANG,Erosi,dbf,Erosi_WS_JENEBERANG.dbf,1AsPGLQ7nbXIG78VSzCh5wgMpBVbnRXuh
WS_KARANGAN,RURHLDAS,cpg,RURHLDAS_WS_KARANGAN.cpg,1Nb6Q_cSFa6nUqIBwwOdcujf62-syKBWF
WS_KARANGAN,RURHLDAS,shx,RURHLDAS_WS_KARANGAN.shx,1_m4DDJ6i6IfCOSS6S_gauxuFQFID5rER
WS_KARANGAN,RURHLDAS,prj,RURHLDAS_WS_KARANGAN.prj,1jrCKQqbKNWmAxVAY0ExiyL3rKL4ToLQy
WS_KARANGAN,RURHLDAS,shp,RURHLDAS_WS_KARANGAN.shp,1bw58y9k96eeXSvs7t0-Dh4D85467Xtce
WS_KARANGAN,RURHLDAS,dbf,RURHLDAS_WS_KARANGAN.dbf,1e8Cgq4aL69uihTI42eaYqXBfz27syh7D
WS_KARANGAN,TutupanLahan,dbf,TutupanLahan_WS_KARANGAN.dbf,1d7NcC6AaZRuqfgHgOLiXqtjRDzT9tv0i
WS_KARANGAN,TutupanLahan,shp,TutupanLahan_WS_KARANGAN.shp,1MX9OYg4_hb0te1csnnc15g9d9v_A4mhk
WS_KARANGAN,TutupanLahan,shx,TutupanLahan_WS_KARANGAN.shx,1wlfWWV61Y3WEDFa9lIJNM5R4LeyFDayv
WS_KARANGAN,TutupanLahan,prj,TutupanLahan_WS_KARANGAN.prj,1JEAMs4Ws9y3Ue8DSiSOR3w9HCJ8s-7Q0
WS_KARANGAN,TutupanLahan,cpg,TutupanLahan_WS_KARANGAN.cpg,1rvi2412bVelM0xmkOXRTnhTFI8gCgBBk
WS_KARANGAN,KawasanHutan,cpg,KawasanHutan_WS_KARANGAN.cpg,1554yzvAHtoR01uEoTslbgwCviZ5Y1gv2
WS_KARANGAN,KawasanHutan,dbf,KawasanHutan_WS_KARANGAN.dbf,1upSuIkW1l9ULoIHBHYtuKd2TVyGeioGB
WS_KARANGAN,KawasanHutan,prj,KawasanHutan_WS_KARANGAN.prj,1QNK6tPIzqPmILb22xE3PlWd88K4pziRe
WS_KARANGAN,KawasanHutan,shx,KawasanHutan_WS_KARANGAN.shx,1ScYap-Tt2I53i0Al_Kkbv65HatGja8k-
WS_KARANGAN,KawasanHutan,shp,KawasanHutan_WS_KARANGAN.shp,1z6MFOIoRArjPdiF_kRKsHlxQ5-nYfQCD
WS_KARANGAN,JenisTanah,dbf,JenisTanah_WS_KARANGAN.dbf,1QH3Kk1uVhiHaoVJz-9WzbkxD-AWjNfwS
WS_KARANGAN,JenisTanah,shx,JenisTanah_WS_KARANGAN.shx,1FFnwFgLsOexLDV1OH1pIPEPZhzGr57mV
WS_KARANGAN,JenisTanah,prj,JenisTanah_WS_KARANGAN.prj,1GMNS_4wCeFbtFbtAoprCWpGyekD6hfbY
WS_KARANGAN,JenisTanah,shp,JenisTanah_WS_KARANGAN.shp,10fGZwyb6XOLX0e1JlptOoOcxo8-K48j6
WS_KARANGAN,JenisTanah,cpg,JenisTanah_WS_KARANGAN.cpg,1rmf5vJrUzu8Oc9tedxcB5IC3CS8Ne-nU
WS_KARANGAN,Erosi,dbf,Erosi_WS_KARANGAN.dbf,1UyY2uWE67ch7vM0UDETzY7neE1X-MJsq
WS_KARANGAN,Erosi,cpg,Erosi_WS_KARANGAN.cpg,1UPPmuvmg1p2tIPJrp5-uu9Y0mY0OuslW
WS_KARANGAN,Erosi,prj,Erosi_WS_KARANGAN.prj,1FZ6ZigSugY8ua048UowiStatVjJwugRv
WS_KARANGAN,Erosi,shx,Erosi_WS_KARANGAN.shx,1BhyBDGoXcoxhUbyS-dNEqHqSCZOTRJj-
WS_KARANGAN,Erosi,shp,Erosi_WS_KARANGAN.shp,1IcNMmH3d4D-DCHOZkYLDM-K-McKcFejo
WS_KAMPAR,RURHLDAS,prj,RURHLDAS_WS_KAMPAR.prj,1NYOwNLPK_bpN0aPYkp0O2BkmnZj4a1Oo
WS_KAMPAR,RURHLDAS,cpg,RURHLDAS_WS_KAMPAR.cpg,1_nxASBWiEHFWx7HOSHc7DKp9AWlOzLKx
WS_KAMPAR,RURHLDAS,shp,RURHLDAS_WS_KAMPAR.shp,15v69Gza6kemXTUTsO22S1j2QNn7BsKG8
WS_KAMPAR,RURHLDAS,shx,RURHLDAS_WS_KAMPAR.shx,1ryRYaYF0O4kLeVIhukHw7JqfcZMPutel
WS_KAMPAR,RURHLDAS,dbf,RURHLDAS_WS_KAMPAR.dbf,17ikMW6RnsxqxHN9CZKmYHyjgzgf59GWb
WS_KAMPAR,TutupanLahan,dbf,TutupanLahan_WS_KAMPAR.dbf,1Ce9aX60NvZ25lGPeNSDor3GwDoFgQI7F
WS_KAMPAR,TutupanLahan,shx,TutupanLahan_WS_KAMPAR.shx,1owMKvPs88LU7VJwccqdd-pRCHF2HG1TM
WS_KAMPAR,TutupanLahan,cpg,TutupanLahan_WS_KAMPAR.cpg,13_xNZVummNWnZGE7WtlKZVr9vXU18LWD
WS_KAMPAR,TutupanLahan,shp,TutupanLahan_WS_KAMPAR.shp,1JMaykly55FFthpsfan2d1vuZZRvaGwfa
WS_KAMPAR,TutupanLahan,prj,TutupanLahan_WS_KAMPAR.prj,1f5PEz637HCJhBBLu0owGMm_WQoR8t8pq
WS_KAMPAR,KawasanHutan,cpg,KawasanHutan_WS_KAMPAR.cpg,1vYaWQgZHmH1fCOh517LfJ-9ZNp0tzhT3
WS_KAMPAR,KawasanHutan,shx,KawasanHutan_WS_KAMPAR.shx,1lL0LIfnZFrzT9rH1Y-AxwMqNYl-gzoAW
WS_KAMPAR,KawasanHutan,dbf,KawasanHutan_WS_KAMPAR.dbf,1kovJQWEBVSBEgM8chIStivIMqPrbSPKN
WS_KAMPAR,KawasanHutan,shp,KawasanHutan_WS_KAMPAR.shp,1Mgp6gD5JOeNav2DlCKibU0BaMHeArlJu
WS_KAMPAR,KawasanHutan,prj,KawasanHutan_WS_KAMPAR.prj,1M5vjZfcQk7s1hM4kgMbGEs0NfNBpq0hA
WS_KAMPAR,JenisTanah,cpg,JenisTanah_WS_KAMPAR.cpg,1_2aeUT22MBHmlJTeZr_OxaxkcdisvLuN
WS_KAMPAR,JenisTanah,shx,JenisTanah_WS_KAMPAR.shx,10231UaQHQ-MXkcEwL6KD3Apzbbd20vJN
WS_KAMPAR,JenisTanah,shp,JenisTanah_WS_KAMPAR.shp,123nuvaSnUORmWu_p603pW8oB1ZBGFoOu
WS_KAMPAR,JenisTanah,dbf,JenisTanah_WS_KAMPAR.dbf,1oZSSQI-EhqO4FrymVD2At9AT5hjhDAAX
WS_KAMPAR,JenisTanah,prj,JenisTanah_WS_KAMPAR.prj,14x7BrTGSsaNpZv7Ik5fnhjLAkGdP0sCW
WS_KAMPAR,Erosi,shx,Erosi_WS_KAMPAR.shx,1bNP3h8LJ_vQ07Oh3vufk0-cuNXSROkVH
WS_KAMPAR,Erosi,shp,Erosi_WS_KAMPAR.shp,1MXX3Ic664-bhzdEYpMxFbVtNFM41Yn2P
WS_KAMPAR,Erosi,prj,Erosi_WS_KAMPAR.prj,1MlPvSAFmdRYAv85bbGXVERVRnqFbumlG
WS_KAMPAR,Erosi,dbf,Erosi_WS_KAMPAR.dbf,1CUNxQJhWDjpQZ3ly4gs7CgkP08mV0kWQ
WS_KAMPAR,Erosi,cpg,Erosi_WS_KAMPAR.cpg,1f8-Q7GqfSNvfhkiKDkPi92yH6M7Bn1K2
WS_JRATUNSELUNA,RURHLDAS,shp,RURHLDAS_WS_JRATUNSELUNA.shp,1HW6z3bF4X6Pbf2rpCebLHJdai9mXz5ct
WS_JRATUNSELUNA,RURHLDAS,cpg,RURHLDAS_WS_JRATUNSELUNA.cpg,10VLQGsgqTY4ZkIUhC7AETFfwGW2dgJ5g
WS_JRATUNSELUNA,RURHLDAS,dbf,RURHLDAS_WS_JRATUNSELUNA.dbf,12XnhE0utgdewWg8ZAidsqks1qDWDK-RB
WS_JRATUNSELUNA,RURHLDAS,prj,RURHLDAS_WS_JRATUNSELUNA.prj,1DXfg35VmL6sYyHppe4v585WyUNkJe9rF
WS_JRATUNSELUNA,RURHLDAS,shx,RURHLDAS_WS_JRATUNSELUNA.shx,1FHN4_JHQgAc_9xGm4symxwifP5a-5NNk
WS_JRATUNSELUNA,TutupanLahan,prj,TutupanLahan_WS_JRATUNSELUNA.prj,14V_u7z_kqoHl0dEKeXPteQRbyYj9e5Gu
WS_JRATUNSELUNA,TutupanLahan,cpg,TutupanLahan_WS_JRATUNSELUNA.cpg,1Sn8KLt8zhgKPPu1F_b4ST5NqWZEWLs7n
WS_JRATUNSELUNA,TutupanLahan,shx,TutupanLahan_WS_JRATUNSELUNA.shx,1WtYg7SPTjrJ9QwyJh8jAAcRZZhST3vYm
WS_JRATUNSELUNA,TutupanLahan,dbf,TutupanLahan_WS_JRATUNSELUNA.dbf,15YEa3xyTJERmCiZQhg17fZ1c8j-zSCHB
WS_JRATUNSELUNA,TutupanLahan,shp,TutupanLahan_WS_JRATUNSELUNA.shp,1C0Tb90nsd7Srs7hWZnXa5ogfDw9B7i0e
WS_JRATUNSELUNA,KawasanHutan,prj,KawasanHutan_WS_JRATUNSELUNA.prj,1trI3BrXg6mJ6Tsm3EqopIDK6vCcxfTj5
WS_JRATUNSELUNA,KawasanHutan,shp,KawasanHutan_WS_JRATUNSELUNA.shp,1NPUzRQTuEsczl0PaxkZXwL19GXM1yowX
WS_JRATUNSELUNA,KawasanHutan,shx,KawasanHutan_WS_JRATUNSELUNA.shx,1-c4z7Tk8rvcHniBvwCt7yHjyeiXFbllY
WS_JRATUNSELUNA,KawasanHutan,cpg,KawasanHutan_WS_JRATUNSELUNA.cpg,16L_LfoM1oAcANX9N7GOFyTNz842x8IRs
WS_JRATUNSELUNA,KawasanHutan,dbf,KawasanHutan_WS_JRATUNSELUNA.dbf,1n8pzy_L4IZh0sgENKRuM1wPxiccwQSJy
WS_JRATUNSELUNA,JenisTanah,shp,JenisTanah_WS_JRATUNSELUNA.shp,1LxJv-n9et-HN7wqkRTqVaJGttXj9-pp-
WS_JRATUNSELUNA,JenisTanah,shx,JenisTanah_WS_JRATUNSELUNA.shx,1V56_ulVPBxE7wluddHPPBTcaP7RFhSbq
WS_JRATUNSELUNA,JenisTanah,prj,JenisTanah_WS_JRATUNSELUNA.prj,1WUDCeZQIHSlLc4nyvy2zQNp1PxZmKrZm
WS_JRATUNSELUNA,JenisTanah,cpg,JenisTanah_WS_JRATUNSELUNA.cpg,1FwXzV8O0hpK5VUmwsdcCylr6vq475a3H
WS_JRATUNSELUNA,JenisTanah,dbf,JenisTanah_WS_JRATUNSELUNA.dbf,12q5oV0nO6ZQkVDzCtY9zLQrQf638CF-L
WS_JRATUNSELUNA,Erosi,dbf,Erosi_WS_JRATUNSELUNA.dbf,17TIpjXES2LaIcvJ-dm8c-tqUU7Meaxi8
WS_JRATUNSELUNA,Erosi,shp,Erosi_WS_JRATUNSELUNA.shp,1U-vyjc7jjy0214JaKncnIQ8_UXFUFcv6
WS_JRATUNSELUNA,Erosi,shx,Erosi_WS_JRATUNSELUNA.shx,16YFi78Vz7k5r26jTkJrbBBZNrN4w3O5L
WS_JRATUNSELUNA,Erosi,prj,Erosi_WS_JRATUNSELUNA.prj,1RBg6-G9rfKSHqhnKnxIW-NoKYrDDBoHY
WS_JRATUNSELUNA,Erosi,cpg,Erosi_WS_JRATUNSELUNA.cpg,1gbqVIFE9NNQ2cbA7zZ6ZdEK1QD0ua-mY
WS_KAHAYAN,RURHLDAS,dbf,RURHLDAS_WS_KAHAYAN.dbf,1Asaq_nM-xCzpNZlesfuy9pEOyGmrjAsP
WS_KAHAYAN,RURHLDAS,shp,RURHLDAS_WS_KAHAYAN.shp,1meMZr-gtS4xkgwP9NSAj2b5OG4eO8CHV
WS_KAHAYAN,RURHLDAS,cpg,RURHLDAS_WS_KAHAYAN.cpg,1uXKyH3yEgiP-8qfyl6ZMJXiJ2QQlf8HT
WS_KAHAYAN,RURHLDAS,shx,RURHLDAS_WS_KAHAYAN.shx,1KkVOeHbtwEDal0n_T6C5uYGyoGF7V-2Z
WS_KAHAYAN,RURHLDAS,prj,RURHLDAS_WS_KAHAYAN.prj,1AeP70sSVC8m8SB1gH7Scieorp14FJbZe
WS_KAHAYAN,TutupanLahan,dbf,TutupanLahan_WS_KAHAYAN.dbf,1QwsoQI95kucU1BDsZFvd5G9bJzNY-Gds
WS_KAHAYAN,TutupanLahan,shx,TutupanLahan_WS_KAHAYAN.shx,16Wl1oPDkRH1wyLl_GTn-wz-gujp8HqkD
WS_KAHAYAN,TutupanLahan,prj,TutupanLahan_WS_KAHAYAN.prj,1e2QpW3weuJOYP7rSDfb5MF2IaK23Z6EP
WS_KAHAYAN,TutupanLahan,shp,TutupanLahan_WS_KAHAYAN.shp,1Khn_353wVV6PSvWL3nkU3td9sGswV5yr
WS_KAHAYAN,TutupanLahan,cpg,TutupanLahan_WS_KAHAYAN.cpg,1TzTwGPvIQT1NEGSohf16Gp4hSAhwmEGr
WS_KAHAYAN,KawasanHutan,shp,KawasanHutan_WS_KAHAYAN.shp,1Tr7b6ml0uXLVSa_j4FiB-S9UHNqBCHN1
WS_KAHAYAN,KawasanHutan,dbf,KawasanHutan_WS_KAHAYAN.dbf,1-rsINx3TSgAVJBgkUGbfzDioS2Uu1TiH
WS_KAHAYAN,KawasanHutan,shx,KawasanHutan_WS_KAHAYAN.shx,1K9VYXl7pFzKxLmCa-c6FuWGlHfxuxw1V
WS_KAHAYAN,KawasanHutan,prj,KawasanHutan_WS_KAHAYAN.prj,1vAJCYYVPxR7pyuFXshs_XnTY7L5V4jWS
WS_KAHAYAN,KawasanHutan,cpg,KawasanHutan_WS_KAHAYAN.cpg,1fpgylMh_PAwI2fqprV1rIzfJDRooAl5T
WS_KAHAYAN,JenisTanah,shx,JenisTanah_WS_KAHAYAN.shx,1DaExgi9gOLfvbVcOAZioBr72HlBQeXMJ
WS_KAHAYAN,JenisTanah,prj,JenisTanah_WS_KAHAYAN.prj,1itljy1CY9RpYa17XjkWTQwmNJV-6Dt5x
WS_KAHAYAN,JenisTanah,shp,JenisTanah_WS_KAHAYAN.shp,1KEDTe25VpQHHnsj32My6daps6hs9QKd2
WS_KAHAYAN,JenisTanah,dbf,JenisTanah_WS_KAHAYAN.dbf,1K1fSIQ_rxlJd0QZhihoS4JjUeIOBeKxE
WS_KAHAYAN,JenisTanah,cpg,JenisTanah_WS_KAHAYAN.cpg,1IV_eOMCpDaUlBDKR9y2Z5ufNRc1A8B1n
WS_KAHAYAN,Erosi,cpg,Erosi_WS_KAHAYAN.cpg,1QjTIyrlGymOYVwysC_oh4DMqYzSgCeYV
WS_KAHAYAN,Erosi,shx,Erosi_WS_KAHAYAN.shx,1yxJW81jKvC77gCzSmjm8cN1g8wZggKS7
WS_KAHAYAN,Erosi,dbf,Erosi_WS_KAHAYAN.dbf,1oxfpTW8vVeB9PkfwpwnhVB4CCsZspQe-
WS_KAHAYAN,Erosi,prj,Erosi_WS_KAHAYAN.prj,1x2oioH_seQbLzTp3nS5WBNsPveO5mq6M
WS_KAHAYAN,Erosi,shp,Erosi_WS_KAHAYAN.shp,1B-A1y0wZpYSplkKxizvsMkKnJPM-xbPc
WS_JELAI_KENDAWANGAN,RURHLDAS,dbf,RURHLDAS_WS_JELAI_KENDAWANGAN.dbf,1OsBnCPj-agzYZuoVdOBRUwIPoCC4aoX8
WS_JELAI_KENDAWANGAN,RURHLDAS,shx,RURHLDAS_WS_JELAI_KENDAWANGAN.shx,1FSyUHFNSTflImhqbPt8hFusVv_9Dxw8H
WS_JELAI_KENDAWANGAN,RURHLDAS,prj,RURHLDAS_WS_JELAI_KENDAWANGAN.prj,1Hjgvp7i52f4jjM8gnQBy02uv3ib7mspb
WS_JELAI_KENDAWANGAN,RURHLDAS,cpg,RURHLDAS_WS_JELAI_KENDAWANGAN.cpg,1SxczygrDamVQ2vk8_wcKo1XogRYSI2im
WS_JELAI_KENDAWANGAN,RURHLDAS,shp,RURHLDAS_WS_JELAI_KENDAWANGAN.shp,1ucNOplBhtCHb1zuicTFZMxvFNvyZkGBd
WS_JELAI_KENDAWANGAN,TutupanLahan,shx,TutupanLahan_WS_JELAI_KENDAWANGAN.shx,1TexyHTWh2ErKJ5pkIY_OWjsz3akudZJF
WS_JELAI_KENDAWANGAN,TutupanLahan,dbf,TutupanLahan_WS_JELAI_KENDAWANGAN.dbf,1xOoAK1d_9PYWf4Mw-Od67dNYLc7qrRT_
WS_JELAI_KENDAWANGAN,TutupanLahan,shp,TutupanLahan_WS_JELAI_KENDAWANGAN.shp,1bBOvCPgis4wBy0uqvdV7TViQbR_ilsPl
WS_JELAI_KENDAWANGAN,TutupanLahan,cpg,TutupanLahan_WS_JELAI_KENDAWANGAN.cpg,1xOl06wpjceJLQs9aDg1xpQHDQ1-T-L5s
WS_JELAI_KENDAWANGAN,TutupanLahan,prj,TutupanLahan_WS_JELAI_KENDAWANGAN.prj,1eqrXoqOH3GmVmaDCdxx63icOaj89NCvS
WS_JELAI_KENDAWANGAN,KawasanHutan,dbf,KawasanHutan_WS_JELAI_KENDAWANGAN.dbf,1ShKq7zkMRVitPvUej4LDzbczOT1looZ-
WS_JELAI_KENDAWANGAN,KawasanHutan,shx,KawasanHutan_WS_JELAI_KENDAWANGAN.shx,1EoKOKsdxiQdFMKlnJcYDYiKRMhy77Cyz
WS_JELAI_KENDAWANGAN,KawasanHutan,cpg,KawasanHutan_WS_JELAI_KENDAWANGAN.cpg,1cobKbcNuySG6RYOl7Eki_oYRjFsSwXbu
WS_JELAI_KENDAWANGAN,KawasanHutan,prj,KawasanHutan_WS_JELAI_KENDAWANGAN.prj,11S4Q9glBnvJ8mDawSo_DiM6X8XGCl-LW
WS_JELAI_KENDAWANGAN,KawasanHutan,shp,KawasanHutan_WS_JELAI_KENDAWANGAN.shp,1zdwCMjvyC5l91FTf6DBRJkJib_h9ojf0
WS_JELAI_KENDAWANGAN,JenisTanah,dbf,JenisTanah_WS_JELAI_KENDAWANGAN.dbf,1qVXIgJa7dPEUI1Ebglp1lvA7RyL11_DL
WS_JELAI_KENDAWANGAN,JenisTanah,shx,JenisTanah_WS_JELAI_KENDAWANGAN.shx,1FbT0eqhdMfENCrAJF1Xpuy_hHycLHpW0
WS_JELAI_KENDAWANGAN,JenisTanah,cpg,JenisTanah_WS_JELAI_KENDAWANGAN.cpg,1owBWjG1cGZhq2dNIMsLABqZkb-QktlCu
WS_JELAI_KENDAWANGAN,JenisTanah,prj,JenisTanah_WS_JELAI_KENDAWANGAN.prj,14NO-GV9R65b0ITB5_RB6XIQNB1wV8F7s
WS_JELAI_KENDAWANGAN,JenisTanah,shp,JenisTanah_WS_JELAI_KENDAWANGAN.shp,1Sefr-_zHR0grPSYnxh2O8MuKYhdNqj8y
WS_JELAI_KENDAWANGAN,Erosi,cpg,Erosi_WS_JELAI_KENDAWANGAN.cpg,1RIbBorsq7dzFAhtz6kQFEd2mWj2wgbZb
WS_JELAI_KENDAWANGAN,Erosi,shp,Erosi_WS_JELAI_KENDAWANGAN.shp,1DC4dAGF7q3XeGFss6k0rvtSsg8Vr6pRv
WS_JELAI_KENDAWANGAN,Erosi,shx,Erosi_WS_JELAI_KENDAWANGAN.shx,12LilzuI-CM9Yc462w-6xTI1rDKgBltEq
WS_JELAI_KENDAWANGAN,Erosi,dbf,Erosi_WS_JELAI_KENDAWANGAN.dbf,1HsOUT0fRbPY6jPDAo3iiKVpYP0PuP-oo
WS_JELAI_KENDAWANGAN,Erosi,prj,Erosi_WS_JELAI_KENDAWANGAN.prj,1UjhyiPpcFvp4epCYC9XVRNjv9BRe9ZWw
WS_HALMAHERA_SELATAN,RURHLDAS,cpg,RURHLDAS_WS_HALMAHERA_SELATAN.cpg,1Ui3ovDD0FmVQZPKCQJOqsQrhrBxY21eD
WS_HALMAHERA_SELATAN,RURHLDAS,shp,RURHLDAS_WS_HALMAHERA_SELATAN.shp,1IHmTpBaXXMutLbrJmcPXGyPmgKcBUtCY
WS_HALMAHERA_SELATAN,RURHLDAS,prj,RURHLDAS_WS_HALMAHERA_SELATAN.prj,1HrMcmsD8q3zg-8zyUhFqiDd7H7iAq5QB
WS_HALMAHERA_SELATAN,RURHLDAS,dbf,RURHLDAS_WS_HALMAHERA_SELATAN.dbf,1xjrZVBuV76pL6RIVLGOGAipakbKG_L_J
WS_HALMAHERA_SELATAN,RURHLDAS,shx,RURHLDAS_WS_HALMAHERA_SELATAN.shx,1Kv4f08Jg7DSvT6Qnl6TP2RQG_kTSJHqL
WS_HALMAHERA_SELATAN,TutupanLahan,shp,TutupanLahan_WS_HALMAHERA_SELATAN.shp,1EnTl5nOuaUIhyoXfYKcF8gLojK_4Kk-H
WS_HALMAHERA_SELATAN,TutupanLahan,cpg,TutupanLahan_WS_HALMAHERA_SELATAN.cpg,1svV6NqXIZlZInEJMhoxLHdHoGkfBWLDs
WS_HALMAHERA_SELATAN,TutupanLahan,shx,TutupanLahan_WS_HALMAHERA_SELATAN.shx,1A0_bOgsQgn-Rl-S1tD2YgyYV2C_GBqqw
WS_HALMAHERA_SELATAN,TutupanLahan,prj,TutupanLahan_WS_HALMAHERA_SELATAN.prj,16VNc5lh3U0ZMgszeWxIyZY42pV7l1t2Y
WS_HALMAHERA_SELATAN,TutupanLahan,dbf,TutupanLahan_WS_HALMAHERA_SELATAN.dbf,1WnEGwpCSwJHxsvKdK7wYNnKVL9dKGBJT
WS_HALMAHERA_SELATAN,KawasanHutan,shp,KawasanHutan_WS_HALMAHERA_SELATAN.shp,1VlS-fBFGTnKp3PK4MjqPWzhCoVQg_3In
WS_HALMAHERA_SELATAN,KawasanHutan,prj,KawasanHutan_WS_HALMAHERA_SELATAN.prj,1FI08cWUS9iLoIZYHZ02RtdtxWkqcpWpk
WS_HALMAHERA_SELATAN,KawasanHutan,cpg,KawasanHutan_WS_HALMAHERA_SELATAN.cpg,1Xg2UfbRxr7LFYY1smiM3_DtnpdUyuQya
WS_HALMAHERA_SELATAN,KawasanHutan,dbf,KawasanHutan_WS_HALMAHERA_SELATAN.dbf,1EufWhTDPbEVc09gqQQvk4HbUuFTz83VG
WS_HALMAHERA_SELATAN,KawasanHutan,shx,KawasanHutan_WS_HALMAHERA_SELATAN.shx,1oYukEz8jr55yQ4vJEimjPJV_Xhe8C8_G
WS_HALMAHERA_SELATAN,JenisTanah,dbf,JenisTanah_WS_HALMAHERA_SELATAN.dbf,1CFjQYpoQEfBwq4-zkn3GqPwc4xWEhRAk
WS_HALMAHERA_SELATAN,JenisTanah,shx,JenisTanah_WS_HALMAHERA_SELATAN.shx,1k0n-myghvM88U1ozL0s4V37hYLblcWH8
WS_HALMAHERA_SELATAN,JenisTanah,shp,JenisTanah_WS_HALMAHERA_SELATAN.shp,1n_5v1bmD8iFMNMiQTVC6QrUum3OpW5EJ
WS_HALMAHERA_SELATAN,JenisTanah,cpg,JenisTanah_WS_HALMAHERA_SELATAN.cpg,1gLqFRSdv11oXBXXOGDZRTt-eGaGv2cSp
WS_HALMAHERA_SELATAN,JenisTanah,prj,JenisTanah_WS_HALMAHERA_SELATAN.prj,1GbTlnRnQEq_S1kIgxDoL1bF2F6X9wi8n
WS_HALMAHERA_SELATAN,Erosi,shx,Erosi_WS_HALMAHERA_SELATAN.shx,1ZsLuN4nzL_V0B_MCA7r6hL7uBDyNwXkL
WS_HALMAHERA_SELATAN,Erosi,dbf,Erosi_WS_HALMAHERA_SELATAN.dbf,1TPzIb-WEWACaNcip8PAWzRJIZPeU9X6x
WS_HALMAHERA_SELATAN,Erosi,shp,Erosi_WS_HALMAHERA_SELATAN.shp,1eHJcfibWi7cbKfwYVR3SU9yrRb_34swF
WS_HALMAHERA_SELATAN,Erosi,prj,Erosi_WS_HALMAHERA_SELATAN.prj,1FoirH9SN9zle5OQHpyZa02r23O14qWzn
WS_HALMAHERA_SELATAN,Erosi,cpg,Erosi_WS_HALMAHERA_SELATAN.cpg,14g5VZ1hSe2BCQaY80pQ1mJ4d5TMsYPRf
WS_INDRAGIRI,RURHLDAS,dbf,RURHLDAS_WS_INDRAGIRI.dbf,1NFr3xs_oNiq0P2JsEA1qmh5t132qnAGV
WS_INDRAGIRI,RURHLDAS,shp,RURHLDAS_WS_INDRAGIRI.shp,1OU7kRHgPZ9ZuRYvQU1GjEFbPgiT1Q7Ep
WS_INDRAGIRI,RURHLDAS,prj,RURHLDAS_WS_INDRAGIRI.prj,12P1j8uFAB6zgjNIgmPlJHQRudyrY5Tyj
WS_INDRAGIRI,RURHLDAS,cpg,RURHLDAS_WS_INDRAGIRI.cpg,1fCg8akgI-Ahf4NYYuBfUYHu1a2IMIKwb
WS_INDRAGIRI,RURHLDAS,shx,RURHLDAS_WS_INDRAGIRI.shx,1DklHQrIH7Qu8qSZ7dgQ8sf2Z5nUFUaSb
WS_INDRAGIRI,TutupanLahan,shp,TutupanLahan_WS_INDRAGIRI.shp,1AxfbrEN56hJ5Xj1Kp2e4OkMiara8TDQ5
WS_INDRAGIRI,TutupanLahan,cpg,TutupanLahan_WS_INDRAGIRI.cpg,1ONqHKnHA6JOvRRLllycnNXDTFtQ62L5X
WS_INDRAGIRI,TutupanLahan,prj,TutupanLahan_WS_INDRAGIRI.prj,1jKimrX-1rj6zTsdsR6Q2uUF4yc8QGU0b
WS_INDRAGIRI,TutupanLahan,dbf,TutupanLahan_WS_INDRAGIRI.dbf,16qgep63qXsPiEOz781BROgvSjyOD96-h
WS_INDRAGIRI,TutupanLahan,shx,TutupanLahan_WS_INDRAGIRI.shx,1kGD1tbXX5WRMwAbJL1ZWkzGXj2XWJ94p
WS_INDRAGIRI,KawasanHutan,dbf,KawasanHutan_WS_INDRAGIRI.dbf,1pHB-eXEcqhT13y4ReK1_xY7u1K51yMvx
WS_INDRAGIRI,KawasanHutan,cpg,KawasanHutan_WS_INDRAGIRI.cpg,1dPhMgBCgTGhFVfqrpUd9qMIJlUy5M_iB
WS_INDRAGIRI,KawasanHutan,prj,KawasanHutan_WS_INDRAGIRI.prj,1KMvLjcuYJ0u7Rcs8AeRJwWe3fvSVZw27
WS_INDRAGIRI,KawasanHutan,shp,KawasanHutan_WS_INDRAGIRI.shp,1lC9iVmVqfAbXjqK9jx6KftBPIZ2B-WCG
WS_INDRAGIRI,KawasanHutan,shx,KawasanHutan_WS_INDRAGIRI.shx,1CFeVxO4ejGm6e6oplQbVPlwlfrgiqLlD
WS_INDRAGIRI,JenisTanah,shp,JenisTanah_WS_INDRAGIRI.shp,1GXodK3JFUGsZ8xrysq4bPTrD49zEDGs4
WS_INDRAGIRI,JenisTanah,prj,JenisTanah_WS_INDRAGIRI.prj,1rhqNUt2mf19VD_TSGncZhB8ozMy2B_1J
WS_INDRAGIRI,JenisTanah,shx,JenisTanah_WS_INDRAGIRI.shx,1BVrDC-NdQlWa_lNcbGOynWaXNG_KuQpq
WS_INDRAGIRI,JenisTanah,dbf,JenisTanah_WS_INDRAGIRI.dbf,1vMwY8N_bd64vtC31XHI5l8C76STB_Q5W
WS_INDRAGIRI,JenisTanah,cpg,JenisTanah_WS_INDRAGIRI.cpg,1QAY2uOIWJLGKf8clMzjPcuj4ubUKLN5Z
WS_INDRAGIRI,Erosi,cpg,Erosi_WS_INDRAGIRI.cpg,1uQKUxz88qE9fPlLmq6KeEtOqpq7zJuu5
WS_INDRAGIRI,Erosi,shx,Erosi_WS_INDRAGIRI.shx,1-vpNxGN05EjOm7JR2W929f60WiZqKeOE
WS_INDRAGIRI,Erosi,shp,Erosi_WS_INDRAGIRI.shp,1EDFVso0MtdKUKzZ62YTxw1Qr0z5ajx5l
WS_INDRAGIRI,Erosi,prj,Erosi_WS_INDRAGIRI.prj,15w8JmMkG66IPd9x4SFcQrxUhcXmnfg4s
WS_INDRAGIRI,Erosi,dbf,Erosi_WS_INDRAGIRI.dbf,1y7IsTV02nF6tyBgV0knb0hL8EStSnwEd
WS_JAMBO_AYE,RURHLDAS,shp,RURHLDAS_WS_JAMBO_AYE.shp,1laP_z_KyyMrbNOFjsa68C_uTfdpVcywV
WS_JAMBO_AYE,RURHLDAS,prj,RURHLDAS_WS_JAMBO_AYE.prj,1Nd63y_1v01OQFBdTomAkIUYwynHb_qBj
WS_JAMBO_AYE,RURHLDAS,dbf,RURHLDAS_WS_JAMBO_AYE.dbf,10dSP7F7exWVW-lLX9N4vuCdGdLWava7Z
WS_JAMBO_AYE,RURHLDAS,cpg,RURHLDAS_WS_JAMBO_AYE.cpg,1PTjWgGZZuI_N87MuC6BWfID_so2U6yMp
WS_JAMBO_AYE,RURHLDAS,shx,RURHLDAS_WS_JAMBO_AYE.shx,1nJpBj5K06TXeNqG8beZUbiCgBdjpgPBI
WS_JAMBO_AYE,TutupanLahan,dbf,TutupanLahan_WS_JAMBO_AYE.dbf,17Z71HA3H4eqdbjFmiVCYPuB8mCGVsOMA
WS_JAMBO_AYE,TutupanLahan,shx,TutupanLahan_WS_JAMBO_AYE.shx,1XV4bhNarIfU_TF3NULZBa_Q1An34O-Ht
WS_JAMBO_AYE,TutupanLahan,cpg,TutupanLahan_WS_JAMBO_AYE.cpg,1r7y1BRVSV-tLCubgb_YVU3JOHTtnifzi
WS_JAMBO_AYE,TutupanLahan,shp,TutupanLahan_WS_JAMBO_AYE.shp,1IvihcnjsCm3Sz18Idwd-XP8nWU1MKaRU
WS_JAMBO_AYE,TutupanLahan,prj,TutupanLahan_WS_JAMBO_AYE.prj,1Z8JfxtQIVBGQHSsn0cPrZD7JIKXDjack
WS_JAMBO_AYE,KawasanHutan,cpg,KawasanHutan_WS_JAMBO_AYE.cpg,1wZjG8iakt2CMJyxG_eRTRqohYOHZ2pfZ
WS_JAMBO_AYE,KawasanHutan,shp,KawasanHutan_WS_JAMBO_AYE.shp,1ytYEvLpaLkZTCggJqbQjcAju5rgRl5H-
WS_JAMBO_AYE,KawasanHutan,prj,KawasanHutan_WS_JAMBO_AYE.prj,1YIqKzQ43p8CG1zIOEoSDCGcvdFfBbWwn
WS_JAMBO_AYE,KawasanHutan,dbf,KawasanHutan_WS_JAMBO_AYE.dbf,1DE19XaKHaiKWwxI7OioiiJYbrPSek7hk
WS_JAMBO_AYE,KawasanHutan,shx,KawasanHutan_WS_JAMBO_AYE.shx,1qqWSP27AQQsmaScpOjkN9j9OMG4XfiAK
WS_JAMBO_AYE,JenisTanah,shx,JenisTanah_WS_JAMBO_AYE.shx,1bLWekd5mvDYDfp6aS-Tl9_PdNx1ZDcwN
WS_JAMBO_AYE,JenisTanah,dbf,JenisTanah_WS_JAMBO_AYE.dbf,1oz01bmSiMgnyO_2wJdAyRH_HomshBJS7
WS_JAMBO_AYE,JenisTanah,prj,JenisTanah_WS_JAMBO_AYE.prj,1ndHZyMPnOpXK3mYCApAuS5orv9Fbnuo0
WS_JAMBO_AYE,JenisTanah,shp,JenisTanah_WS_JAMBO_AYE.shp,1A7yphxJXHdte7ZPUw1xNb7Bo-tmTeAo1
WS_JAMBO_AYE,JenisTanah,cpg,JenisTanah_WS_JAMBO_AYE.cpg,151dGUs3LQXHkIR3v9uLUeBfXdbovpqSV
WS_JAMBO_AYE,Erosi,shx,Erosi_WS_JAMBO_AYE.shx,1XoBZwogGDuHrtyM-fw2XLjGdvs5VrmYA
WS_JAMBO_AYE,Erosi,cpg,Erosi_WS_JAMBO_AYE.cpg,1rJM4fY6hNtFVW7K8AmZB9jJwk-X1t5LQ
WS_JAMBO_AYE,Erosi,dbf,Erosi_WS_JAMBO_AYE.dbf,1dZSDkYo1mW-02Dhq40qRS7sbuL36qWCu
WS_JAMBO_AYE,Erosi,shp,Erosi_WS_JAMBO_AYE.shp,1TWhLQm8NGXnGflTTxOLZ_JhlSuTCcJo7
WS_JAMBO_AYE,Erosi,prj,Erosi_WS_JAMBO_AYE.prj,1aqJw89CXGsH-PNelyU2IJz_-jdWGYYQF
WS_GUNTUNG_KATEMAN,RURHLDAS,prj,RURHLDAS_WS_GUNTUNG_KATEMAN.prj,1n4E1YGCP4jO64cILOE2zHjxqcYe76QRr
WS_GUNTUNG_KATEMAN,RURHLDAS,shx,RURHLDAS_WS_GUNTUNG_KATEMAN.shx,12x4WnfV1ykCFSinmjkGjAoHZwESAgEpv
WS_GUNTUNG_KATEMAN,RURHLDAS,shp,RURHLDAS_WS_GUNTUNG_KATEMAN.shp,1nAophFg-QQDxlpIN0xY4lmng24BzlXnl
WS_GUNTUNG_KATEMAN,RURHLDAS,dbf,RURHLDAS_WS_GUNTUNG_KATEMAN.dbf,14kJLToARCbjlL_tk7ZfUh9U8hzHuo-M9
WS_GUNTUNG_KATEMAN,RURHLDAS,cpg,RURHLDAS_WS_GUNTUNG_KATEMAN.cpg,1E2Tw17tsUepIGXDvM4auZlnv0hZx1Od4
WS_GUNTUNG_KATEMAN,TutupanLahan,prj,TutupanLahan_WS_GUNTUNG_KATEMAN.prj,1lSaRDFJB7nq5wm0aosgzKlwnPcG29dmR
WS_GUNTUNG_KATEMAN,TutupanLahan,cpg,TutupanLahan_WS_GUNTUNG_KATEMAN.cpg,1pvV77SPxK7DUCvFr6APiHQ02QMOpTYAq
WS_GUNTUNG_KATEMAN,TutupanLahan,shp,TutupanLahan_WS_GUNTUNG_KATEMAN.shp,1sNlWeGzOkFvOxeQDdEa6I4zrOTK9lUNq
WS_GUNTUNG_KATEMAN,TutupanLahan,dbf,TutupanLahan_WS_GUNTUNG_KATEMAN.dbf,1T1NcJ420TmZO_yca_ocZKZe5eVmORo_4
WS_GUNTUNG_KATEMAN,TutupanLahan,shx,TutupanLahan_WS_GUNTUNG_KATEMAN.shx,1_Zk5tebamzQOAWlQgUuqzQEkewbPyLL5
WS_GUNTUNG_KATEMAN,KawasanHutan,shp,KawasanHutan_WS_GUNTUNG_KATEMAN.shp,1IPLVe-tYJpqak1Shbpe4K3rP07hMuAyZ
WS_GUNTUNG_KATEMAN,KawasanHutan,cpg,KawasanHutan_WS_GUNTUNG_KATEMAN.cpg,1qsJWe1Jn9Ke185OUb8rTQ8koH8VFxHNO
WS_GUNTUNG_KATEMAN,KawasanHutan,prj,KawasanHutan_WS_GUNTUNG_KATEMAN.prj,1uF6hvp8Ah7EOXFJGyijVrwqhNmd00aE7
WS_GUNTUNG_KATEMAN,KawasanHutan,dbf,KawasanHutan_WS_GUNTUNG_KATEMAN.dbf,1PMBu3pvrIuNhCRPDd9vEGwjRX5iN-TDo
WS_GUNTUNG_KATEMAN,KawasanHutan,shx,KawasanHutan_WS_GUNTUNG_KATEMAN.shx,1KHWT6IdlSIYKApOFYK85UogynSGQPjxh
WS_GUNTUNG_KATEMAN,JenisTanah,dbf,JenisTanah_WS_GUNTUNG_KATEMAN.dbf,1bKuQrWsC5EZDxHdY4Bi_0VURFv5hboFH
WS_GUNTUNG_KATEMAN,JenisTanah,prj,JenisTanah_WS_GUNTUNG_KATEMAN.prj,1ddAbpOoNT4tQnFCeg1uNKH-chTdlAKq9
WS_GUNTUNG_KATEMAN,JenisTanah,shx,JenisTanah_WS_GUNTUNG_KATEMAN.shx,16J12oj2eYlbqH6Nu3tjV6tw4Nbkp4Bn8
WS_GUNTUNG_KATEMAN,JenisTanah,cpg,JenisTanah_WS_GUNTUNG_KATEMAN.cpg,1JmCedzON80_60UQAvxD5jDvm08OPGOQO
WS_GUNTUNG_KATEMAN,JenisTanah,shp,JenisTanah_WS_GUNTUNG_KATEMAN.shp,1CH29GLnfkpe5R-uQ3NNXsSAC9C3hgPBu
WS_GUNTUNG_KATEMAN,Erosi,shx,Erosi_WS_GUNTUNG_KATEMAN.shx,1oNqmXk2Pe9O3r3lKLN6y37HrzYSsvUpo
WS_GUNTUNG_KATEMAN,Erosi,cpg,Erosi_WS_GUNTUNG_KATEMAN.cpg,18aislp54vxlnlmRIROHFOpXlcMOaoN_S
WS_GUNTUNG_KATEMAN,Erosi,prj,Erosi_WS_GUNTUNG_KATEMAN.prj,1z2VQUEj3XqJiA-fyqwUGmr7tFJdq7mKv
WS_GUNTUNG_KATEMAN,Erosi,dbf,Erosi_WS_GUNTUNG_KATEMAN.dbf,1lsofk1TGYTwrNExvp2uk3LBZXkxh6kNJ
WS_GUNTUNG_KATEMAN,Erosi,shp,Erosi_WS_GUNTUNG_KATEMAN.shp,1EqfiqddkpNplX_qGlZDAjiynj9UrMeOv
WS_HALMAHERA_UTARA,RURHLDAS,shx,RURHLDAS_WS_HALMAHERA_UTARA.shx,1SI8QURnQnrXgczshfXBe5cZMwMgQQ1Fw
WS_HALMAHERA_UTARA,RURHLDAS,prj,RURHLDAS_WS_HALMAHERA_UTARA.prj,1jksQfonFPZaVoItHtCwi7oizFkRXkrl1
WS_HALMAHERA_UTARA,RURHLDAS,cpg,RURHLDAS_WS_HALMAHERA_UTARA.cpg,1jH8YnQJVvEmXrGzQK3ZCLLv0RDyzG_c6
WS_HALMAHERA_UTARA,RURHLDAS,dbf,RURHLDAS_WS_HALMAHERA_UTARA.dbf,1NYkiIsAKogNcmicha4dgex2rX4j1FO8O
WS_HALMAHERA_UTARA,RURHLDAS,shp,RURHLDAS_WS_HALMAHERA_UTARA.shp,1Yw3L2fK0WJKEksriqC7iPywlI8QjUuql
WS_HALMAHERA_UTARA,TutupanLahan,cpg,TutupanLahan_WS_HALMAHERA_UTARA.cpg,1jmyXQVEUVSiBIdY0qC54LvzAg6bHCTne
WS_HALMAHERA_UTARA,TutupanLahan,shx,TutupanLahan_WS_HALMAHERA_UTARA.shx,1sOw3jLymgBuoNtp51yLmg19csQvvLxvN
WS_HALMAHERA_UTARA,TutupanLahan,dbf,TutupanLahan_WS_HALMAHERA_UTARA.dbf,18YRzwpWgiSzs3Zi5joGdnsEPP2Vtry_8
WS_HALMAHERA_UTARA,TutupanLahan,shp,TutupanLahan_WS_HALMAHERA_UTARA.shp,1FR5FhE26tLhtU7BRZy_uinJJGVjTxTnf
WS_HALMAHERA_UTARA,TutupanLahan,prj,TutupanLahan_WS_HALMAHERA_UTARA.prj,1Q9c0g96ltAsku5MQ9krmPWaWA_CRiZRP
WS_HALMAHERA_UTARA,KawasanHutan,prj,KawasanHutan_WS_HALMAHERA_UTARA.prj,1m-BDthwEBEZLoZkg1ficuTlqfwer-50m
WS_HALMAHERA_UTARA,KawasanHutan,dbf,KawasanHutan_WS_HALMAHERA_UTARA.dbf,1fhze5kR4Ki5gb7J0zmzUG4fRJX4C0f1V
WS_HALMAHERA_UTARA,KawasanHutan,shp,KawasanHutan_WS_HALMAHERA_UTARA.shp,1ie9tTV2-exh8MNuBAQL7B_WFin2qlDlj
WS_HALMAHERA_UTARA,KawasanHutan,cpg,KawasanHutan_WS_HALMAHERA_UTARA.cpg,1kWY18qETcOHM0ppo0OQ42k83icJZXkbo
WS_HALMAHERA_UTARA,KawasanHutan,shx,KawasanHutan_WS_HALMAHERA_UTARA.shx,12GG2ppNEuOl7dqBq6SkGp50JgcVZf3Gy
WS_HALMAHERA_UTARA,JenisTanah,cpg,JenisTanah_WS_HALMAHERA_UTARA.cpg,1BbhuPhjB4nAx1pPxgcNnH7IdoyaQvUoD
WS_HALMAHERA_UTARA,JenisTanah,shx,JenisTanah_WS_HALMAHERA_UTARA.shx,1qSgTMxxHgEiQFQNSyvDelMLHml2s6kHi
WS_HALMAHERA_UTARA,JenisTanah,dbf,JenisTanah_WS_HALMAHERA_UTARA.dbf,1GLw8TiuOAgBaBSeQqUZY9DB0rMleiybY
WS_HALMAHERA_UTARA,JenisTanah,shp,JenisTanah_WS_HALMAHERA_UTARA.shp,1Bmeigc_ABUPDXAEXpPfK8XgdVwpehqef
WS_HALMAHERA_UTARA,JenisTanah,prj,JenisTanah_WS_HALMAHERA_UTARA.prj,1wGyfWbFY8R3MBzf9BAtVcWTfnSKxhtAr
WS_HALMAHERA_UTARA,Erosi,shx,Erosi_WS_HALMAHERA_UTARA.shx,1CmLAdAWDD0Ww8EU0XaPfthwREFULFXCZ
WS_HALMAHERA_UTARA,Erosi,cpg,Erosi_WS_HALMAHERA_UTARA.cpg,1XK2eu0qvsRNoY2ih1NQG5-EEtf5ky1V6
WS_HALMAHERA_UTARA,Erosi,shp,Erosi_WS_HALMAHERA_UTARA.shp,1y2PuBiEgDNKThfD04P5-9_rVJoW_0-fh
WS_HALMAHERA_UTARA,Erosi,dbf,Erosi_WS_HALMAHERA_UTARA.dbf,1riOnWWnq-Z4U6BAJGnajEzyeGtjOeqoU
WS_HALMAHERA_UTARA,Erosi,prj,Erosi_WS_HALMAHERA_UTARA.prj,14agCkr0V368NAf5kFqR_XO5g-L5u1lsr
WS_FLOTIM_KEPULAUAN_LEMBATA_ALOR,RURHLDAS,shx,RURHLDAS_WS_FLOTIM_KEPULAUAN_LEMBATA_ALOR.shx,1eq1lnxyYhjedOuIdga4Z8DbZYHAWImKP
WS_FLOTIM_KEPULAUAN_LEMBATA_ALOR,RURHLDAS,cpg,RURHLDAS_WS_FLOTIM_KEPULAUAN_LEMBATA_ALOR.cpg,1H1s_5DkGCy8XdcEEojXigVo6YxwWX51v
WS_FLOTIM_KEPULAUAN_LEMBATA_ALOR,RURHLDAS,shp,RURHLDAS_WS_FLOTIM_KEPULAUAN_LEMBATA_ALOR.shp,1cELlidIY_tXLa9UcG0cu0Uyu-crLjhmd
WS_FLOTIM_KEPULAUAN_LEMBATA_ALOR,RURHLDAS,prj,RURHLDAS_WS_FLOTIM_KEPULAUAN_LEMBATA_ALOR.prj,1tQDWZ1KEOJk8nUdNHMN181zlwZEG-pSI
WS_FLOTIM_KEPULAUAN_LEMBATA_ALOR,RURHLDAS,dbf,RURHLDAS_WS_FLOTIM_KEPULAUAN_LEMBATA_ALOR.dbf,1EGSuzu5hXCovM_AIOEt2zx3OszoeX-E-
WS_FLOTIM_KEPULAUAN_LEMBATA_ALOR,TutupanLahan,shp,TutupanLahan_WS_FLOTIM_KEPULAUAN_LEMBATA_ALOR.shp,1eNl1dGFkF0ftZVCTJqc3uUN8VB2SUW6_
WS_FLOTIM_KEPULAUAN_LEMBATA_ALOR,TutupanLahan,cpg,TutupanLahan_WS_FLOTIM_KEPULAUAN_LEMBATA_ALOR.cpg,1Ybha3TnG8f8BuVn86QkcLgoS4D6nkC7K
WS_FLOTIM_KEPULAUAN_LEMBATA_ALOR,TutupanLahan,prj,TutupanLahan_WS_FLOTIM_KEPULAUAN_LEMBATA_ALOR.prj,1MYLv2E4i9uZ_MDVxfDZH79RZLzDpYSHP
WS_FLOTIM_KEPULAUAN_LEMBATA_ALOR,TutupanLahan,shx,TutupanLahan_WS_FLOTIM_KEPULAUAN_LEMBATA_ALOR.shx,1lT3kLW13OECkrO7ggW_kmFqhsKGmFin0
WS_FLOTIM_KEPULAUAN_LEMBATA_ALOR,TutupanLahan,dbf,TutupanLahan_WS_FLOTIM_KEPULAUAN_LEMBATA_ALOR.dbf,1bE4tTbSLiy76Oz0qIHVW1x9_fW0PWEad
WS_FLOTIM_KEPULAUAN_LEMBATA_ALOR,KawasanHutan,shp,KawasanHutan_WS_FLOTIM_KEPULAUAN_LEMBATA_ALOR.shp,1axYjUp2m1eor43dLORZK1W1c0MBzEabs
WS_FLOTIM_KEPULAUAN_LEMBATA_ALOR,KawasanHutan,prj,KawasanHutan_WS_FLOTIM_KEPULAUAN_LEMBATA_ALOR.prj,1jwSJt-SbnCOg9LwK76yiwol-oAsX94em
WS_FLOTIM_KEPULAUAN_LEMBATA_ALOR,KawasanHutan,cpg,KawasanHutan_WS_FLOTIM_KEPULAUAN_LEMBATA_ALOR.cpg,1inUgIPfuNJJEhdpwebsFODeZsedyEWET
WS_FLOTIM_KEPULAUAN_LEMBATA_ALOR,KawasanHutan,shx,KawasanHutan_WS_FLOTIM_KEPULAUAN_LEMBATA_ALOR.shx,1vPvN78qN5c4Szjv1WcJlFO6a60H2nke1
WS_FLOTIM_KEPULAUAN_LEMBATA_ALOR,KawasanHutan,dbf,KawasanHutan_WS_FLOTIM_KEPULAUAN_LEMBATA_ALOR.dbf,1PSTolxPKvz6BaBJJ9eLtO7DeJVv6OEQz
WS_FLOTIM_KEPULAUAN_LEMBATA_ALOR,JenisTanah,shp,JenisTanah_WS_FLOTIM_KEPULAUAN_LEMBATA_ALOR.shp,1magy8651uhYsDMt8A_W_MKmhytVrHn0K
WS_FLOTIM_KEPULAUAN_LEMBATA_ALOR,JenisTanah,shx,JenisTanah_WS_FLOTIM_KEPULAUAN_LEMBATA_ALOR.shx,1ot65dCkIGkPGRYoyK4VFGW1bteL1KqPU
WS_FLOTIM_KEPULAUAN_LEMBATA_ALOR,JenisTanah,dbf,JenisTanah_WS_FLOTIM_KEPULAUAN_LEMBATA_ALOR.dbf,15B4sAQVKyfaspyc6wJF4JNWRpOeSWRme
WS_FLOTIM_KEPULAUAN_LEMBATA_ALOR,JenisTanah,cpg,JenisTanah_WS_FLOTIM_KEPULAUAN_LEMBATA_ALOR.cpg,13u4kFCXcXDh2D1ouXh5H0ACmG2Kf-xwf
WS_FLOTIM_KEPULAUAN_LEMBATA_ALOR,JenisTanah,prj,JenisTanah_WS_FLOTIM_KEPULAUAN_LEMBATA_ALOR.prj,1zBxi9GSJwd7pIlnnM5ArT1D5BEwbfBR2
WS_FLOTIM_KEPULAUAN_LEMBATA_ALOR,Erosi,shx,Erosi_WS_FLOTIM_KEPULAUAN_LEMBATA_ALOR.shx,12v_zcw-SNuGcXnTwUx7wot0EgEskHwy3
WS_FLOTIM_KEPULAUAN_LEMBATA_ALOR,Erosi,cpg,Erosi_WS_FLOTIM_KEPULAUAN_LEMBATA_ALOR.cpg,1K_pv4bryFsPGgxA5XKfZqG1Cft8Mmsm3
WS_FLOTIM_KEPULAUAN_LEMBATA_ALOR,Erosi,prj,Erosi_WS_FLOTIM_KEPULAUAN_LEMBATA_ALOR.prj,1ySyjBFstfnuVcb0zqqfeu1ch2haYf4Kp
WS_FLOTIM_KEPULAUAN_LEMBATA_ALOR,Erosi,shp,Erosi_WS_FLOTIM_KEPULAUAN_LEMBATA_ALOR.shp,1h5AzkDjPfHS-lCgO8GMr9zf44mK8Fjq_
WS_FLOTIM_KEPULAUAN_LEMBATA_ALOR,Erosi,dbf,Erosi_WS_FLOTIM_KEPULAUAN_LEMBATA_ALOR.dbf,1FjZjQhHMaFIBWoTgVnmWTqX5EpQVZhBR
WS_EILANDEN_LORENTZ_DIGUL,RURHLDAS,shp,RURHLDAS_WS_EILANDEN_LORENTZ_DIGUL.shp,1NQwimi2w_of4W-UFDxuNDn-EJx7YqlrQ
WS_EILANDEN_LORENTZ_DIGUL,RURHLDAS,dbf,RURHLDAS_WS_EILANDEN_LORENTZ_DIGUL.dbf,1sUFlTgrBF4yADWE7GN_JWE0pq-yZ01nP
WS_EILANDEN_LORENTZ_DIGUL,RURHLDAS,shx,RURHLDAS_WS_EILANDEN_LORENTZ_DIGUL.shx,1sxYTdmqxx18zqkMQq7NU33idqhbZ6pcC
WS_EILANDEN_LORENTZ_DIGUL,RURHLDAS,cpg,RURHLDAS_WS_EILANDEN_LORENTZ_DIGUL.cpg,1ckxc3YmWIPZkMZftPhJvlxNv7FstD2Gt
WS_EILANDEN_LORENTZ_DIGUL,RURHLDAS,prj,RURHLDAS_WS_EILANDEN_LORENTZ_DIGUL.prj,1zeBgAqJc3s7y0W7SK3YfcmUv6ON-zAXw
WS_EILANDEN_LORENTZ_DIGUL,TutupanLahan,dbf,TutupanLahan_WS_EILANDEN_LORENTZ_DIGUL.dbf,12b-b3J-1Mxis23jRPcIhbeOFVuitwXws
WS_EILANDEN_LORENTZ_DIGUL,TutupanLahan,shp,TutupanLahan_WS_EILANDEN_LORENTZ_DIGUL.shp,16puEXA-NQQyIQFxPj-npTLi5NI_kRpTP
WS_EILANDEN_LORENTZ_DIGUL,TutupanLahan,shx,TutupanLahan_WS_EILANDEN_LORENTZ_DIGUL.shx,1a7kbZMnLl5YqKAVWelwytqbjj_cFggy2
WS_EILANDEN_LORENTZ_DIGUL,TutupanLahan,prj,TutupanLahan_WS_EILANDEN_LORENTZ_DIGUL.prj,1wbqJR3oIygfSwGxsROF_VBZ0OwA3UCbD
WS_EILANDEN_LORENTZ_DIGUL,TutupanLahan,cpg,TutupanLahan_WS_EILANDEN_LORENTZ_DIGUL.cpg,17BNh7qgQlNFE4DDxMqbxLU5GeKAfFRzE
WS_EILANDEN_LORENTZ_DIGUL,KawasanHutan,shp,KawasanHutan_WS_EILANDEN_LORENTZ_DIGUL.shp,13m_v1On-PnJ4nQMrETpuuPsMC16KEcz-
WS_EILANDEN_LORENTZ_DIGUL,KawasanHutan,shx,KawasanHutan_WS_EILANDEN_LORENTZ_DIGUL.shx,1rMCXRacvlWcyyLsb7gbb_IepI7VL8d7E
WS_EILANDEN_LORENTZ_DIGUL,KawasanHutan,cpg,KawasanHutan_WS_EILANDEN_LORENTZ_DIGUL.cpg,1_wyHWX3QfOj0NoVYtZqHfM9fuHQSXQuf
WS_EILANDEN_LORENTZ_DIGUL,KawasanHutan,dbf,KawasanHutan_WS_EILANDEN_LORENTZ_DIGUL.dbf,1sUqqNa4moSEW72dVN9e-bJTYuiJYIlgT
WS_EILANDEN_LORENTZ_DIGUL,KawasanHutan,prj,KawasanHutan_WS_EILANDEN_LORENTZ_DIGUL.prj,1HznnADMRFpGkoD2YBgqSGh9bLDxGC4AF
WS_EILANDEN_LORENTZ_DIGUL,JenisTanah,prj,JenisTanah_WS_EILANDEN_LORENTZ_DIGUL.prj,1cVjpSa6o0XqNffNp1XFzdCOOHDpA9EU9
WS_EILANDEN_LORENTZ_DIGUL,JenisTanah,dbf,JenisTanah_WS_EILANDEN_LORENTZ_DIGUL.dbf,1cLT8OmsHZKNJCznDqrbvGokIerrtXNIh
WS_EILANDEN_LORENTZ_DIGUL,JenisTanah,shx,JenisTanah_WS_EILANDEN_LORENTZ_DIGUL.shx,19ffvbTzED8NqFCJGZSRXC5867mYN4lbm
WS_EILANDEN_LORENTZ_DIGUL,JenisTanah,cpg,JenisTanah_WS_EILANDEN_LORENTZ_DIGUL.cpg,1XuHHLHEeOPtyJg0p9ZoMMDECS76JfRO3
WS_EILANDEN_LORENTZ_DIGUL,JenisTanah,shp,JenisTanah_WS_EILANDEN_LORENTZ_DIGUL.shp,15qAfGekdJg3XcNgqWg6ceiQ7m_Z1dWIM
WS_EILANDEN_LORENTZ_DIGUL,Erosi,prj,Erosi_WS_EILANDEN_LORENTZ_DIGUL.prj,1PX6xMHwhj-Mx7HGyXBxzg7A-hlEVXX03
WS_EILANDEN_LORENTZ_DIGUL,Erosi,dbf,Erosi_WS_EILANDEN_LORENTZ_DIGUL.dbf,1AiwAJNA1f7mktpXk7FUGxexUGRRfx7TP
WS_EILANDEN_LORENTZ_DIGUL,Erosi,shp,Erosi_WS_EILANDEN_LORENTZ_DIGUL.shp,1NLD-Mp6jI0GjCkb43Q7CJg40B8tCB-io
WS_EILANDEN_LORENTZ_DIGUL,Erosi,cpg,Erosi_WS_EILANDEN_LORENTZ_DIGUL.cpg,1RoopUlsoWO8lV-6vBoU-diKJt0xgcfq-
WS_EILANDEN_LORENTZ_DIGUL,Erosi,shx,Erosi_WS_EILANDEN_LORENTZ_DIGUL.shx,1yXrdcI0pNfysCiPE4P31aaBAeBxSXfxc
WS_FLORES,RURHLDAS,dbf,RURHLDAS_WS_FLORES.dbf,1DqYrWA7WisCK1lDhJaOQdrSzzagvSK4j
WS_FLORES,RURHLDAS,shx,RURHLDAS_WS_FLORES.shx,1uM5Lg9FGT_36RsMIbfuiGxDGYk61ZF2-
WS_FLORES,RURHLDAS,cpg,RURHLDAS_WS_FLORES.cpg,1KX9T5zAm9RTcjfro3i_GGScl61fDqn6H
WS_FLORES,RURHLDAS,prj,RURHLDAS_WS_FLORES.prj,1Y02BIGOv3ywZkiW4Z7NDpEG3sWXFoNjV
WS_FLORES,RURHLDAS,shp,RURHLDAS_WS_FLORES.shp,1YJ2IGX2dyuDt3QUcJYcGcoVenhNt4PLF
WS_FLORES,TutupanLahan,prj,TutupanLahan_WS_FLORES.prj,1W1BvuN6DmtqGo-W-w9n2v2dlbXc6e8-9
WS_FLORES,TutupanLahan,cpg,TutupanLahan_WS_FLORES.cpg,1fCaHAPjM41giFS-UVvSyU7t0tOoSwvQO
WS_FLORES,TutupanLahan,shp,TutupanLahan_WS_FLORES.shp,1CqJylFdFyjg5NpsrKbYwIZZkonn1QLg4
WS_FLORES,TutupanLahan,shx,TutupanLahan_WS_FLORES.shx,1bAC2YIUXMcko5mdxKjbD2yJi9Px55pL-
WS_FLORES,TutupanLahan,dbf,TutupanLahan_WS_FLORES.dbf,1z34uS0idkr8oqjdAp5Dz1k_jRR1ptT5Z
WS_FLORES,KawasanHutan,cpg,KawasanHutan_WS_FLORES.cpg,1ESdm7Vfe6dbsaMq-5M6ncm21cmQtNAYt
WS_FLORES,KawasanHutan,shp,KawasanHutan_WS_FLORES.shp,14lAk2pT-4nMwernsZ1lLe5NpvBBF_Ven
WS_FLORES,KawasanHutan,shx,KawasanHutan_WS_FLORES.shx,1vWOKr6P3Xy728-zGdyUQlDbgYaCS1Dhf
WS_FLORES,KawasanHutan,prj,KawasanHutan_WS_FLORES.prj,1X3y1mIbbjgqXr-uAZWYcMaXdIcTgGlw9
WS_FLORES,KawasanHutan,dbf,KawasanHutan_WS_FLORES.dbf,1Au_iYYobWAb5mCyhMMVigbKplKcXLSXu
WS_FLORES,JenisTanah,shp,JenisTanah_WS_FLORES.shp,1hLsoWTvW_ZvZH2yHqH7aB4YcJssdU4Mj
WS_FLORES,JenisTanah,shx,JenisTanah_WS_FLORES.shx,1JEVeVtAP9wrIMBuAB8ZELBepvK6BbHpO
WS_FLORES,JenisTanah,cpg,JenisTanah_WS_FLORES.cpg,1rg4YWrMY6Q1Mw6o_AV9V1hfvCb1hNCXC
WS_FLORES,JenisTanah,dbf,JenisTanah_WS_FLORES.dbf,1D2-m_MyCCfpkYzrI6MyUWj7J6Jh-AMMv
WS_FLORES,JenisTanah,prj,JenisTanah_WS_FLORES.prj,1SOyu8L5IzrLi9iVXYwWHC1jRdfipFowj
WS_FLORES,Erosi,prj,Erosi_WS_FLORES.prj,16w1o8qrrfPDII-ytsjC2QiKOIr84BgoQ
WS_FLORES,Erosi,dbf,Erosi_WS_FLORES.dbf,1VosWBwVBxwY_E0MVbo42aIFAknXK5J7b
WS_FLORES,Erosi,shp,Erosi_WS_FLORES.shp,1SAufU25mvIpOPVVYaNgk2GCN-7NIEfPm
WS_FLORES,Erosi,shx,Erosi_WS_FLORES.shx,1kJmL6jrYMrFLKvrpAGiRlvkNMxS9zyww
WS_FLORES,Erosi,cpg,Erosi_WS_FLORES.cpg,1MipKoW2uloeIxR7oKOnP9WAyL0lZ8zMc
WS_DUMOGA_MONGONDOW_SANGKUB,RURHLDAS,dbf,RURHLDAS_WS_DUMOGA_MONGONDOW_SANGKUB.dbf,1h8JgQ6i-2Vxdy1LRsEBoHCF-YzYB61-Q
WS_DUMOGA_MONGONDOW_SANGKUB,RURHLDAS,shx,RURHLDAS_WS_DUMOGA_MONGONDOW_SANGKUB.shx,1ggE4b3IF-MqELICFTXJ-wbVaSjZiTQHM
WS_DUMOGA_MONGONDOW_SANGKUB,RURHLDAS,shp,RURHLDAS_WS_DUMOGA_MONGONDOW_SANGKUB.shp,1af72ZRSH3jnNKmWW5OCaed-objuWdq6Z
WS_DUMOGA_MONGONDOW_SANGKUB,RURHLDAS,cpg,RURHLDAS_WS_DUMOGA_MONGONDOW_SANGKUB.cpg,1Mw7M_Sztyq9MUj4U0m8PGbcwTFsuz9uV
WS_DUMOGA_MONGONDOW_SANGKUB,RURHLDAS,prj,RURHLDAS_WS_DUMOGA_MONGONDOW_SANGKUB.prj,1t6i5LIPvWsrMICLNf7zNuK0HStMrTT6z
WS_DUMOGA_MONGONDOW_SANGKUB,TutupanLahan,shp,TutupanLahan_WS_DUMOGA_MONGONDOW_SANGKUB.shp,1LArsiw-bfD1dT6gT-tO298vXza6kSRTW
WS_DUMOGA_MONGONDOW_SANGKUB,TutupanLahan,dbf,TutupanLahan_WS_DUMOGA_MONGONDOW_SANGKUB.dbf,195uz9TCJsQv6S2cC0e-eVjxQMzHZnaVS
WS_DUMOGA_MONGONDOW_SANGKUB,TutupanLahan,prj,TutupanLahan_WS_DUMOGA_MONGONDOW_SANGKUB.prj,1bX64LB5r7bjvVCqVoEfKAFyD7zFQ9TzY
WS_DUMOGA_MONGONDOW_SANGKUB,TutupanLahan,cpg,TutupanLahan_WS_DUMOGA_MONGONDOW_SANGKUB.cpg,16UXY1s7O7TYtiKe7HN71psi6ZJV4YPWp
WS_DUMOGA_MONGONDOW_SANGKUB,TutupanLahan,shx,TutupanLahan_WS_DUMOGA_MONGONDOW_SANGKUB.shx,10T9tPwWEelrQGpBxUnRBy5omDWpcxQm7
WS_DUMOGA_MONGONDOW_SANGKUB,KawasanHutan,cpg,KawasanHutan_WS_DUMOGA_MONGONDOW_SANGKUB.cpg,1AJWOYSpV9oGZcWvGFvJJXPxEJU6Qf82_
WS_DUMOGA_MONGONDOW_SANGKUB,KawasanHutan,shx,KawasanHutan_WS_DUMOGA_MONGONDOW_SANGKUB.shx,1a19Zk0XZEXtgLfw98zKxt6q0v5xpmM4f
WS_DUMOGA_MONGONDOW_SANGKUB,KawasanHutan,prj,KawasanHutan_WS_DUMOGA_MONGONDOW_SANGKUB.prj,1tO3w1IPDPpms6vxv7HqDg20ebGoYaaOF
WS_DUMOGA_MONGONDOW_SANGKUB,KawasanHutan,shp,KawasanHutan_WS_DUMOGA_MONGONDOW_SANGKUB.shp,1ROY3GpkaHQL5gdobtus-rLY2v6HsQxG3
WS_DUMOGA_MONGONDOW_SANGKUB,KawasanHutan,dbf,KawasanHutan_WS_DUMOGA_MONGONDOW_SANGKUB.dbf,1oum0IEN0JN6qxce4XoLNlRREQ6UEDqVp
WS_DUMOGA_MONGONDOW_SANGKUB,JenisTanah,cpg,JenisTanah_WS_DUMOGA_MONGONDOW_SANGKUB.cpg,1uFOx1JHViej5tmR9zAxRGllY3nU0PYPS
WS_DUMOGA_MONGONDOW_SANGKUB,JenisTanah,dbf,JenisTanah_WS_DUMOGA_MONGONDOW_SANGKUB.dbf,16EFmxA6bFd9zsFgJU4upjxUbmgQ9ZR9l
WS_DUMOGA_MONGONDOW_SANGKUB,JenisTanah,prj,JenisTanah_WS_DUMOGA_MONGONDOW_SANGKUB.prj,1hOodeVi_7J2aQM7mOGwZbNJcrXynrXTr
WS_DUMOGA_MONGONDOW_SANGKUB,JenisTanah,shx,JenisTanah_WS_DUMOGA_MONGONDOW_SANGKUB.shx,1V5dnMxDXnbpeDkcS7a1rpKn_rkhKEQkl
WS_DUMOGA_MONGONDOW_SANGKUB,JenisTanah,shp,JenisTanah_WS_DUMOGA_MONGONDOW_SANGKUB.shp,1F5Qx037NidbbP56f2KuOUgdNsnqxakOH
WS_DUMOGA_MONGONDOW_SANGKUB,Erosi,cpg,Erosi_WS_DUMOGA_MONGONDOW_SANGKUB.cpg,1uCS4-hX9M0B6J6tlZG6E9KpaIpe2Pi44
WS_DUMOGA_MONGONDOW_SANGKUB,Erosi,shx,Erosi_WS_DUMOGA_MONGONDOW_SANGKUB.shx,1XzD71n6TzoIz_pzReijlSzW_Cr_c0eiq
WS_DUMOGA_MONGONDOW_SANGKUB,Erosi,shp,Erosi_WS_DUMOGA_MONGONDOW_SANGKUB.shp,1hzL2XQsjEGf0idMvvZlJ25vaszLX0M3g
WS_DUMOGA_MONGONDOW_SANGKUB,Erosi,prj,Erosi_WS_DUMOGA_MONGONDOW_SANGKUB.prj,1G0itGlZlIGQfFt5_vnqNxF-uYjDiM897
WS_DUMOGA_MONGONDOW_SANGKUB,Erosi,dbf,Erosi_WS_DUMOGA_MONGONDOW_SANGKUB.dbf,1W2hEZglYi8ns1bbOublWJFzvOdrULKgI
WS_CILIWUNG_CISADANE,RURHLDAS,shx,RURHLDAS_WS_CILIWUNG_CISADANE.shx,16_ccePHrMqsYG0A6HXiBdfItkoGJUIQk
WS_CILIWUNG_CISADANE,RURHLDAS,cpg,RURHLDAS_WS_CILIWUNG_CISADANE.cpg,1uZuAJwjExmTsfJOXtT69xWaeA8U9TXb7
WS_CILIWUNG_CISADANE,RURHLDAS,dbf,RURHLDAS_WS_CILIWUNG_CISADANE.dbf,1Gpc6Fl-wblNXfwfwpFFyyZzpFpx6A7rx
WS_CILIWUNG_CISADANE,RURHLDAS,shp,RURHLDAS_WS_CILIWUNG_CISADANE.shp,1b9sq2td3stahikzB9KdJEf-0IE53KzVi
WS_CILIWUNG_CISADANE,RURHLDAS,prj,RURHLDAS_WS_CILIWUNG_CISADANE.prj,1QWIRjIDXqRnbFdP1_j2yowi8cI7WEX_F
WS_CILIWUNG_CISADANE,TutupanLahan,shp,TutupanLahan_WS_CILIWUNG_CISADANE.shp,1TOy-pJDFn45_bjvvjoOwD5a97R7nscZ4
WS_CILIWUNG_CISADANE,TutupanLahan,prj,TutupanLahan_WS_CILIWUNG_CISADANE.prj,15-YMODvqTkHjECdFjMS40bJ5q5n-9M00
WS_CILIWUNG_CISADANE,TutupanLahan,shx,TutupanLahan_WS_CILIWUNG_CISADANE.shx,1z2yUcErw3VB3BRpZWA37tmnyEy2FFMB7
WS_CILIWUNG_CISADANE,TutupanLahan,dbf,TutupanLahan_WS_CILIWUNG_CISADANE.dbf,1xsQZ6Xj0A40aWRInycKRLeW8SosUd7xr
WS_CILIWUNG_CISADANE,TutupanLahan,cpg,TutupanLahan_WS_CILIWUNG_CISADANE.cpg,1G46qVuQxx0DXHAV79lV8NfUt9A8R3XWd
WS_CILIWUNG_CISADANE,KawasanHutan,prj,KawasanHutan_WS_CILIWUNG_CISADANE.prj,19ub3FWkdcmtjBW_u7PVZvDlv0fANHewQ
WS_CILIWUNG_CISADANE,KawasanHutan,dbf,KawasanHutan_WS_CILIWUNG_CISADANE.dbf,1WzPzxGwJEYe0CjpgUT1tNYDh4OtFopP4
WS_CILIWUNG_CISADANE,KawasanHutan,cpg,KawasanHutan_WS_CILIWUNG_CISADANE.cpg,1WorsaHGYMJrNi1loyScKMdQUaaNYCr7l
WS_CILIWUNG_CISADANE,KawasanHutan,shp,KawasanHutan_WS_CILIWUNG_CISADANE.shp,1e9BmZ8Ev4BrzCX-nckMkOmi-u0Y11A_r
WS_CILIWUNG_CISADANE,KawasanHutan,shx,KawasanHutan_WS_CILIWUNG_CISADANE.shx,1xUmOvWrsHCcjUl5yS2IscoEHPGSfUv2j
WS_CILIWUNG_CISADANE,JenisTanah,shx,JenisTanah_WS_CILIWUNG_CISADANE.shx,1dtYyFkC3xfleU7AqLIaKxm3YhSKfONYX
WS_CILIWUNG_CISADANE,JenisTanah,shp,JenisTanah_WS_CILIWUNG_CISADANE.shp,1xAVWM1jKA39cNL9o5KUO03EPjZyKYSZc
WS_CILIWUNG_CISADANE,JenisTanah,dbf,JenisTanah_WS_CILIWUNG_CISADANE.dbf,12LA88AxZ_4cx_DtooBv33iBH1XLmMY4C
WS_CILIWUNG_CISADANE,JenisTanah,cpg,JenisTanah_WS_CILIWUNG_CISADANE.cpg,18NOI-PZdNwOmvNuyVEJQZuP_594QUGCb
WS_CILIWUNG_CISADANE,JenisTanah,prj,JenisTanah_WS_CILIWUNG_CISADANE.prj,1BYduXmWeuIs-yThWfwIw6E_wz-8xSuxK
WS_CILIWUNG_CISADANE,Erosi,dbf,Erosi_WS_CILIWUNG_CISADANE.dbf,1t0s7O2WNI26AgI70jdAcsbSlTnQ2YkYg
WS_CILIWUNG_CISADANE,Erosi,prj,Erosi_WS_CILIWUNG_CISADANE.prj,1VnahNgqUacu9g-ntHiMtF12prytbFvlk
WS_CILIWUNG_CISADANE,Erosi,shx,Erosi_WS_CILIWUNG_CISADANE.shx,1SniNi3zKE_95TtuVGbM_cOM5mOj1_JXS
WS_CILIWUNG_CISADANE,Erosi,cpg,Erosi_WS_CILIWUNG_CISADANE.cpg,1nDFbbAdB9Wrp8xv7xAjPrPLBVxVPc2a5
WS_CILIWUNG_CISADANE,Erosi,shp,Erosi_WS_CILIWUNG_CISADANE.shp,1B4zFmNjSDjr4nNeIUJvcl4irlA-REJ8A
WS_CENGAL_BATULICIN,RURHLDAS,shx,RURHLDAS_WS_CENGAL_BATULICIN.shx,1ED5iMg-gSHXfbptludG9QvAGKVgZqNew
WS_CENGAL_BATULICIN,RURHLDAS,dbf,RURHLDAS_WS_CENGAL_BATULICIN.dbf,1e9e7Uzjna2pxG5yCKCC2un78JTzzjv8K
WS_CENGAL_BATULICIN,RURHLDAS,shp,RURHLDAS_WS_CENGAL_BATULICIN.shp,11af8pqzr25CVfRzsExzawCso-ce_42L0
WS_CENGAL_BATULICIN,RURHLDAS,prj,RURHLDAS_WS_CENGAL_BATULICIN.prj,1eV99sgxX8ctCocF3GGQRGciMCjANmpUZ
WS_CENGAL_BATULICIN,RURHLDAS,cpg,RURHLDAS_WS_CENGAL_BATULICIN.cpg,1i9bBtJtwuZnMKN9m5fWT7jbE_IqXl6cb
WS_CENGAL_BATULICIN,TutupanLahan,shx,TutupanLahan_WS_CENGAL_BATULICIN.shx,1viW1sDQP5q_s-1i-M_CpIfkUNtYF1ulr
WS_CENGAL_BATULICIN,TutupanLahan,shp,TutupanLahan_WS_CENGAL_BATULICIN.shp,1N8k4S7pXwnjsIy4R_2ouvuurKFX9ASqL
WS_CENGAL_BATULICIN,TutupanLahan,dbf,TutupanLahan_WS_CENGAL_BATULICIN.dbf,1ms_S2m_nOV7uLS1JKG9TGo0Xzbugo-pM
WS_CENGAL_BATULICIN,TutupanLahan,cpg,TutupanLahan_WS_CENGAL_BATULICIN.cpg,1BPH4CWSHtr5PHggmHKeJjnrgvd654XLv
WS_CENGAL_BATULICIN,TutupanLahan,prj,TutupanLahan_WS_CENGAL_BATULICIN.prj,1NGd2AogelSGLSUa-XZw1vPmZiAe4Xefr
WS_CENGAL_BATULICIN,KawasanHutan,shx,KawasanHutan_WS_CENGAL_BATULICIN.shx,1hcJSgEmtlib2xKCqgA6QITUXYj8dRbQj
WS_CENGAL_BATULICIN,KawasanHutan,prj,KawasanHutan_WS_CENGAL_BATULICIN.prj,1rc96k9Nr6HCMwsN_Js0sD006e7OKPDdx
WS_CENGAL_BATULICIN,KawasanHutan,dbf,KawasanHutan_WS_CENGAL_BATULICIN.dbf,1B7Nk3KVUJHRrZcZGzITlkwYxfaoS64cU
WS_CENGAL_BATULICIN,KawasanHutan,shp,KawasanHutan_WS_CENGAL_BATULICIN.shp,1I4918rVx7X3TIbzXUtpW_5NcG2nAFW2u
WS_CENGAL_BATULICIN,KawasanHutan,cpg,KawasanHutan_WS_CENGAL_BATULICIN.cpg,1M8l2BvnshkNz0gaBAsIZOLSnTXB2nFMF
WS_CENGAL_BATULICIN,JenisTanah,shp,JenisTanah_WS_CENGAL_BATULICIN.shp,1z4I8W3ihSBIm3dQdfIWaYYC1ZVhIb8HT
WS_CENGAL_BATULICIN,JenisTanah,prj,JenisTanah_WS_CENGAL_BATULICIN.prj,1bv-ODDdqjSO6KXuaY5YMgcvrnCXBl8C1
WS_CENGAL_BATULICIN,JenisTanah,shx,JenisTanah_WS_CENGAL_BATULICIN.shx,1HYBHMRHluZq_V0Tph1XVJE3yFwl5TyNW
WS_CENGAL_BATULICIN,JenisTanah,cpg,JenisTanah_WS_CENGAL_BATULICIN.cpg,1lkeS3wlVCpCJ-6ltapL7DZeA75UyUYT-
WS_CENGAL_BATULICIN,JenisTanah,dbf,JenisTanah_WS_CENGAL_BATULICIN.dbf,1AO2pJPprOaJ-nGjE6E1PvfwDrIGIcGqe
WS_CENGAL_BATULICIN,Erosi,cpg,Erosi_WS_CENGAL_BATULICIN.cpg,1s5YtD_u57DSW2LKbE-4YLhgWbsy8DDCh
WS_CENGAL_BATULICIN,Erosi,prj,Erosi_WS_CENGAL_BATULICIN.prj,1DGcpBcWeZ-IftN_omL15GwjizEf43mCZ
WS_CENGAL_BATULICIN,Erosi,shx,Erosi_WS_CENGAL_BATULICIN.shx,1oSHHKEAI7nwNLntshBe64bgftR6Bi3Zw
WS_CENGAL_BATULICIN,Erosi,shp,Erosi_WS_CENGAL_BATULICIN.shp,12YbwL_my5oCYEOWCBQbAQlauvpxI2V2x
WS_CENGAL_BATULICIN,Erosi,dbf,Erosi_WS_CENGAL_BATULICIN.dbf,1JY0FF-xKwzKDmEysK5tNt2a-H5CqEfSR
WS_CIMANUK_CISANGGARUNG,RURHLDAS,dbf,RURHLDAS_WS_CIMANUK_CISANGGARUNG.dbf,1AHmM8XOZXFiMWU71du_Xt0C_t2IFroiD
WS_CIMANUK_CISANGGARUNG,RURHLDAS,shp,RURHLDAS_WS_CIMANUK_CISANGGARUNG.shp,1DOW3_ygB0tiiUKPvByPnKXnfqD9V40HO
WS_CIMANUK_CISANGGARUNG,RURHLDAS,shx,RURHLDAS_WS_CIMANUK_CISANGGARUNG.shx,16_mOutZkTj4zA-3kS_Bn62i-YHehp3T4
WS_CIMANUK_CISANGGARUNG,RURHLDAS,prj,RURHLDAS_WS_CIMANUK_CISANGGARUNG.prj,1uAb5tDBrTbR6qcFCj-G0TFoDQUseH7D-
WS_CIMANUK_CISANGGARUNG,RURHLDAS,cpg,RURHLDAS_WS_CIMANUK_CISANGGARUNG.cpg,1eB_XW295vxvf3z-hqnfR42GmrQG84MvH
WS_CIMANUK_CISANGGARUNG,TutupanLahan,cpg,TutupanLahan_WS_CIMANUK_CISANGGARUNG.cpg,1dejHJ9JWK5x6zs1mxdINSPpgx-qnYNO-
WS_CIMANUK_CISANGGARUNG,TutupanLahan,prj,TutupanLahan_WS_CIMANUK_CISANGGARUNG.prj,1yV-9sZH-bR9rof9Qd2KteoxY9a06yi3C
WS_CIMANUK_CISANGGARUNG,TutupanLahan,shp,TutupanLahan_WS_CIMANUK_CISANGGARUNG.shp,1-goKzkhPqPybJo00cOk4y2eiK8Qlinrl
WS_CIMANUK_CISANGGARUNG,TutupanLahan,dbf,TutupanLahan_WS_CIMANUK_CISANGGARUNG.dbf,1IeuFDHAmB2iyNvzSr4Igb5WfSpc64Lb0
WS_CIMANUK_CISANGGARUNG,TutupanLahan,shx,TutupanLahan_WS_CIMANUK_CISANGGARUNG.shx,1M6llGKGaQpVJRz4gRkVEKTTditBQk6-x
WS_CIMANUK_CISANGGARUNG,KawasanHutan,cpg,KawasanHutan_WS_CIMANUK_CISANGGARUNG.cpg,1P--Nbq1sCXtnj-bMdrCfbo2rKk511Y4X
WS_CIMANUK_CISANGGARUNG,KawasanHutan,prj,KawasanHutan_WS_CIMANUK_CISANGGARUNG.prj,13L2UImil9EmLPHkmYq-9o9Yk0Nu23DEi
WS_CIMANUK_CISANGGARUNG,KawasanHutan,dbf,KawasanHutan_WS_CIMANUK_CISANGGARUNG.dbf,1yrUBwSphxU8tHJofNLcDP2MZci2bk_Vb
WS_CIMANUK_CISANGGARUNG,KawasanHutan,shx,KawasanHutan_WS_CIMANUK_CISANGGARUNG.shx,1hnn5imMGkFH5FAv2mfAsg5p3osmo96vU
WS_CIMANUK_CISANGGARUNG,KawasanHutan,shp,KawasanHutan_WS_CIMANUK_CISANGGARUNG.shp,1Sc7s0RoMk72r2LBSrQgli2Bu61hpSTY_
WS_CIMANUK_CISANGGARUNG,JenisTanah,prj,JenisTanah_WS_CIMANUK_CISANGGARUNG.prj,1iltuqa7lxzs1CGGHcJ9zPvGle32A756r
WS_CIMANUK_CISANGGARUNG,JenisTanah,dbf,JenisTanah_WS_CIMANUK_CISANGGARUNG.dbf,1RvDLzqd5VBzT0BOFfOXf0y0hWlvds_FD
WS_CIMANUK_CISANGGARUNG,JenisTanah,cpg,JenisTanah_WS_CIMANUK_CISANGGARUNG.cpg,1dGpYZB82gHEzkF3MggxAUEC1T0KfiGvZ
WS_CIMANUK_CISANGGARUNG,JenisTanah,shp,JenisTanah_WS_CIMANUK_CISANGGARUNG.shp,1pu_nz79hM1YK6VviBXesr9azlzJd8PMs
WS_CIMANUK_CISANGGARUNG,JenisTanah,shx,JenisTanah_WS_CIMANUK_CISANGGARUNG.shx,1J8WGO_OO_1ACpGQZHrxtJJnxLSrPnkiQ
WS_CIMANUK_CISANGGARUNG,Erosi,shp,Erosi_WS_CIMANUK_CISANGGARUNG.shp,1oT4HxV4GaojfQLJVbdhZ5xUvmtLhmVV4
WS_CIMANUK_CISANGGARUNG,Erosi,dbf,Erosi_WS_CIMANUK_CISANGGARUNG.dbf,1KwKmIcxwhX02X_MwkGPvqsjfpbOKQ1G6
WS_CIMANUK_CISANGGARUNG,Erosi,shx,Erosi_WS_CIMANUK_CISANGGARUNG.shx,1a5dJGwo8QTP_ZiN-zh44aN2D-DW2r5rf
WS_CIMANUK_CISANGGARUNG,Erosi,cpg,Erosi_WS_CIMANUK_CISANGGARUNG.cpg,1cfKEJOdYUQpDJYEc2MGXldT7OjxvFVXu
WS_CIMANUK_CISANGGARUNG,Erosi,prj,Erosi_WS_CIMANUK_CISANGGARUNG.prj,1ZsO3ubGWEOBBZOicEEniit0AMMo1bNM_
WS_CILIMAN_CIBUNGUR,RURHLDAS,shp,RURHLDAS_WS_CILIMAN_CIBUNGUR.shp,1oi9rHND8wCb8GChRYIul6Hp0PQvNzQnx
WS_CILIMAN_CIBUNGUR,RURHLDAS,dbf,RURHLDAS_WS_CILIMAN_CIBUNGUR.dbf,1TC_iUt5H5cC07v83Cs0EFPwYKouDeZ50
WS_CILIMAN_CIBUNGUR,RURHLDAS,shx,RURHLDAS_WS_CILIMAN_CIBUNGUR.shx,1VBeAZHODMl4307e4sKrwcWz2xZhE3X06
WS_CILIMAN_CIBUNGUR,RURHLDAS,cpg,RURHLDAS_WS_CILIMAN_CIBUNGUR.cpg,1jFNC_HhaXPWe-gKx25MPnTrKLmVjlzGO
WS_CILIMAN_CIBUNGUR,RURHLDAS,prj,RURHLDAS_WS_CILIMAN_CIBUNGUR.prj,1QkIoI-Rto5bmdS3JWmmlpL_Fuo1DDHA_
WS_CILIMAN_CIBUNGUR,TutupanLahan,cpg,TutupanLahan_WS_CILIMAN_CIBUNGUR.cpg,1R-UDzmFlH3wLgJw0Tvd5toUKof_0bCh-
WS_CILIMAN_CIBUNGUR,TutupanLahan,shx,TutupanLahan_WS_CILIMAN_CIBUNGUR.shx,1rynO1f6GhB1gF9k8norvh5DJhWNJkokI
WS_CILIMAN_CIBUNGUR,TutupanLahan,prj,TutupanLahan_WS_CILIMAN_CIBUNGUR.prj,1p1q9eNODniinoZQHbbV8v_ezAIM-ZMfC
WS_CILIMAN_CIBUNGUR,TutupanLahan,shp,TutupanLahan_WS_CILIMAN_CIBUNGUR.shp,1BQl8MlzQVXyb7ue1kQixNUjctERpiWwb
WS_CILIMAN_CIBUNGUR,TutupanLahan,dbf,TutupanLahan_WS_CILIMAN_CIBUNGUR.dbf,1Usu5GXyXEusLWid-_1Fv2JZkz9ucwcKp
WS_CILIMAN_CIBUNGUR,KawasanHutan,cpg,KawasanHutan_WS_CILIMAN_CIBUNGUR.cpg,1clYJOPeAwsJcNNl6avS-OJxi8kcQshl0
WS_CILIMAN_CIBUNGUR,KawasanHutan,prj,KawasanHutan_WS_CILIMAN_CIBUNGUR.prj,16eRRAqePB7Me8_Bevw6wlhT9lMMjD1OT
WS_CILIMAN_CIBUNGUR,KawasanHutan,shp,KawasanHutan_WS_CILIMAN_CIBUNGUR.shp,1uRWIviHmaG1cYeUJH350PZTug07h8om5
WS_CILIMAN_CIBUNGUR,KawasanHutan,shx,KawasanHutan_WS_CILIMAN_CIBUNGUR.shx,1dzP5objCfQGmSjEud8C3AIstjx94pjgi
WS_CILIMAN_CIBUNGUR,KawasanHutan,dbf,KawasanHutan_WS_CILIMAN_CIBUNGUR.dbf,1idbHDgOAarVeecYM3CqrS9InxnnVd32J
WS_CILIMAN_CIBUNGUR,JenisTanah,shp,JenisTanah_WS_CILIMAN_CIBUNGUR.shp,1yMMgPf5cD7saHq1lHhvP3yo0oeovWEEa
WS_CILIMAN_CIBUNGUR,JenisTanah,shx,JenisTanah_WS_CILIMAN_CIBUNGUR.shx,1wd5Fo4WL94fKJDcQyPkKY69DNQI6Cf1B
WS_CILIMAN_CIBUNGUR,JenisTanah,cpg,JenisTanah_WS_CILIMAN_CIBUNGUR.cpg,1uV2iZZjXpWwszuUclEy4y4RjTmllp2w5
WS_CILIMAN_CIBUNGUR,JenisTanah,dbf,JenisTanah_WS_CILIMAN_CIBUNGUR.dbf,16klQfj0eHTuJqZeKJyIEaOxbPHAIl8vO
WS_CILIMAN_CIBUNGUR,JenisTanah,prj,JenisTanah_WS_CILIMAN_CIBUNGUR.prj,1LzYruxBayc5PqlSDrFBw6WigQLapME5n
WS_CILIMAN_CIBUNGUR,Erosi,prj,Erosi_WS_CILIMAN_CIBUNGUR.prj,1RyeG9uAdYpBPJr512TOApI0TijkHAAHA
WS_CILIMAN_CIBUNGUR,Erosi,shp,Erosi_WS_CILIMAN_CIBUNGUR.shp,1jB5cu6nvEJhQYvrLCO-De21_LekuDGHT
WS_CILIMAN_CIBUNGUR,Erosi,cpg,Erosi_WS_CILIMAN_CIBUNGUR.cpg,1Qr2mA6nWVPeUdr569kCE6psin2chlC3N
WS_CILIMAN_CIBUNGUR,Erosi,dbf,Erosi_WS_CILIMAN_CIBUNGUR.dbf,1ZNDWvvlD2MdTUiy3Y-58ixSqteZmRvnp
WS_CILIMAN_CIBUNGUR,Erosi,shx,Erosi_WS_CILIMAN_CIBUNGUR.shx,1dxhLZIhOvZK6-QyVWijSkasQzW7EexUm
WS_CITANDUY,RURHLDAS,dbf,RURHLDAS_WS_CITANDUY.dbf,1DaZ2Pej9jCV1ySr-Oygg7SWwqN1_tV_i
WS_CITANDUY,RURHLDAS,shp,RURHLDAS_WS_CITANDUY.shp,1hvw7QQtt3VhqRO7q0UHRmLSI5HThi3co
WS_CITANDUY,RURHLDAS,shx,RURHLDAS_WS_CITANDUY.shx,1fnMLqdKDDsGe-sd6h8u58Ti86JESfAgt
WS_CITANDUY,RURHLDAS,prj,RURHLDAS_WS_CITANDUY.prj,1PHfs_Woty-098APFeTslnvYq7VrvnuKL
WS_CITANDUY,RURHLDAS,cpg,RURHLDAS_WS_CITANDUY.cpg,12ouw7FU3uz5uO8S4hjaj93jSCsPn2vpl
WS_CITANDUY,TutupanLahan,shx,TutupanLahan_WS_CITANDUY.shx,1-pcPYa_8G__5G7i5h4FCWHAlKoSbq8wM
WS_CITANDUY,TutupanLahan,prj,TutupanLahan_WS_CITANDUY.prj,1fVYKJxMgbVdgw5KRz9tgxyWG8IwVy36j
WS_CITANDUY,TutupanLahan,dbf,TutupanLahan_WS_CITANDUY.dbf,17YBWY64U9A1ji8bqDH1AlRVH0LJ6CJBY
WS_CITANDUY,TutupanLahan,cpg,TutupanLahan_WS_CITANDUY.cpg,19gLOMNjCWJ0OpFXCAwB7-0I2YLC6q4MQ
WS_CITANDUY,TutupanLahan,shp,TutupanLahan_WS_CITANDUY.shp,1LYu-KT329oZgFc7CHjpsPl9A0uUIsMB7
WS_CITANDUY,KawasanHutan,cpg,KawasanHutan_WS_CITANDUY.cpg,1_FdecJFVP2g-wX7LQlKJb9WNCTl3P3VD
WS_CITANDUY,KawasanHutan,shx,KawasanHutan_WS_CITANDUY.shx,1pLGd82vy5ymQCqkEMTgxana25ULHgxEq
WS_CITANDUY,KawasanHutan,shp,KawasanHutan_WS_CITANDUY.shp,1e4-xHnvAxtIrvsh7q8ycM46ea_Wja5w4
WS_CITANDUY,KawasanHutan,dbf,KawasanHutan_WS_CITANDUY.dbf,1TZdYSlw1rEZXVacBhB-AdTzlN50-vdM0
WS_CITANDUY,KawasanHutan,prj,KawasanHutan_WS_CITANDUY.prj,11Tf4o4o-j11BEPVtX6edZNSX5Q8p1rdU
WS_CITANDUY,JenisTanah,cpg,JenisTanah_WS_CITANDUY.cpg,1KXTOOdJwYMG3gRanwP_6z-9QBW5SwTEP
WS_CITANDUY,JenisTanah,prj,JenisTanah_WS_CITANDUY.prj,1p-9eqbOP_tIqD7sLUgchO8faWG7gob19
WS_CITANDUY,JenisTanah,shx,JenisTanah_WS_CITANDUY.shx,1q2bL2bSb6WoBbyBiRyAh8WCu8UMoY9TX
WS_CITANDUY,JenisTanah,shp,JenisTanah_WS_CITANDUY.shp,1pH3ws-Wewd2lOk9Q-9Z-lNC5dru8DLNW
WS_CITANDUY,JenisTanah,dbf,JenisTanah_WS_CITANDUY.dbf,1OkgZJglZLFSOy7sQVOCEYMEKTnMGF6bM
WS_CITANDUY,Erosi,shx,Erosi_WS_CITANDUY.shx,1j0l13LDxOqQQ7n6-4wwfsrhFuTIwOdTE
WS_CITANDUY,Erosi,prj,Erosi_WS_CITANDUY.prj,1dme6I0PBj4hQ-1X47sY5H7fRda3PZb9p
WS_CITANDUY,Erosi,dbf,Erosi_WS_CITANDUY.dbf,1WaXXovXFGN3snH7zh5YGqQJgsnvgBsVa
WS_CITANDUY,Erosi,shp,Erosi_WS_CITANDUY.shp,1lAWLTm0u7XgJEMAUJ-ImPn2i8nr5w0Qr
WS_CITANDUY,Erosi,cpg,Erosi_WS_CITANDUY.cpg,1fZDULavaeHFXSPREHvoeX6cB0hlHYXDT
WS_CIDANAU_CIUJUNG_CIDURIAN,RURHLDAS,shx,RURHLDAS_WS_CIDANAU_CIUJUNG_CIDURIAN.shx,1EcfHcnzfmYdCOZtDL7EgOSPHiTiPI1L9
WS_CIDANAU_CIUJUNG_CIDURIAN,RURHLDAS,shp,RURHLDAS_WS_CIDANAU_CIUJUNG_CIDURIAN.shp,1QnNt1b6B1u9E8xMNPoUPWCZaDlpGhDmA
WS_CIDANAU_CIUJUNG_CIDURIAN,RURHLDAS,dbf,RURHLDAS_WS_CIDANAU_CIUJUNG_CIDURIAN.dbf,1hlaaJ_uCq0KMVQVbJ_HFEY0ym_m9k3m5
WS_CIDANAU_CIUJUNG_CIDURIAN,RURHLDAS,cpg,RURHLDAS_WS_CIDANAU_CIUJUNG_CIDURIAN.cpg,1i2jMGGFJwMSlPqj4517NY4E_H9pgABO8
WS_CIDANAU_CIUJUNG_CIDURIAN,RURHLDAS,prj,RURHLDAS_WS_CIDANAU_CIUJUNG_CIDURIAN.prj,17ReKjj5tRZZnlYjuFkFOCGXmkY5xc4zz
WS_CIDANAU_CIUJUNG_CIDURIAN,TutupanLahan,shp,TutupanLahan_WS_CIDANAU_CIUJUNG_CIDURIAN.shp,1Wpe-kD-LFgaRM0YF03tKXc1xK6dx6g_U
WS_CIDANAU_CIUJUNG_CIDURIAN,TutupanLahan,prj,TutupanLahan_WS_CIDANAU_CIUJUNG_CIDURIAN.prj,1XQQtBN3FjOpwvU3YWp4NOAJxkwCzkZIA
WS_CIDANAU_CIUJUNG_CIDURIAN,TutupanLahan,shx,TutupanLahan_WS_CIDANAU_CIUJUNG_CIDURIAN.shx,1hLDUv14f2xZDvJ1Lgj7wB1y7x8Y3HTCY
WS_CIDANAU_CIUJUNG_CIDURIAN,TutupanLahan,dbf,TutupanLahan_WS_CIDANAU_CIUJUNG_CIDURIAN.dbf,19o0oL3-MYTg6N3cYPGNGBkizkDeD8hWR
WS_CIDANAU_CIUJUNG_CIDURIAN,TutupanLahan,cpg,TutupanLahan_WS_CIDANAU_CIUJUNG_CIDURIAN.cpg,1mw1Yy8bdLGc1hseTxGXO3XKdBEyjmQrl
WS_CIDANAU_CIUJUNG_CIDURIAN,KawasanHutan,shx,KawasanHutan_WS_CIDANAU_CIUJUNG_CIDURIAN.shx,1NCe2ugOCLPdqDUYNKXOLPa0sjK3XiqBW
WS_CIDANAU_CIUJUNG_CIDURIAN,KawasanHutan,cpg,KawasanHutan_WS_CIDANAU_CIUJUNG_CIDURIAN.cpg,1wBy0E2RyKP-42nzqSwVZtz9TBZxyPwvv
WS_CIDANAU_CIUJUNG_CIDURIAN,KawasanHutan,shp,KawasanHutan_WS_CIDANAU_CIUJUNG_CIDURIAN.shp,17RqJuCOSNXtNHonO0Y5mJodJ6DTF9KeD
WS_CIDANAU_CIUJUNG_CIDURIAN,KawasanHutan,dbf,KawasanHutan_WS_CIDANAU_CIUJUNG_CIDURIAN.dbf,1MVbamHr34Fm69kmoESIe7yS5LBs0id1g
WS_CIDANAU_CIUJUNG_CIDURIAN,KawasanHutan,prj,KawasanHutan_WS_CIDANAU_CIUJUNG_CIDURIAN.prj,1QQZ-7xWZ_cbUOjXAa-hhVK_cAtWTq1qf
WS_CIDANAU_CIUJUNG_CIDURIAN,JenisTanah,prj,JenisTanah_WS_CIDANAU_CIUJUNG_CIDURIAN.prj,1uz-NV-6Tn1lCadxql07XL4uRKyiAhlGO
WS_CIDANAU_CIUJUNG_CIDURIAN,JenisTanah,shx,JenisTanah_WS_CIDANAU_CIUJUNG_CIDURIAN.shx,1aa6ySAowDaSFac44R-qj7jdDDDn4fhr8
WS_CIDANAU_CIUJUNG_CIDURIAN,JenisTanah,shp,JenisTanah_WS_CIDANAU_CIUJUNG_CIDURIAN.shp,10eeT_ZxPw2tlpAX_mlkklT8ZasmROqi_
WS_CIDANAU_CIUJUNG_CIDURIAN,JenisTanah,cpg,JenisTanah_WS_CIDANAU_CIUJUNG_CIDURIAN.cpg,11d9VHMxC2ej6EFGNJnEQU3f7eLKfMdLD
WS_CIDANAU_CIUJUNG_CIDURIAN,JenisTanah,dbf,JenisTanah_WS_CIDANAU_CIUJUNG_CIDURIAN.dbf,1svNAIPr5SWhkA8U9nHkoW0fxcuoDQ1RZ
WS_CIDANAU_CIUJUNG_CIDURIAN,Erosi,prj,Erosi_WS_CIDANAU_CIUJUNG_CIDURIAN.prj,1uc91a38i22WCPMVicFcZJNr5uqyegSrW
WS_CIDANAU_CIUJUNG_CIDURIAN,Erosi,shx,Erosi_WS_CIDANAU_CIUJUNG_CIDURIAN.shx,1hK8pJp_agrpCqbrtYKYvWbi9ehjd0-FE
WS_CIDANAU_CIUJUNG_CIDURIAN,Erosi,shp,Erosi_WS_CIDANAU_CIUJUNG_CIDURIAN.shp,1WhW3XU8jrl0YkLM5x-isNu7SeyZ9LPsR
WS_CIDANAU_CIUJUNG_CIDURIAN,Erosi,cpg,Erosi_WS_CIDANAU_CIUJUNG_CIDURIAN.cpg,13UHAUOMrHKHKePbTdvb6VPbgidvaHM3U
WS_CIDANAU_CIUJUNG_CIDURIAN,Erosi,dbf,Erosi_WS_CIDANAU_CIUJUNG_CIDURIAN.dbf,110LZGMlw7wnZkVBkKsDhwtI0JM9tmzwd
WS_CITARUM,RURHLDAS,dbf,RURHLDAS_WS_CITARUM.dbf,1sI8begiE6W7YxHLCGAVEp89YyKNXe80q
WS_CITARUM,RURHLDAS,shx,RURHLDAS_WS_CITARUM.shx,1JnKco-LJN-Hwl-qRQl7nYEIh1pMpUCpO
WS_CITARUM,RURHLDAS,shp,RURHLDAS_WS_CITARUM.shp,1Lf8CdUkAdq_DJIC_MygZjQaAf1Ik2Bw2
WS_CITARUM,RURHLDAS,prj,RURHLDAS_WS_CITARUM.prj,1HMkwYg1cmsMoaFxaXulDkIu9i1-MPRvQ
WS_CITARUM,RURHLDAS,cpg,RURHLDAS_WS_CITARUM.cpg,1jrIinbQhgVmfFmz_zgPRGjwJ0uQdrzUb
WS_CITARUM,TutupanLahan,prj,TutupanLahan_WS_CITARUM.prj,1ew0BnD47l_JtMmY3x9Fv5_fUGx2Oh3kp
WS_CITARUM,TutupanLahan,cpg,TutupanLahan_WS_CITARUM.cpg,1k80iYu_G72GDIN_F2qZ7PACmrcD41SGt
WS_CITARUM,TutupanLahan,shp,TutupanLahan_WS_CITARUM.shp,1Rkkq5QgWvjcVWUi22PuG7hGpUlKS512G
WS_CITARUM,TutupanLahan,dbf,TutupanLahan_WS_CITARUM.dbf,1Qt5ctzNsxvFiSBorDNWyPO9CmLZvY0Yb
WS_CITARUM,TutupanLahan,shx,TutupanLahan_WS_CITARUM.shx,1P5nXSXroURGdiaRG5dd6-S7-R0YEF-1y
WS_CITARUM,KawasanHutan,shx,KawasanHutan_WS_CITARUM.shx,1sWmenVatx4o86Sc1rlyHBePdAsAiD_hT
WS_CITARUM,KawasanHutan,shp,KawasanHutan_WS_CITARUM.shp,1IVgxpJ-6RzFu5-LU3POrtF-p23KgRydI
WS_CITARUM,KawasanHutan,cpg,KawasanHutan_WS_CITARUM.cpg,1GLkLI4Edgv6E_0I5UjCk_9ZawWFYVwHq
WS_CITARUM,KawasanHutan,dbf,KawasanHutan_WS_CITARUM.dbf,1u1-gwebfjpVE7l3ESn00vSzDDNbEOqvD
WS_CITARUM,KawasanHutan,prj,KawasanHutan_WS_CITARUM.prj,1l5G2FqpCqVYoT82E0CBbxFhBoPs9anJu
WS_CITARUM,JenisTanah,shp,JenisTanah_WS_CITARUM.shp,1IKPbQ-L-D0odrXXuBIaRUpsH7B2I18yO
WS_CITARUM,JenisTanah,shx,JenisTanah_WS_CITARUM.shx,1r9zgFSVMpGEk-iOM01scLWYEQF09x06S
WS_CITARUM,JenisTanah,prj,JenisTanah_WS_CITARUM.prj,1DGCiAsowVg_jK6sNzzbj4uCTwIJA8gGw
WS_CITARUM,JenisTanah,cpg,JenisTanah_WS_CITARUM.cpg,1-vIrEr74Gp_JOvGA0dQZPpV7RBha9R0A
WS_CITARUM,JenisTanah,dbf,JenisTanah_WS_CITARUM.dbf,1GwnOP3b_PhxvZLxoKJDEi3zDQDc57Ff6
WS_CITARUM,Erosi,shp,Erosi_WS_CITARUM.shp,1R_WVrJQ_mQoGNvxkCLUa9e1sMSIESoD2
WS_CITARUM,Erosi,shx,Erosi_WS_CITARUM.shx,1XAOD7wqizmt1kPUs23-BFi-BFruNg4B7
WS_CITARUM,Erosi,cpg,Erosi_WS_CITARUM.cpg,1e609Z8U5rasdSOeP9obn6eD_h6HGWnQI
WS_CITARUM,Erosi,dbf,Erosi_WS_CITARUM.dbf,1HfvIdV8KjHBUjxs89mDdx7B75B1q6_mw
WS_CITARUM,Erosi,prj,Erosi_WS_CITARUM.prj,1SqYDWWzuAqOBTDNzLvA6_rKgPwI-0eXd
WS_CISADEA_CIBAREO,RURHLDAS,dbf,RURHLDAS_WS_CISADEA_CIBAREO.dbf,1KO-3wprFOfqgztTFT_i18KPgXOEzr9a0
WS_CISADEA_CIBAREO,RURHLDAS,shp,RURHLDAS_WS_CISADEA_CIBAREO.shp,1lNWHVgM28U8x4aat1ePB7zUplm84bVig
WS_CISADEA_CIBAREO,RURHLDAS,shx,RURHLDAS_WS_CISADEA_CIBAREO.shx,1HLOdlUXmDfLsGNUK2N_eJo9MByK0xHQT
WS_CISADEA_CIBAREO,RURHLDAS,cpg,RURHLDAS_WS_CISADEA_CIBAREO.cpg,1QaWyoVBTxlk8-Ld4wQYugBIsviBAeaSV
WS_CISADEA_CIBAREO,RURHLDAS,prj,RURHLDAS_WS_CISADEA_CIBAREO.prj,14FOTITCKtv2x99Rqj3yIbEQWlCAvK9F7
WS_CISADEA_CIBAREO,TutupanLahan,shp,TutupanLahan_WS_CISADEA_CIBAREO.shp,1R5_BwuHGx44dUzbmbnPD2ynKU2oK1Gfw
WS_CISADEA_CIBAREO,TutupanLahan,prj,TutupanLahan_WS_CISADEA_CIBAREO.prj,1t3fBQsAa4CYsM2roVLbNQ7jv46rnZ0Ib
WS_CISADEA_CIBAREO,TutupanLahan,dbf,TutupanLahan_WS_CISADEA_CIBAREO.dbf,1r1OMn-E2MQqKddtYvp1i9I5oTPlUg7y7
WS_CISADEA_CIBAREO,TutupanLahan,shx,TutupanLahan_WS_CISADEA_CIBAREO.shx,1Yp6FSM1MlXw5YraVi9RQP9K_o5IYtl4b
WS_CISADEA_CIBAREO,TutupanLahan,cpg,TutupanLahan_WS_CISADEA_CIBAREO.cpg,1P2REdPMnwzm_Un_TuJrixgRnX336C-Mt
WS_CISADEA_CIBAREO,KawasanHutan,prj,KawasanHutan_WS_CISADEA_CIBAREO.prj,1paD2Mp2bum6Ucmhc6SL7UtcgLOSbNGZr
WS_CISADEA_CIBAREO,KawasanHutan,dbf,KawasanHutan_WS_CISADEA_CIBAREO.dbf,1rIOeCNlVWXjY0sQPJGCbNWpULaorhcUb
WS_CISADEA_CIBAREO,KawasanHutan,shp,KawasanHutan_WS_CISADEA_CIBAREO.shp,17mTDTGSIKwvh8BBe4iRKt1E-0iajGEiB
WS_CISADEA_CIBAREO,KawasanHutan,cpg,KawasanHutan_WS_CISADEA_CIBAREO.cpg,189OLOge1HTyqGc9StrVVyNOktRr2oLnW
WS_CISADEA_CIBAREO,KawasanHutan,shx,KawasanHutan_WS_CISADEA_CIBAREO.shx,1C7ZbFQU3l8tp8WpiRXFKGPVMiUKbSv9j
WS_CISADEA_CIBAREO,JenisTanah,cpg,JenisTanah_WS_CISADEA_CIBAREO.cpg,12rGO-GRjyTJTLhRPEjuG5R_BEierJiqA
WS_CISADEA_CIBAREO,JenisTanah,shp,JenisTanah_WS_CISADEA_CIBAREO.shp,1460rx-5kDcvQFIEZCrx6rVDR1iHwOcep
WS_CISADEA_CIBAREO,JenisTanah,shx,JenisTanah_WS_CISADEA_CIBAREO.shx,10n-GqIekb_gwSbiWWA3JjgM8WK-ACOit
WS_CISADEA_CIBAREO,JenisTanah,dbf,JenisTanah_WS_CISADEA_CIBAREO.dbf,1OqKASV8VvV5tsxyQGkHWOdwB8LzimXoZ
WS_CISADEA_CIBAREO,JenisTanah,prj,JenisTanah_WS_CISADEA_CIBAREO.prj,1KsJzPZXvhZ_UdZd-d6zCSEMHOhNrhO4d
WS_CISADEA_CIBAREO,Erosi,shx,Erosi_WS_CISADEA_CIBAREO.shx,1YYA5bi8BU8T-43oilx2dPGuIEDKNyJNr
WS_CISADEA_CIBAREO,Erosi,dbf,Erosi_WS_CISADEA_CIBAREO.dbf,1ozJfxyM9orEgCAHepLXTf3heEjDSIbzH
WS_CISADEA_CIBAREO,Erosi,shp,Erosi_WS_CISADEA_CIBAREO.shp,18J3sW2Zn7GXVUjJMqJD9qw_mgVjIFCh7
WS_CISADEA_CIBAREO,Erosi,prj,Erosi_WS_CISADEA_CIBAREO.prj,1p-WsiejcTx1FLNYrXsqReIGaVcjzNelz
WS_CISADEA_CIBAREO,Erosi,cpg,Erosi_WS_CISADEA_CIBAREO.cpg,1_27E3aNoj5JpzH2PWx1wGixZD4D-TAch
WS_CIWULAN_CILAKI,RURHLDAS,shx,RURHLDAS_WS_CIWULAN_CILAKI.shx,17VfXZnfnSC5WxZWyLM5mOUAG44PSCECi
WS_CIWULAN_CILAKI,RURHLDAS,shp,RURHLDAS_WS_CIWULAN_CILAKI.shp,1zETvZFBK67_O_b7apbJBnWp7qW5lX6s0
WS_CIWULAN_CILAKI,RURHLDAS,dbf,RURHLDAS_WS_CIWULAN_CILAKI.dbf,1oAZK0RjUQvbODgNMRCF8DC22SDZGuO7r
WS_CIWULAN_CILAKI,RURHLDAS,cpg,RURHLDAS_WS_CIWULAN_CILAKI.cpg,1eDIV66VeggpxFXwKzcMHE3Zj2XZLyUSJ
WS_CIWULAN_CILAKI,RURHLDAS,prj,RURHLDAS_WS_CIWULAN_CILAKI.prj,1qnUayapdtlnx7fCspWEpuXwaksvH4Pnd
WS_CIWULAN_CILAKI,TutupanLahan,shx,TutupanLahan_WS_CIWULAN_CILAKI.shx,17u1QC7dGxMD4kyjvtrHeiLnraXhcuc7P
WS_CIWULAN_CILAKI,TutupanLahan,cpg,TutupanLahan_WS_CIWULAN_CILAKI.cpg,1kJCqNJAK3c9cGRU35J7URwC_d5295Ym-
WS_CIWULAN_CILAKI,TutupanLahan,dbf,TutupanLahan_WS_CIWULAN_CILAKI.dbf,1XisETYBlV1-pAK6Ybl32Lu6NFU8Fb21e
WS_CIWULAN_CILAKI,TutupanLahan,prj,TutupanLahan_WS_CIWULAN_CILAKI.prj,10P_3hkA9YnG7mxj4FaJPVENn0g6imdWm
WS_CIWULAN_CILAKI,TutupanLahan,shp,TutupanLahan_WS_CIWULAN_CILAKI.shp,1ZyZXFCBUwgoFi6HrW6biup0VuLJfgttX
WS_CIWULAN_CILAKI,KawasanHutan,shx,KawasanHutan_WS_CIWULAN_CILAKI.shx,1T2lYM4Hz9Vlc5A7tC0tiR7ZD3_-28ZlN
WS_CIWULAN_CILAKI,KawasanHutan,shp,KawasanHutan_WS_CIWULAN_CILAKI.shp,1QW3rLXai02ZLqViVep9W4A_bydYfx0RN
WS_CIWULAN_CILAKI,KawasanHutan,cpg,KawasanHutan_WS_CIWULAN_CILAKI.cpg,14p4AvD32gjmjNJlYmYv6QAQaleA7qvhR
WS_CIWULAN_CILAKI,KawasanHutan,prj,KawasanHutan_WS_CIWULAN_CILAKI.prj,1W0DQiCfMOceg29ewjBo24RPnQtnnK6I5
WS_CIWULAN_CILAKI,KawasanHutan,dbf,KawasanHutan_WS_CIWULAN_CILAKI.dbf,1mPfFF83bmfW5nnj_vrb7mndV7RisvWQT
WS_CIWULAN_CILAKI,JenisTanah,prj,JenisTanah_WS_CIWULAN_CILAKI.prj,1EbuiPXd_uaonQUtyjtDUo9BO3RFN1d_f
WS_CIWULAN_CILAKI,JenisTanah,cpg,JenisTanah_WS_CIWULAN_CILAKI.cpg,1ykA-qMEaWcgDwWv37aW481Yh_ds36idG
WS_CIWULAN_CILAKI,JenisTanah,shp,JenisTanah_WS_CIWULAN_CILAKI.shp,1iqlSwQsM7790BulB9gO2q4EWCaeDQHTG
WS_CIWULAN_CILAKI,JenisTanah,dbf,JenisTanah_WS_CIWULAN_CILAKI.dbf,1w5rW2dEPSL5a5xNSZ3fl9NGuDD4aoAxt
WS_CIWULAN_CILAKI,JenisTanah,shx,JenisTanah_WS_CIWULAN_CILAKI.shx,1ZyitEtyjylpPIRhcJfRF3xJSIVr_cpQM
WS_CIWULAN_CILAKI,Erosi,prj,Erosi_WS_CIWULAN_CILAKI.prj,13hCKEsKAGuujr1tNpuTicWpnEPgd2dL3
WS_CIWULAN_CILAKI,Erosi,shp,Erosi_WS_CIWULAN_CILAKI.shp,1QdURkgTM3v7No5V9Dbw0wtkMXMuJ6Aqg
WS_CIWULAN_CILAKI,Erosi,shx,Erosi_WS_CIWULAN_CILAKI.shx,17HvK8uXlZ7WYvmukUBIp8anRLl4rcIPL
WS_CIWULAN_CILAKI,Erosi,dbf,Erosi_WS_CIWULAN_CILAKI.dbf,17CinI28TSC80WSRTA1Tp40ZFpVoZspN-
WS_CIWULAN_CILAKI,Erosi,cpg,Erosi_WS_CIWULAN_CILAKI.cpg,1CLZeiI16xjCr5NU8Xw8lzQnK3mMZLmyZ
WS_CIBALIUNG_CISAWARNA,RURHLDAS,dbf,RURHLDAS_WS_CIBALIUNG_CISAWARNA.dbf,1echMiT0n467CXNkpmM2dYwOBg7Z8yhA6
WS_CIBALIUNG_CISAWARNA,RURHLDAS,prj,RURHLDAS_WS_CIBALIUNG_CISAWARNA.prj,1bk7b2WAqqSymfnaCd7ZJC7MVA_XMj3Xn
WS_CIBALIUNG_CISAWARNA,RURHLDAS,shp,RURHLDAS_WS_CIBALIUNG_CISAWARNA.shp,1pOmpArM-9eLM9EI9Xpd9AoIk9dA9wcYR
WS_CIBALIUNG_CISAWARNA,RURHLDAS,shx,RURHLDAS_WS_CIBALIUNG_CISAWARNA.shx,1MrG4pZA--SqyZxQlPk9idKEFJVq8fDHl
WS_CIBALIUNG_CISAWARNA,RURHLDAS,cpg,RURHLDAS_WS_CIBALIUNG_CISAWARNA.cpg,1eYuKZDyB7FlTbJnXYDTLmdJLj3tqvUQR
WS_CIBALIUNG_CISAWARNA,TutupanLahan,shp,TutupanLahan_WS_CIBALIUNG_CISAWARNA.shp,1Uo-lqKPUjM8KBQDAwFQYSWBJ2d1eAcKR
WS_CIBALIUNG_CISAWARNA,TutupanLahan,prj,TutupanLahan_WS_CIBALIUNG_CISAWARNA.prj,1AdQgBWwuMitgPAPvIPWmO53Nfs3JA8R2
WS_CIBALIUNG_CISAWARNA,TutupanLahan,shx,TutupanLahan_WS_CIBALIUNG_CISAWARNA.shx,1Ap8JhLnQ3MYV792kSoX6pOjO7AVSJbip
WS_CIBALIUNG_CISAWARNA,TutupanLahan,dbf,TutupanLahan_WS_CIBALIUNG_CISAWARNA.dbf,17dSW9QoNaaxhBp2idqtEe4uyCv4x9d_b
WS_CIBALIUNG_CISAWARNA,TutupanLahan,cpg,TutupanLahan_WS_CIBALIUNG_CISAWARNA.cpg,1M69f4wmfjw1n8opQL-tw2pq5orfkCUJg
WS_CIBALIUNG_CISAWARNA,KawasanHutan,shp,KawasanHutan_WS_CIBALIUNG_CISAWARNA.shp,1fRzMkvy0hgtrAbS9lgYtYnmGXb-6rD0F
WS_CIBALIUNG_CISAWARNA,KawasanHutan,shx,KawasanHutan_WS_CIBALIUNG_CISAWARNA.shx,1rzC7O6Chl6Wjo-drwKCKEw2UbePH1QVg
WS_CIBALIUNG_CISAWARNA,KawasanHutan,prj,KawasanHutan_WS_CIBALIUNG_CISAWARNA.prj,1pNn6_zFV1yiaNgTnNDapm-iczigIwXwi
WS_CIBALIUNG_CISAWARNA,KawasanHutan,cpg,KawasanHutan_WS_CIBALIUNG_CISAWARNA.cpg,1YoaGdXDQy90bnpLhRmEWQoGx9UICqYXo
WS_CIBALIUNG_CISAWARNA,KawasanHutan,dbf,KawasanHutan_WS_CIBALIUNG_CISAWARNA.dbf,1QJzeVSf5Syp3pz9i22XZzLr3lbIVrtee
WS_CIBALIUNG_CISAWARNA,JenisTanah,dbf,JenisTanah_WS_CIBALIUNG_CISAWARNA.dbf,1xMsNSTRsWlATkplJSYE3RPbMt8t7-AIJ
WS_CIBALIUNG_CISAWARNA,JenisTanah,shp,JenisTanah_WS_CIBALIUNG_CISAWARNA.shp,1NepFvccOIzdDyMGaFvAjydU6YDtupzxu
WS_CIBALIUNG_CISAWARNA,JenisTanah,shx,JenisTanah_WS_CIBALIUNG_CISAWARNA.shx,1Jg_CFNe9VWQBnox87tZgDspG8yOwdCjM
WS_CIBALIUNG_CISAWARNA,JenisTanah,prj,JenisTanah_WS_CIBALIUNG_CISAWARNA.prj,1iV_GpAwYBz2DcfyztJY4Zc_PUtX5FUP7
WS_CIBALIUNG_CISAWARNA,JenisTanah,cpg,JenisTanah_WS_CIBALIUNG_CISAWARNA.cpg,1Bnjsdtqbnqcwy-RiywldhbvLiNgy40Uc
WS_CIBALIUNG_CISAWARNA,Erosi,prj,Erosi_WS_CIBALIUNG_CISAWARNA.prj,1qH6kweWjLHZH0RJW6G2vi4l-oe4FLeE2
WS_CIBALIUNG_CISAWARNA,Erosi,shp,Erosi_WS_CIBALIUNG_CISAWARNA.shp,1zBSNqOPCMK_Ak7dLgXGizNWCGV_qIUHc
WS_CIBALIUNG_CISAWARNA,Erosi,shx,Erosi_WS_CIBALIUNG_CISAWARNA.shx,1FLqQBY-qafoCJYURwZ_WV8g5BOrCik5_
WS_CIBALIUNG_CISAWARNA,Erosi,cpg,Erosi_WS_CIBALIUNG_CISAWARNA.cpg,1WvcmW6stB8Px2exHAYSoKxeutHkqoHS-
WS_CIBALIUNG_CISAWARNA,Erosi,dbf,Erosi_WS_CIBALIUNG_CISAWARNA.dbf,1V9MITEyzXrMUU-PrLs3J0BMz7G9tx3Wz
WS_BRANTAS,RURHLDAS,shp,RURHLDAS_WS_BRANTAS.shp,1gA87xlEtdNIdmyd8mZ87FYTtvq8tlwiz
WS_BRANTAS,RURHLDAS,shx,RURHLDAS_WS_BRANTAS.shx,1eZQLgoyVsukCv-DJFLx3LFL8yFze9kCe
WS_BRANTAS,RURHLDAS,dbf,RURHLDAS_WS_BRANTAS.dbf,1KC-ZJj2XS2M1FNwSSmi-IoFBhnQMiiPT
WS_BRANTAS,RURHLDAS,cpg,RURHLDAS_WS_BRANTAS.cpg,1C4nLxu3DyGLmgFHkFnd_tDOEj2oIrm0N
WS_BRANTAS,RURHLDAS,prj,RURHLDAS_WS_BRANTAS.prj,1lfr1Q6LG3ychZJCXZrCa5Ge4AZhBTvJZ
WS_BRANTAS,TutupanLahan,cpg,TutupanLahan_WS_BRANTAS.cpg,1rE58AQAj05xdBATa5c9nBox42LV5dGcM
WS_BRANTAS,TutupanLahan,shx,TutupanLahan_WS_BRANTAS.shx,17BhLfuJ_Cvr1swh6gqYwrpZxyvsYiGzT
WS_BRANTAS,TutupanLahan,prj,TutupanLahan_WS_BRANTAS.prj,1GTUatryme6I-o4J3Om_aNjITZ6xiK--8
WS_BRANTAS,TutupanLahan,shp,TutupanLahan_WS_BRANTAS.shp,1lEQ9vOfjnU0anznKWqDuDYaacMS1RSLl
WS_BRANTAS,TutupanLahan,dbf,TutupanLahan_WS_BRANTAS.dbf,15URMrWDtVdwvFqKKOMWT-DhaAbnASl9x
WS_BRANTAS,KawasanHutan,shp,KawasanHutan_WS_BRANTAS.shp,1N2t5-TUOfIPBtgs3nChadpkBr9GuWNU6
WS_BRANTAS,KawasanHutan,shx,KawasanHutan_WS_BRANTAS.shx,1mfVYAXArSiBfObmBQ_RBL7x5WUbgDgjX
WS_BRANTAS,KawasanHutan,prj,KawasanHutan_WS_BRANTAS.prj,1OefF7oQZe9pZUXnL7t5sQYyQfr9_gIFM
WS_BRANTAS,KawasanHutan,dbf,KawasanHutan_WS_BRANTAS.dbf,1uJegCAHW_dTr4MBs2d_XIahGDJXw7IPn
WS_BRANTAS,KawasanHutan,cpg,KawasanHutan_WS_BRANTAS.cpg,1hYBK0l_KJ3TrrPSyn6mzSLIwVE3R_53F
WS_BRANTAS,JenisTanah,dbf,JenisTanah_WS_BRANTAS.dbf,1hox2PpjZcZw3m99ekGRdWfqpC-PSv_lG
WS_BRANTAS,JenisTanah,shp,JenisTanah_WS_BRANTAS.shp,1AyUE1J7echgrLjzHdZ2HH3RRUcp2Adhn
WS_BRANTAS,JenisTanah,cpg,JenisTanah_WS_BRANTAS.cpg,19PD0Ll5h9apxdOSM-46t1xk0KWIIPHJj
WS_BRANTAS,JenisTanah,shx,JenisTanah_WS_BRANTAS.shx,1VZkeuhZUHqbhS7vc2xW9EVqBeobP9MID
WS_BRANTAS,JenisTanah,prj,JenisTanah_WS_BRANTAS.prj,1_HVV7AWFDPpk_0FGC2TBP6srWqCk5RD-
WS_BRANTAS,Erosi,prj,Erosi_WS_BRANTAS.prj,1IT9d6HRbkiVRAyAR8SC85sWgZhml06kk
WS_BRANTAS,Erosi,shx,Erosi_WS_BRANTAS.shx,1W5QbgRCTlhbQabgXUt_3F8STQyFsLW4_
WS_BRANTAS,Erosi,shp,Erosi_WS_BRANTAS.shp,1pMfVZ1U3JxAdPT02lIDj4NuvXj_irR24
WS_BRANTAS,Erosi,dbf,Erosi_WS_BRANTAS.dbf,1tmACd-usT1n0bOKi4M6oyt8-nMCRHoHN
WS_BRANTAS,Erosi,cpg,Erosi_WS_BRANTAS.cpg,1ddvFFwVuBYcExu35Im-a_YeBPnWOR4Dn
WS_BOLON,RURHLDAS,shx,RURHLDAS_WS_BOLON.shx,1z27VU-zkO7Ngo-bdxeAmeM-NU4dHhOGX
WS_BOLON,RURHLDAS,dbf,RURHLDAS_WS_BOLON.dbf,11-w6zEV2Ftuce1e60TWYCGRI1CJpQWus
WS_BOLON,RURHLDAS,prj,RURHLDAS_WS_BOLON.prj,1P8gJPX1htOcr5Mqbf-yC93bgAE_9vq_p
WS_BOLON,RURHLDAS,cpg,RURHLDAS_WS_BOLON.cpg,1wWVpSR6K4bRrYwiPJVL_bicwNSIS9ZrW
WS_BOLON,RURHLDAS,shp,RURHLDAS_WS_BOLON.shp,1bfr2cMe89XXgatpjhjJErF1zw8NL9Hka
WS_BOLON,TutupanLahan,dbf,TutupanLahan_WS_BOLON.dbf,1UN0WsPAq3nebfPNt6jsyRE5TFPq8U6ew
WS_BOLON,TutupanLahan,shp,TutupanLahan_WS_BOLON.shp,1InH-X5nvcF-Hfw5CettCwoDRtjS8Z1MW
WS_BOLON,TutupanLahan,prj,TutupanLahan_WS_BOLON.prj,1-_i_voMnDSd-sdx-AOujnqP6YRj-qLhY
WS_BOLON,TutupanLahan,shx,TutupanLahan_WS_BOLON.shx,14eKijALpEWsUmYp4wtydSg8uxAasOB42
WS_BOLON,TutupanLahan,cpg,TutupanLahan_WS_BOLON.cpg,1Q8h4QA5iQ9mUEAaclDXJ5FbM3U-mNoLL
WS_BOLON,KawasanHutan,cpg,KawasanHutan_WS_BOLON.cpg,1VHIlE6KHKyJhF6h2Q7S2wdzxLawgrw6h
WS_BOLON,KawasanHutan,prj,KawasanHutan_WS_BOLON.prj,1VsrLaESO90VUpihFGGA79CguY5CUBswU
WS_BOLON,KawasanHutan,shx,KawasanHutan_WS_BOLON.shx,1Y6USoezA9nSXwUm8HTWljdw_QDBNRgFJ
WS_BOLON,KawasanHutan,dbf,KawasanHutan_WS_BOLON.dbf,1bSMickivL41mcZdWUsnfKuxDsjJenOcE
WS_BOLON,KawasanHutan,shp,KawasanHutan_WS_BOLON.shp,1hr9_Gt3l1zgcOIrYh_SeofufvYx2nZga
WS_BOLON,JenisTanah,dbf,JenisTanah_WS_BOLON.dbf,1_i3quz3ZhS7QtXbyhWhYsEIXxW2GHd-n
WS_BOLON,JenisTanah,prj,JenisTanah_WS_BOLON.prj,1ObbPMmaT2cGwfVNWep-2R8wDzcwmTI39
WS_BOLON,JenisTanah,shp,JenisTanah_WS_BOLON.shp,1O_H8RTMwbMwnv3cj3nxxz-S82FgD7Ooy
WS_BOLON,JenisTanah,shx,JenisTanah_WS_BOLON.shx,1X3_qWGjf7kmrrX_K6u_Tte89XfreufT_
WS_BOLON,JenisTanah,cpg,JenisTanah_WS_BOLON.cpg,1r_gqT2RqBpa2EJLUerdD25p2qM0VUY4D
WS_BOLON,Erosi,prj,Erosi_WS_BOLON.prj,11wDN-HTckC23GD7DVa02-2gr_vwSQIV4
WS_BOLON,Erosi,shx,Erosi_WS_BOLON.shx,1gpbGsF-q6o5lP98s9aVvdJk_521fQuiU
WS_BOLON,Erosi,shp,Erosi_WS_BOLON.shp,1XWXQUPp3_DvJKYqihKnXpDg_ooKuLJgL
WS_BOLON,Erosi,cpg,Erosi_WS_BOLON.cpg,1x53mj77kgRRGFcN6cs-egMqcO9HG0rpr
WS_BOLON,Erosi,dbf,Erosi_WS_BOLON.dbf,1IcsPB5XTp1EpHZwTN_BqWpNrO2Edhuz2
WS_BUTON,RURHLDAS,prj,RURHLDAS_WS_BUTON.prj,1Nkz3IeSe9UmlrLn9DH_60Mqpjo9OXNYa
WS_BUTON,RURHLDAS,dbf,RURHLDAS_WS_BUTON.dbf,15s2A_LacS0G0XA4YdpxB4cvfj1xpIAi9
WS_BUTON,RURHLDAS,cpg,RURHLDAS_WS_BUTON.cpg,1Er0K2KEV-IT3kFANMftzZyQBCpesfTGm
WS_BUTON,RURHLDAS,shx,RURHLDAS_WS_BUTON.shx,1f7nSTFz1YeX6cdsHxlQxMMLrXV-s7jr4
WS_BUTON,RURHLDAS,shp,RURHLDAS_WS_BUTON.shp,169uA-8Q6y_1yFC48dDrUN6cr9a49GnLT
WS_BUTON,TutupanLahan,shp,TutupanLahan_WS_BUTON.shp,17T2dRdqF0QxoHUEwuvOuScbgRvqDp3Ed
WS_BUTON,TutupanLahan,cpg,TutupanLahan_WS_BUTON.cpg,1mzSsvBfZhTSBxkjq7Vw0mNv7T3nmQWnc
WS_BUTON,TutupanLahan,prj,TutupanLahan_WS_BUTON.prj,1QGJ8u4wor46t0NoU88DKjpAS7U2bvdZz
WS_BUTON,TutupanLahan,shx,TutupanLahan_WS_BUTON.shx,1geu6FeyAwR9Yj3dXJU-ljmumi5jBzT6i
WS_BUTON,TutupanLahan,dbf,TutupanLahan_WS_BUTON.dbf,1XrZW4trIlvVc3p8eJyMb5pPFdfiSFtEg
WS_BUTON,KawasanHutan,shx,KawasanHutan_WS_BUTON.shx,1YW7W_RTGE4Efs4MJy2rol4ILw33jzWyH
WS_BUTON,KawasanHutan,prj,KawasanHutan_WS_BUTON.prj,193LJx_f05qywbQm0pD9HFFNnmgiVA3jF
WS_BUTON,KawasanHutan,cpg,KawasanHutan_WS_BUTON.cpg,1dQV8_4pn8c38j8WBIdamY5KLsHYLJw7U
WS_BUTON,KawasanHutan,shp,KawasanHutan_WS_BUTON.shp,1tXwyt_Vp9Ki5o_XLFhZJdOOALCr0GMPC
WS_BUTON,KawasanHutan,dbf,KawasanHutan_WS_BUTON.dbf,1KOo1ug_FcpdlQiRAb0QnZKPxy4nbWVPf
WS_BUTON,JenisTanah,cpg,JenisTanah_WS_BUTON.cpg,1aXY6mKcQiMJMCNiTUohdQiQ60suY48yF
WS_BUTON,JenisTanah,shx,JenisTanah_WS_BUTON.shx,1M8S0fSWgXzGcwKyxUl2qEM_YMELpXIjC
WS_BUTON,JenisTanah,dbf,JenisTanah_WS_BUTON.dbf,1lNC9O-CxHjG8zcL1DmvCKJgInP5OCccg
WS_BUTON,JenisTanah,prj,JenisTanah_WS_BUTON.prj,1J1nTd_CfH_NKh9j6MfJ9NvnwNFKNgaWK
WS_BUTON,JenisTanah,shp,JenisTanah_WS_BUTON.shp,1z4jOuB43fzSBSgb8OXBSxnEA60UCQ4iF
WS_BUTON,Erosi,prj,Erosi_WS_BUTON.prj,1k0WTc4MZMfzyRxhDxkXSHLX5QOLudnFE
WS_BUTON,Erosi,shp,Erosi_WS_BUTON.shp,1yaJ7NvnuKGBUyDYkzXBuwSFrbdU74dr2
WS_BUTON,Erosi,shx,Erosi_WS_BUTON.shx,1-VPg1EUFRNL2boGbAiM57oxK4BOT06PR
WS_BUTON,Erosi,cpg,Erosi_WS_BUTON.cpg,1IP89PmzXxtNUcLSj8gajJjwTWVlZzmzv
WS_BUTON,Erosi,dbf,Erosi_WS_BUTON.dbf,1btnE57rl_VliEycVt48E1jCMkqnfSwk6
WS_BUKIT_BATU,RURHLDAS,cpg,RURHLDAS_WS_BUKIT_BATU.cpg,1RgGceChYBu1v0IlmkC1v7A1w94xRwvvZ
WS_BUKIT_BATU,RURHLDAS,shp,RURHLDAS_WS_BUKIT_BATU.shp,1fuvrGwqaXiMCsYTXg23LHWXDkbxbtEY3
WS_BUKIT_BATU,RURHLDAS,prj,RURHLDAS_WS_BUKIT_BATU.prj,1C5enOS6qgjIMi1uQ17dq_QM_eS_LgB2n
WS_BUKIT_BATU,RURHLDAS,shx,RURHLDAS_WS_BUKIT_BATU.shx,1L5ZxQlHQVod3pYR4hn9I1lPlLmYv6ZX5
WS_BUKIT_BATU,RURHLDAS,dbf,RURHLDAS_WS_BUKIT_BATU.dbf,171aKZQjO3iNkmZQ3QOrTR81sWISlp8R6
WS_BUKIT_BATU,TutupanLahan,prj,TutupanLahan_WS_BUKIT_BATU.prj,1yZn8yYRhxcrTa-IWrNlsMaE1umbo9Pdq
WS_BUKIT_BATU,TutupanLahan,cpg,TutupanLahan_WS_BUKIT_BATU.cpg,1N3Q_nsMMAMbG_9X-bfzVGcCYmQGNic8v
WS_BUKIT_BATU,TutupanLahan,shp,TutupanLahan_WS_BUKIT_BATU.shp,1EpncnnZmhYplJzkcnwF7eE0ihW6HfQuV
WS_BUKIT_BATU,TutupanLahan,shx,TutupanLahan_WS_BUKIT_BATU.shx,1KfrKZahMy9CaenU1Yw6CVpa2WopgRkLj
WS_BUKIT_BATU,TutupanLahan,dbf,TutupanLahan_WS_BUKIT_BATU.dbf,1x7ms9vD7JV1hyy_8KJKYt9fcPzYUd3Ph
WS_BUKIT_BATU,KawasanHutan,shp,KawasanHutan_WS_BUKIT_BATU.shp,1H2ZTj-MZ_FzYgYgk0qoiVMRWy8NYzYsq
WS_BUKIT_BATU,KawasanHutan,prj,KawasanHutan_WS_BUKIT_BATU.prj,1GUzrTrg1Sz5sVhe06QNEqfO3I5ZMWUg4
WS_BUKIT_BATU,KawasanHutan,dbf,KawasanHutan_WS_BUKIT_BATU.dbf,1eMfDc5rkjlAr4hovmTS6t5nGyGBrJJwN
WS_BUKIT_BATU,KawasanHutan,shx,KawasanHutan_WS_BUKIT_BATU.shx,1NE6ZRWHFFcJgcHTlpzxLJ4iTgELvB3MR
WS_BUKIT_BATU,KawasanHutan,cpg,KawasanHutan_WS_BUKIT_BATU.cpg,1cB1nocEI56ezqyqk3zEDhx7UB1j0zw6u
WS_BUKIT_BATU,JenisTanah,dbf,JenisTanah_WS_BUKIT_BATU.dbf,1CGbZ9t_pyrhb8b6T8Qx_JJJYJx1gcV12
WS_BUKIT_BATU,JenisTanah,shp,JenisTanah_WS_BUKIT_BATU.shp,14xJ95EO3mK4xHQUq42QDC7KQswO0Hy6J
WS_BUKIT_BATU,JenisTanah,shx,JenisTanah_WS_BUKIT_BATU.shx,1iGi_bOZDhPjJ9QmZilL7DbcUMkFKBGlc
WS_BUKIT_BATU,JenisTanah,prj,JenisTanah_WS_BUKIT_BATU.prj,1vEMVqanXLl3ZTPFtQxQ08dpJlC-gUaoI
WS_BUKIT_BATU,JenisTanah,cpg,JenisTanah_WS_BUKIT_BATU.cpg,1xb79DCmDg_ALLjTxoDyaiXjHoNjmGQUF
WS_BUKIT_BATU,Erosi,shx,Erosi_WS_BUKIT_BATU.shx,1xXBnbJWZao5J4nsForPg1Z5N_WhPxkif
WS_BUKIT_BATU,Erosi,dbf,Erosi_WS_BUKIT_BATU.dbf,1FfgP9DJpr1qkq9GPxoSayOHKCOBySsle
WS_BUKIT_BATU,Erosi,shp,Erosi_WS_BUKIT_BATU.shp,1J6fGLxACQL5Zc7USxyi8MdeKL7nXLIoS
WS_BUKIT_BATU,Erosi,cpg,Erosi_WS_BUKIT_BATU.cpg,1tTY68DUHr3OfPnYVZYF1X7ZkJILmhwzh
WS_BUKIT_BATU,Erosi,prj,Erosi_WS_BUKIT_BATU.prj,1alIe22dNSwP1ghpHJvGNUpjqujHqjfX-
WS_BONDOYUDO_BARU,RURHLDAS,cpg,RURHLDAS_WS_BONDOYUDO_BARU.cpg,1nEIJHYF3G6G-mxvalE27dC_UbWF-a7dn
WS_BONDOYUDO_BARU,RURHLDAS,dbf,RURHLDAS_WS_BONDOYUDO_BARU.dbf,19NKJm1xULhzqn5w-Olq9ebUKe8ii9G07
WS_BONDOYUDO_BARU,RURHLDAS,shx,RURHLDAS_WS_BONDOYUDO_BARU.shx,1S1BISHSYm0XXo5EEtzQyEsultBAUVrPU
WS_BONDOYUDO_BARU,RURHLDAS,prj,RURHLDAS_WS_BONDOYUDO_BARU.prj,1KKr8Ctkt4qI1ZMjYsa3W2PoiY0PX0wk4
WS_BONDOYUDO_BARU,RURHLDAS,shp,RURHLDAS_WS_BONDOYUDO_BARU.shp,1lJgyWRCYEjuWsECAUYELkHs5WelCH1FL
WS_BONDOYUDO_BARU,TutupanLahan,shx,TutupanLahan_WS_BONDOYUDO_BARU.shx,15TUYgOkGUdl6eo6l-1kWdW3u1LEHist6
WS_BONDOYUDO_BARU,TutupanLahan,cpg,TutupanLahan_WS_BONDOYUDO_BARU.cpg,1TEjuY1-eA2gj5uDNPhuZaUbH0tRi-EAh
WS_BONDOYUDO_BARU,TutupanLahan,shp,TutupanLahan_WS_BONDOYUDO_BARU.shp,1DwBV5DY9sqo_aH1S1cdciUCknAg-oLDh
WS_BONDOYUDO_BARU,TutupanLahan,prj,TutupanLahan_WS_BONDOYUDO_BARU.prj,1mZEQMiktHEpiBJEOqaANvjx3gVY2BQ3I
WS_BONDOYUDO_BARU,TutupanLahan,dbf,TutupanLahan_WS_BONDOYUDO_BARU.dbf,1N8zyINLEuAO5DPzZmkD490_gbwLno0I0
WS_BONDOYUDO_BARU,KawasanHutan,shx,KawasanHutan_WS_BONDOYUDO_BARU.shx,1lAc5-qhziuiMQXihmtjTWBtHTuPIxCUw
WS_BONDOYUDO_BARU,KawasanHutan,prj,KawasanHutan_WS_BONDOYUDO_BARU.prj,1a6HcVAxH4xLCNz7C8V7zYyD1HE8ftP7Z
WS_BONDOYUDO_BARU,KawasanHutan,cpg,KawasanHutan_WS_BONDOYUDO_BARU.cpg,1grvn8WPW7hBnmc2ROmOzw_1FOFENJja7
WS_BONDOYUDO_BARU,KawasanHutan,shp,KawasanHutan_WS_BONDOYUDO_BARU.shp,1Ok-RU6lO6ec9dVsqt74ha5R505HptFxN
WS_BONDOYUDO_BARU,KawasanHutan,dbf,KawasanHutan_WS_BONDOYUDO_BARU.dbf,1bozz_4yBUBx7Vi4sE-kt_AWOV5IOnF7Z
WS_BONDOYUDO_BARU,JenisTanah,prj,JenisTanah_WS_BONDOYUDO_BARU.prj,1E1YnWcSU7XKC6iSzhSSnLvw5Kci3AWc8
WS_BONDOYUDO_BARU,JenisTanah,shx,JenisTanah_WS_BONDOYUDO_BARU.shx,19BOo-IKtJo4ww3OsyTp6cgq6aR-GnSaM
WS_BONDOYUDO_BARU,JenisTanah,dbf,JenisTanah_WS_BONDOYUDO_BARU.dbf,1Ja7qAB5o19jRUFuZ9x4uAop5WzmFQ3S-
WS_BONDOYUDO_BARU,JenisTanah,shp,JenisTanah_WS_BONDOYUDO_BARU.shp,1fl2Xq2Kc_OAINmNgy0z3iTUjdQV4cHcH
WS_BONDOYUDO_BARU,JenisTanah,cpg,JenisTanah_WS_BONDOYUDO_BARU.cpg,1zvYSR7EzYX4VL241e0Zspfn6ICaN9E0L
WS_BONDOYUDO_BARU,Erosi,shx,Erosi_WS_BONDOYUDO_BARU.shx,1p4Fze2QQYUHkxayCGyzd6S9z6bJ-XJNp
WS_BONDOYUDO_BARU,Erosi,dbf,Erosi_WS_BONDOYUDO_BARU.dbf,1mCYe9g_xnlr7s0Cga_FPm3FNDN7TYuSC
WS_BONDOYUDO_BARU,Erosi,shp,Erosi_WS_BONDOYUDO_BARU.shp,1Yq2RmMk4JJf4q51jeUtDbFgaSLY4Swcm
WS_BONDOYUDO_BARU,Erosi,prj,Erosi_WS_BONDOYUDO_BARU.prj,1uJlq-Y_MXHz6RnjF-F0-8dhSCsfuy8PF
WS_BONDOYUDO_BARU,Erosi,cpg,Erosi_WS_BONDOYUDO_BARU.cpg,1cUuaenI1F0TSuKFT2DX8DtG32Lt1SNCi
WS_BILA_WALANAE,RURHLDAS,shp,RURHLDAS_WS_BILA_WALANAE.shp,1beDjt3BFeECSXjCXlUPrdmQ7HJhITE-H
WS_BILA_WALANAE,RURHLDAS,dbf,RURHLDAS_WS_BILA_WALANAE.dbf,1gfP_8pi-i7K1Lgzvpcy6maovRH2JAB-z
WS_BILA_WALANAE,RURHLDAS,cpg,RURHLDAS_WS_BILA_WALANAE.cpg,1bT1cpZe4tPhMxzJlpqEytcWnqscgS1D-
WS_BILA_WALANAE,RURHLDAS,prj,RURHLDAS_WS_BILA_WALANAE.prj,1vS0kpdHIvLBHTRObagvETdJiOxb_3UuU
WS_BILA_WALANAE,RURHLDAS,shx,RURHLDAS_WS_BILA_WALANAE.shx,1SSESX5H0XjgeHerpWIyJRvSWyEC1u0bF
WS_BILA_WALANAE,TutupanLahan,shp,TutupanLahan_WS_BILA_WALANAE.shp,14VwmRgDNSVYfYm-bM98llwXD5FeixS9n
WS_BILA_WALANAE,TutupanLahan,prj,TutupanLahan_WS_BILA_WALANAE.prj,1iY4ry94p4h3ujU7bl9ReukCMECGtlN1u
WS_BILA_WALANAE,TutupanLahan,shx,TutupanLahan_WS_BILA_WALANAE.shx,1L7EzKxMyBEluv7XA_UaKY-yqhm6F4Qy7
WS_BILA_WALANAE,TutupanLahan,dbf,TutupanLahan_WS_BILA_WALANAE.dbf,1bTrJyiI5IGeS6HNv9obnkyctOz3ZFoVV
WS_BILA_WALANAE,TutupanLahan,cpg,TutupanLahan_WS_BILA_WALANAE.cpg,1DCrW6suZnk8FDwk50hw8eUiBFDq1NZVm
WS_BILA_WALANAE,KawasanHutan,shx,KawasanHutan_WS_BILA_WALANAE.shx,1HzD7ZIHpmpILkbpZLBkqlREpPSGL6DyU
WS_BILA_WALANAE,KawasanHutan,prj,KawasanHutan_WS_BILA_WALANAE.prj,1DoK28i6rfA46sn5lM-NpEmRzrnFTGOTp
WS_BILA_WALANAE,KawasanHutan,cpg,KawasanHutan_WS_BILA_WALANAE.cpg,1BwUT8SXrTuGqAcIr9GUWJJucLz41KlDo
WS_BILA_WALANAE,KawasanHutan,shp,KawasanHutan_WS_BILA_WALANAE.shp,16AQI8aRvL1k-s0xPZNHCwDiuBefFuZ5G
WS_BILA_WALANAE,KawasanHutan,dbf,KawasanHutan_WS_BILA_WALANAE.dbf,1K3p7J_J049UZKyUrm03g4CyTQonh7nSt
WS_BILA_WALANAE,JenisTanah,prj,JenisTanah_WS_BILA_WALANAE.prj,1vHRsQWc1cCgFazVcRYMdubJtaaSgwDSe
WS_BILA_WALANAE,JenisTanah,shp,JenisTanah_WS_BILA_WALANAE.shp,1sl6a_gjVzITbvtCqR1cIMGi_xsPXvINv
WS_BILA_WALANAE,JenisTanah,dbf,JenisTanah_WS_BILA_WALANAE.dbf,19VCxFPfjGMAHo9N35Ru50d-DyoyvV-gX
WS_BILA_WALANAE,JenisTanah,shx,JenisTanah_WS_BILA_WALANAE.shx,1MBweiw0cyDVAKwgmpd4nmNYlXOR4rnOQ
WS_BILA_WALANAE,JenisTanah,cpg,JenisTanah_WS_BILA_WALANAE.cpg,12Ii2qJ9Czq7_wNBgGKeUqhEKhTWBnywP
WS_BILA_WALANAE,Erosi,shp,Erosi_WS_BILA_WALANAE.shp,1pEJRE87L3P5B-a63ORG7WOY_SOxQpt5O
WS_BILA_WALANAE,Erosi,prj,Erosi_WS_BILA_WALANAE.prj,1NMxg6S0vBlzlmeirTA3XlDr2_KTawM7Z
WS_BILA_WALANAE,Erosi,shx,Erosi_WS_BILA_WALANAE.shx,1W4vZ0NhbgicB0A1X4n03rkHeAN4JaOio
WS_BILA_WALANAE,Erosi,dbf,Erosi_WS_BILA_WALANAE.dbf,1BKM5XEGpZJAnKJEqjOrO0tBiVWU6q6dp
WS_BILA_WALANAE,Erosi,cpg,Erosi_WS_BILA_WALANAE.cpg,17TfRiDxOqKmY_XYQdyIEWAk2WDufSteh
WS_BERAU,RURHLDAS,prj,RURHLDAS_WS_BERAU.prj,1YqaHZN6uEy5U9qTc-msKjvCNLvfGBcRz
WS_BERAU,RURHLDAS,dbf,RURHLDAS_WS_BERAU.dbf,1N8EibMC1bWCgYP1KJqN9oxaK5SpurJT8
WS_BERAU,RURHLDAS,shx,RURHLDAS_WS_BERAU.shx,1Tv1C5CXVdeCuml4uyHOF_Hw4RDx6xjNi
WS_BERAU,RURHLDAS,shp,RURHLDAS_WS_BERAU.shp,1e2qBj_P5fsL3aonlogSGp5lT1vSHHSLH
WS_BERAU,RURHLDAS,cpg,RURHLDAS_WS_BERAU.cpg,1Y_i2XQDDvQiv3WV6wmODtrRprKb3p7po
WS_BERAU,TutupanLahan,shp,TutupanLahan_WS_BERAU.shp,1IlRcMPrp_CORWsMh7ITfHetZWMkudXoo
WS_BERAU,TutupanLahan,dbf,TutupanLahan_WS_BERAU.dbf,1KsMDV6ViXJJv1cP4j1ceJSLY7ya0TNRg
WS_BERAU,TutupanLahan,shx,TutupanLahan_WS_BERAU.shx,1brbSe5xEjubU2pjPOS_aYHELpb24T6QK
WS_BERAU,TutupanLahan,cpg,TutupanLahan_WS_BERAU.cpg,1yjMY094ys3R7ADtBA5G3C7FO5py2WKYM
WS_BERAU,TutupanLahan,prj,TutupanLahan_WS_BERAU.prj,19MtV31ttsoCOohBLrOLwh7r97FoYh0RS
WS_BERAU,KawasanHutan,cpg,KawasanHutan_WS_BERAU.cpg,1EF0-795Hqb8s749YTF4sJmSvh9h2sg_l
WS_BERAU,KawasanHutan,shx,KawasanHutan_WS_BERAU.shx,1TSea2f86hlF3aMCXK-9kRe-XThCtgbUO
WS_BERAU,KawasanHutan,prj,KawasanHutan_WS_BERAU.prj,16tYSa333kee4dMsnY-wEsSdrN9VItko8
WS_BERAU,KawasanHutan,shp,KawasanHutan_WS_BERAU.shp,1Fka4IMMAZkuFQptSq7qDl5X7zKpwAOT0
WS_BERAU,KawasanHutan,dbf,KawasanHutan_WS_BERAU.dbf,1iwDJn9b0EMcnnoyR77mMWIIddLBkh8Gz
WS_BERAU,JenisTanah,cpg,JenisTanah_WS_BERAU.cpg,1V2vrzd0gmJSgKOJgyDDL1-MFY9CV8ria
WS_BERAU,JenisTanah,dbf,JenisTanah_WS_BERAU.dbf,1ns09fuV8UKWWGk8oPdCNsszWHfiJAOLW
WS_BERAU,JenisTanah,prj,JenisTanah_WS_BERAU.prj,15_3MarCVLbal0EdTMBEa4f82czEYXrsg
WS_BERAU,JenisTanah,shp,JenisTanah_WS_BERAU.shp,18EEF-_X3Z6oa8iqjRreL7231rvuQ48TY
WS_BERAU,JenisTanah,shx,JenisTanah_WS_BERAU.shx,1NcKNhAnSeXpDuf5zp8xxzRSclXjEk7yg
WS_BERAU,Erosi,cpg,Erosi_WS_BERAU.cpg,1U8yBZ-0OYABb74BS4TIhyvG_cbLiHLPk
WS_BERAU,Erosi,prj,Erosi_WS_BERAU.prj,1GCWRrcVfc9-vTSWdF5RYxLtDeyH0SBkT
WS_BERAU,Erosi,shx,Erosi_WS_BERAU.shx,1hY1ZfjAlZ5XO-DPYBUjyYN7q_YqjPHAB
WS_BERAU,Erosi,dbf,Erosi_WS_BERAU.dbf,17w1NQeVrmOl56zH5OREcTaUxNuTpG4OB
WS_BERAU,Erosi,shp,Erosi_WS_BERAU.shp,1ZL859k5bGi97Pvk_peewSNc0V_YUhtGZ
WS_BURU,RURHLDAS,cpg,RURHLDAS_WS_BURU.cpg,1uo4VhoK0lxCd16oktvdZq32wSFB_htqp
WS_BURU,RURHLDAS,dbf,RURHLDAS_WS_BURU.dbf,1-0IReU0Ft88p8Ggwkfb7XwrOO8JnRhIq
WS_BURU,RURHLDAS,shx,RURHLDAS_WS_BURU.shx,1Dr5F3C2NF9hqOIPAkByZgUW179-mklXv
WS_BURU,RURHLDAS,prj,RURHLDAS_WS_BURU.prj,1wMBQn-ut-x3-Y-pQ0eg8iNPWQv12yWr9
WS_BURU,RURHLDAS,shp,RURHLDAS_WS_BURU.shp,1_Ou5kdEiF-SHahtfN-3yQNuKX-tZYnvY
WS_BURU,TutupanLahan,prj,TutupanLahan_WS_BURU.prj,1aGsIWvp2V_i5IVLahOBlKugoRHv-Gn83
WS_BURU,TutupanLahan,shx,TutupanLahan_WS_BURU.shx,1_ytWAJgiClFhfYvyRSgi0YkPZRnZftQb
WS_BURU,TutupanLahan,shp,TutupanLahan_WS_BURU.shp,19coC1rzEoR9ULlTqs5lN2Ke4_GacoZWs
WS_BURU,TutupanLahan,dbf,TutupanLahan_WS_BURU.dbf,1t65-6zZ7leg3Z2ZsSQbS0oPztP9ujdBL
WS_BURU,TutupanLahan,cpg,TutupanLahan_WS_BURU.cpg,1XhrtV6Cqum68wJnZm3kLYJU8ojH6xYCI
WS_BURU,KawasanHutan,shx,KawasanHutan_WS_BURU.shx,1f7QhbqAraIqN3jDyJs3YdwigZrbN7set
WS_BURU,KawasanHutan,prj,KawasanHutan_WS_BURU.prj,1jU0KcoCKVbPBE7oRQkFQ0ScRnB76sM0s
WS_BURU,KawasanHutan,shp,KawasanHutan_WS_BURU.shp,1mqB1HyL7PtejRX-8mOoRbmWwG6Q7lyyT
WS_BURU,KawasanHutan,cpg,KawasanHutan_WS_BURU.cpg,1Q-C6ZlSKnpYpvZpcfmAQlfs18gwd-_K5
WS_BURU,KawasanHutan,dbf,KawasanHutan_WS_BURU.dbf,1oIcDnauuO0fLaxRx-rImiWtsQ5XoG_N-
WS_BURU,JenisTanah,shp,JenisTanah_WS_BURU.shp,1CZvSaw-3OkabNAsWagyrlJrEjlKIRBxA
WS_BURU,JenisTanah,prj,JenisTanah_WS_BURU.prj,19YSbtIR00dwQpUIIzm3bd36ywgxpigwS
WS_BURU,JenisTanah,dbf,JenisTanah_WS_BURU.dbf,1mDo7ShR-qS-RNUGFPxllbKpJ3LeYvahE
WS_BURU,JenisTanah,shx,JenisTanah_WS_BURU.shx,1PnfmGI-7XDFNy2dT9YuErIewy4S5se7F
WS_BURU,JenisTanah,cpg,JenisTanah_WS_BURU.cpg,1XWDp39yiD4FZLejth_Ty9GUNJOO9g8F-
WS_BURU,Erosi,dbf,Erosi_WS_BURU.dbf,1O9brGPzmatOU6iMzl0gM2OOFx6_lKri6
WS_BURU,Erosi,shp,Erosi_WS_BURU.shp,1ljmzk110kRV2DRSzkuPyUlCX-byyDIpD
WS_BURU,Erosi,shx,Erosi_WS_BURU.shx,1rsVGxRXVaXszJqcpF5Fwf7-pV4u6Ol3z
WS_BURU,Erosi,cpg,Erosi_WS_BURU.cpg,13sFsP-YMYvcVj7pSQ-zWhPd39-wAbKTH
WS_BURU,Erosi,prj,Erosi_WS_BURU.prj,1EiHovUdPRdN_RHMExkuzpDxjOObpSIlK
WS_BONGKA_MANTAWA,RURHLDAS,dbf,RURHLDAS_WS_BONGKA_MANTAWA.dbf,1yQ-1nKbYKM99upxUFAvhSwF6z6XApAKy
WS_BONGKA_MANTAWA,RURHLDAS,shp,RURHLDAS_WS_BONGKA_MANTAWA.shp,1cpQ73ZpJEXEiW_A7LYCzqQMH6ZkTHYdv
WS_BONGKA_MANTAWA,RURHLDAS,shx,RURHLDAS_WS_BONGKA_MANTAWA.shx,1qxzZMwBpUy0KAg9BPVbPzU-_zeEkA1ny
WS_BONGKA_MANTAWA,RURHLDAS,cpg,RURHLDAS_WS_BONGKA_MANTAWA.cpg,1_fe08vldaHu7FwQ5LiCRixaMtJ8yJytj
WS_BONGKA_MANTAWA,RURHLDAS,prj,RURHLDAS_WS_BONGKA_MANTAWA.prj,1v-1mTAzDbn0rbKPYS4NKwAaF5PzPvnN8
WS_BONGKA_MANTAWA,TutupanLahan,shp,TutupanLahan_WS_BONGKA_MANTAWA.shp,1J79k60jDkoZnWx6FjTR5qCyLJsSXhFhc
WS_BONGKA_MANTAWA,TutupanLahan,shx,TutupanLahan_WS_BONGKA_MANTAWA.shx,1gNxttRlozhEuRpQrnF_x4atdxp_PPBZr
WS_BONGKA_MANTAWA,TutupanLahan,dbf,TutupanLahan_WS_BONGKA_MANTAWA.dbf,1ccmUU0TYU8pO3xHDFUCjw6CHamYl29vN
WS_BONGKA_MANTAWA,TutupanLahan,prj,TutupanLahan_WS_BONGKA_MANTAWA.prj,17eMj2JBDGPStR5lb9LMUYj_mU-oI3ace
WS_BONGKA_MANTAWA,TutupanLahan,cpg,TutupanLahan_WS_BONGKA_MANTAWA.cpg,13sUBquBV_YnhgFcpYbEz3yVXL6RsPqe4
WS_BONGKA_MANTAWA,KawasanHutan,prj,KawasanHutan_WS_BONGKA_MANTAWA.prj,1K-hxa78gJ0pxwDy9A23xad_Eah2QdGqb
WS_BONGKA_MANTAWA,KawasanHutan,dbf,KawasanHutan_WS_BONGKA_MANTAWA.dbf,1sd3va6xVkzbAbg8SsGwevHHQyFxA2MOf
WS_BONGKA_MANTAWA,KawasanHutan,cpg,KawasanHutan_WS_BONGKA_MANTAWA.cpg,1c_1HEXaxXIq6mNcAf-cM_vaKND-oOPmm
WS_BONGKA_MANTAWA,KawasanHutan,shp,KawasanHutan_WS_BONGKA_MANTAWA.shp,1T5yHU-Bsy85a2sW71rR0HfI6i4veqEbB
WS_BONGKA_MANTAWA,KawasanHutan,shx,KawasanHutan_WS_BONGKA_MANTAWA.shx,1N6XaL_Qhpuf9C0FzqpyHmGdsKbR_IamG
WS_BONGKA_MANTAWA,JenisTanah,cpg,JenisTanah_WS_BONGKA_MANTAWA.cpg,1vzLvZqvBbuHAFT1uTk_6u8-VHSDXX9C5
WS_BONGKA_MANTAWA,JenisTanah,shx,JenisTanah_WS_BONGKA_MANTAWA.shx,1vH6OVE5_Fe36rOCy3AhTwFx0mzC0V4_w
WS_BONGKA_MANTAWA,JenisTanah,prj,JenisTanah_WS_BONGKA_MANTAWA.prj,1vtsEw49cf2w1k4AAe8mMhJDsKsvQWAu5
WS_BONGKA_MANTAWA,JenisTanah,shp,JenisTanah_WS_BONGKA_MANTAWA.shp,12v01YCmONDyGjvprTedd5zMJW4O3Yz0C
WS_BONGKA_MANTAWA,JenisTanah,dbf,JenisTanah_WS_BONGKA_MANTAWA.dbf,11Czo7kNNewGc3wRjsiTRtokpccnWRvok
WS_BONGKA_MANTAWA,Erosi,cpg,Erosi_WS_BONGKA_MANTAWA.cpg,1ca0tyAOmKPq9kf3Vm9p_eabWNxjOmNur
WS_BONGKA_MANTAWA,Erosi,shx,Erosi_WS_BONGKA_MANTAWA.shx,19VhH2uUI_992JxZiLppodKbabtk82cTU
WS_BONGKA_MANTAWA,Erosi,prj,Erosi_WS_BONGKA_MANTAWA.prj,10zQT1HZAvOt1AMzV55Kqt74_LNvTizR_
WS_BONGKA_MANTAWA,Erosi,dbf,Erosi_WS_BONGKA_MANTAWA.dbf,1yR6RSWQNbWELnSc431lQQW6HTPvLEjit
WS_BONGKA_MANTAWA,Erosi,shp,Erosi_WS_BONGKA_MANTAWA.shp,15hPsxATHVAOKQu9MQMnvyeSLI5Oz_Qsl
WS_BODRI_KUTO,RURHLDAS,dbf,RURHLDAS_WS_BODRI_KUTO.dbf,1XRtcawnmVfa1P2CIzAm1zDJOIEA0_gWw
WS_BODRI_KUTO,RURHLDAS,shx,RURHLDAS_WS_BODRI_KUTO.shx,1-P3svbzAFLMuqacQHovVnfd6yw9kqbb1
WS_BODRI_KUTO,RURHLDAS,shp,RURHLDAS_WS_BODRI_KUTO.shp,1Ok7cTwuWqP0y8RSf1Jr-Wm4Rx7lrUNUY
WS_BODRI_KUTO,RURHLDAS,cpg,RURHLDAS_WS_BODRI_KUTO.cpg,17eZsczFHXgOAdFlm3bbwm87HDjbDHRkN
WS_BODRI_KUTO,RURHLDAS,prj,RURHLDAS_WS_BODRI_KUTO.prj,1PXjnryw9qH3lchecHvQ0nh7k_NEREGBp
WS_BODRI_KUTO,TutupanLahan,shp,TutupanLahan_WS_BODRI_KUTO.shp,1hBa1m60b8aWvwwu4MNx_T4R2XvPRz2q9
WS_BODRI_KUTO,TutupanLahan,shx,TutupanLahan_WS_BODRI_KUTO.shx,1zGUMtSsIEv05ly15GuMtyD6rSXBCtMIU
WS_BODRI_KUTO,TutupanLahan,dbf,TutupanLahan_WS_BODRI_KUTO.dbf,1g8HDtzIbDhC8i4XFjbg_-6Hf5Qck_TI9
WS_BODRI_KUTO,TutupanLahan,prj,TutupanLahan_WS_BODRI_KUTO.prj,1DNlJlA-vIs0cGFdVsSBz3YdeDaTmvfaQ
WS_BODRI_KUTO,TutupanLahan,cpg,TutupanLahan_WS_BODRI_KUTO.cpg,1P_v1-X7byN3fjyxBzHtFUCJVu9LB42c8
WS_BODRI_KUTO,KawasanHutan,prj,KawasanHutan_WS_BODRI_KUTO.prj,1PR_Zo5BPhFexIGudxMXuctjESxsLkbss
WS_BODRI_KUTO,KawasanHutan,shp,KawasanHutan_WS_BODRI_KUTO.shp,1W_pfvq0z6mDHNqSc6dLxWKu4u8pFV4xd
WS_BODRI_KUTO,KawasanHutan,dbf,KawasanHutan_WS_BODRI_KUTO.dbf,181ClE9w-mz2QPbigvWcYk-KI-c506VeP
WS_BODRI_KUTO,KawasanHutan,cpg,KawasanHutan_WS_BODRI_KUTO.cpg,1IMiKi23kSeryT7qiED0MoQEeMui4_rn-
WS_BODRI_KUTO,KawasanHutan,shx,KawasanHutan_WS_BODRI_KUTO.shx,1HrBEgA-DfEJ_lMkCROFWGsOfGzIbhrBW
WS_BODRI_KUTO,JenisTanah,shp,JenisTanah_WS_BODRI_KUTO.shp,1h3UTRRchA-ShPAf9SPpkmW8ik0cOx_Wc
WS_BODRI_KUTO,JenisTanah,shx,JenisTanah_WS_BODRI_KUTO.shx,1IFl5edG73tuA8ra0twjxcTcm8z1E4W3s
WS_BODRI_KUTO,JenisTanah,dbf,JenisTanah_WS_BODRI_KUTO.dbf,1ydKP_FzyrwZMaKooQ892074Jcgatc36a
WS_BODRI_KUTO,JenisTanah,cpg,JenisTanah_WS_BODRI_KUTO.cpg,19AIqCvm7UrrAawnLTZ6IYw09MHk9VSX_
WS_BODRI_KUTO,JenisTanah,prj,JenisTanah_WS_BODRI_KUTO.prj,14RMP_G61LZx2vU_skP6vx1yPQuYwKQq4
WS_BODRI_KUTO,Erosi,cpg,Erosi_WS_BODRI_KUTO.cpg,1or5_oes7NV1Kyr-j31KUqU-H8Ddw92LW
WS_BODRI_KUTO,Erosi,dbf,Erosi_WS_BODRI_KUTO.dbf,1wMKAJlXXEtD-DFItVdSMh9kejh52tNU0
WS_BODRI_KUTO,Erosi,shx,Erosi_WS_BODRI_KUTO.shx,1wLUivzuJOsEfBA7q6OkrgVtjA9d7uOLv
WS_BODRI_KUTO,Erosi,prj,Erosi_WS_BODRI_KUTO.prj,1KGQInBK_-5aD10y_bomtADojkIjmwDdq
WS_BODRI_KUTO,Erosi,shp,Erosi_WS_BODRI_KUTO.shp,1MRQGJzaSLrR4aU7e5ml4GII2Zll3tbpx
